istat_code,name,region_code,region,province_code,province,province_abbr,macro_area_code,macro_area,cadastral_code,nuts1,nuts2,nuts3,istat_code_old,area_km2,latitude,longitude,population_2026,density_km2
069001,Altino,13,Abruzzo,069,Chieti,CH,4,Sud,A235,ITF,ITF1,ITF14,069001,15.223,42.108263,14.345238,3010,197.73
069002,Archi,13,Abruzzo,069,Chieti,CH,4,Sud,A367,ITF,ITF1,ITF14,069002,28.396,42.082242,14.383385,1929,67.93
069003,Ari,13,Abruzzo,069,Chieti,CH,4,Sud,A398,ITF,ITF1,ITF14,069003,11.653,42.28855,14.254972,1071,91.91
069004,Arielli,13,Abruzzo,069,Chieti,CH,4,Sud,A402,ITF,ITF1,ITF14,069004,11.674,42.257263,14.301038,1042,89.26
069005,Atessa,13,Abruzzo,069,Chieti,CH,4,Sud,A485,ITF,ITF1,ITF14,069005,109.668,42.090377,14.476742,10208,93.08
069006,Bomba,13,Abruzzo,069,Chieti,CH,4,Sud,A956,ITF,ITF1,ITF14,069006,17.292,42.035526,14.367567,686,39.67
069007,Borrello,13,Abruzzo,069,Chieti,CH,4,Sud,B057,ITF,ITF1,ITF14,069007,14.455,41.914844,14.316812,328,22.69
069008,Bucchianico,13,Abruzzo,069,Chieti,CH,4,Sud,B238,ITF,ITF1,ITF14,069008,37.989,42.308856,14.170568,4892,128.77
069010,Canosa Sannita,13,Abruzzo,069,Chieti,CH,4,Sud,B620,ITF,ITF1,ITF14,069010,13.985,42.289143,14.298715,1207,86.31
069011,Carpineto Sinello,13,Abruzzo,069,Chieti,CH,4,Sud,B826,ITF,ITF1,ITF14,069011,29.471,41.994854,14.515554,486,16.49
069012,Carunchio,13,Abruzzo,069,Chieti,CH,4,Sud,B853,ITF,ITF1,ITF14,069012,32.24,41.917396,14.546024,535,16.59
069013,Casacanditella,13,Abruzzo,069,Chieti,CH,4,Sud,B859,ITF,ITF1,ITF14,069013,12.553,42.263461,14.211701,1172,93.36
069014,Casalanguida,13,Abruzzo,069,Chieti,CH,4,Sud,B861,ITF,ITF1,ITF14,069014,13.457,42.049055,14.513545,789,58.63
069015,Casalbordino,13,Abruzzo,069,Chieti,CH,4,Sud,B865,ITF,ITF1,ITF14,069015,46.165,42.163532,14.610894,5591,121.11
069016,Casalincontrada,13,Abruzzo,069,Chieti,CH,4,Sud,B896,ITF,ITF1,ITF14,069016,16.15,42.296987,14.123963,2960,183.28
069017,Casoli,13,Abruzzo,069,Chieti,CH,4,Sud,B985,ITF,ITF1,ITF14,069017,66.655,42.123383,14.300765,5033,75.51
069018,Castel Frentano,13,Abruzzo,069,Chieti,CH,4,Sud,C114,ITF,ITF1,ITF14,069018,21.8,42.198054,14.347933,4181,191.79
069019,Castelguidone,13,Abruzzo,069,Chieti,CH,4,Sud,C123,ITF,ITF1,ITF14,069019,15.108,41.82465,14.540245,270,17.87
069020,Castiglione Messer Marino,13,Abruzzo,069,Chieti,CH,4,Sud,C298,ITF,ITF1,ITF14,069020,47.006,41.87037,14.444547,1398,29.74
069021,Celenza sul Trigno,13,Abruzzo,069,Chieti,CH,4,Sud,C428,ITF,ITF1,ITF14,069021,22.542,41.879013,14.583487,758,33.63
069022,Chieti,13,Abruzzo,069,Chieti,CH,4,Sud,C632,ITF,ITF1,ITF14,069022,59.442,42.368039,14.17393,48368,813.7
069023,Civitaluparella,13,Abruzzo,069,Chieti,CH,4,Sud,C768,ITF,ITF1,ITF14,069023,22.36,41.955316,14.279489,272,12.16
069024,Civitella Messer Raimondo,13,Abruzzo,069,Chieti,CH,4,Sud,C776,ITF,ITF1,ITF14,069024,12.634,42.083868,14.225663,738,58.41
069025,Colledimacine,13,Abruzzo,069,Chieti,CH,4,Sud,C855,ITF,ITF1,ITF14,069025,11.204,42.000439,14.207302,149,13.3
069026,Colledimezzo,13,Abruzzo,069,Chieti,CH,4,Sud,C856,ITF,ITF1,ITF14,069026,11.103,41.99087,14.387259,401,36.12
069027,Crecchio,13,Abruzzo,069,Chieti,CH,4,Sud,D137,ITF,ITF1,ITF14,069027,18.913,42.293163,14.332549,2550,134.83
069028,Cupello,13,Abruzzo,069,Chieti,CH,4,Sud,D209,ITF,ITF1,ITF14,069028,48.205,42.044445,14.668502,4899,101.63
069029,Dogliola,13,Abruzzo,069,Chieti,CH,4,Sud,D315,ITF,ITF1,ITF14,069029,11.758,41.950085,14.646126,304,25.85
069104,Fallo,13,Abruzzo,069,Chieti,CH,4,Sud,D480,ITF,ITF1,ITF14,069104,6.078,41.948944,14.326896,121,19.91
069030,Fara Filiorum Petri,13,Abruzzo,069,Chieti,CH,4,Sud,D494,ITF,ITF1,ITF14,069030,14.802,42.250505,14.168586,1972,133.23
069031,Fara San Martino,13,Abruzzo,069,Chieti,CH,4,Sud,D495,ITF,ITF1,ITF14,069031,44.724,42.091445,14.149257,1253,28.02
069032,Filetto,13,Abruzzo,069,Chieti,CH,4,Sud,D592,ITF,ITF1,ITF14,069032,13.458,42.233397,14.244466,807,59.96
069033,Fossacesia,13,Abruzzo,069,Chieti,CH,4,Sud,D738,ITF,ITF1,ITF14,069033,30.122,42.235633,14.500506,6269,208.12
069034,Fraine,13,Abruzzo,069,Chieti,CH,4,Sud,D757,ITF,ITF1,ITF14,069034,16.471,41.903709,14.487781,238,14.45
069035,Francavilla al Mare,13,Abruzzo,069,Chieti,CH,4,Sud,D763,ITF,ITF1,ITF14,069035,22.788,42.412357,14.284417,25521,1119.93
069036,Fresagrandinaria,13,Abruzzo,069,Chieti,CH,4,Sud,D796,ITF,ITF1,ITF14,069036,24.92,41.985656,14.661046,913,36.64
069037,Frisa,13,Abruzzo,069,Chieti,CH,4,Sud,D803,ITF,ITF1,ITF14,069037,11.517,42.265262,14.373429,1594,138.4
069038,Furci,13,Abruzzo,069,Chieti,CH,4,Sud,D823,ITF,ITF1,ITF14,069038,25.78,42.030924,14.636984,779,30.22
069039,Gamberale,13,Abruzzo,069,Chieti,CH,4,Sud,D898,ITF,ITF1,ITF14,069039,15.447,41.904871,14.195655,267,17.28
069040,Gessopalena,13,Abruzzo,069,Chieti,CH,4,Sud,D996,ITF,ITF1,ITF14,069040,31.61,42.048568,14.270241,1137,35.97
069041,Gissi,13,Abruzzo,069,Chieti,CH,4,Sud,E052,ITF,ITF1,ITF14,069041,36.473,42.043018,14.554904,2401,65.83
069042,Giuliano Teatino,13,Abruzzo,069,Chieti,CH,4,Sud,E056,ITF,ITF1,ITF14,069042,9.998,42.312425,14.278728,1105,110.52
069043,Guardiagrele,13,Abruzzo,069,Chieti,CH,4,Sud,E243,ITF,ITF1,ITF14,069043,55.924,42.187434,14.252045,8161,145.93
069044,Guilmi,13,Abruzzo,069,Chieti,CH,4,Sud,E266,ITF,ITF1,ITF14,069044,12.641,41.992339,14.479425,443,35.04
069045,Lama dei Peligni,13,Abruzzo,069,Chieti,CH,4,Sud,E424,ITF,ITF1,ITF14,069045,31.232,42.053035,14.181301,1007,32.24
069046,Lanciano,13,Abruzzo,069,Chieti,CH,4,Sud,E435,ITF,ITF1,ITF14,069046,66.452,42.211171,14.390308,33843,509.28
069047,Lentella,13,Abruzzo,069,Chieti,CH,4,Sud,E531,ITF,ITF1,ITF14,069047,12.616,41.996874,14.691286,653,51.76
069048,Lettopalena,13,Abruzzo,069,Chieti,CH,4,Sud,E559,ITF,ITF1,ITF14,069048,21.138,42.001223,14.160346,306,14.48
069049,Liscia,13,Abruzzo,069,Chieti,CH,4,Sud,E611,ITF,ITF1,ITF14,069049,8.203,41.949131,14.553716,623,75.95
069050,Miglianico,13,Abruzzo,069,Chieti,CH,4,Sud,F196,ITF,ITF1,ITF14,069050,22.514,42.352128,14.291136,4620,205.21
069051,Montazzoli,13,Abruzzo,069,Chieti,CH,4,Sud,F433,ITF,ITF1,ITF14,069051,38.963,41.955313,14.429374,790,20.28
069009,Montebello sul Sangro,13,Abruzzo,069,Chieti,CH,4,Sud,B268,ITF,ITF1,ITF14,069009,5.431,41.98768,14.325812,80,14.73
069052,Monteferrante,13,Abruzzo,069,Chieti,CH,4,Sud,F498,ITF,ITF1,ITF14,069052,15.143,41.934147,14.384987,100,6.6
069053,Montelapiano,13,Abruzzo,069,Chieti,CH,4,Sud,F535,ITF,ITF1,ITF14,069053,8.258,41.969674,14.326498,68,8.23
069054,Montenerodomo,13,Abruzzo,069,Chieti,CH,4,Sud,F578,ITF,ITF1,ITF14,069054,29.606,41.960277,14.22558,562,18.98
069055,Monteodorisio,13,Abruzzo,069,Chieti,CH,4,Sud,F582,ITF,ITF1,ITF14,069055,25.218,42.100172,14.661847,2314,91.76
069056,Mozzagrogna,13,Abruzzo,069,Chieti,CH,4,Sud,F785,ITF,ITF1,ITF14,069056,14.272,42.194001,14.45115,2422,169.7
069057,Orsogna,13,Abruzzo,069,Chieti,CH,4,Sud,G128,ITF,ITF1,ITF14,069057,25.138,42.237375,14.276605,3595,143.01
069058,Ortona,13,Abruzzo,069,Chieti,CH,4,Sud,G141,ITF,ITF1,ITF14,069058,70.576,42.335275,14.378054,21921,310.6
069059,Paglieta,13,Abruzzo,069,Chieti,CH,4,Sud,G237,ITF,ITF1,ITF14,069059,33.359,42.168975,14.496879,4100,122.91
069060,Palena,13,Abruzzo,069,Chieti,CH,4,Sud,G271,ITF,ITF1,ITF14,069060,93.489,41.967447,14.138699,1196,12.79
069061,Palmoli,13,Abruzzo,069,Chieti,CH,4,Sud,G290,ITF,ITF1,ITF14,069061,32.457,41.948939,14.596815,851,26.22
069062,Palombaro,13,Abruzzo,069,Chieti,CH,4,Sud,G294,ITF,ITF1,ITF14,069062,17.241,42.127555,14.213267,921,53.42
069063,Pennadomo,13,Abruzzo,069,Chieti,CH,4,Sud,G434,ITF,ITF1,ITF14,069063,10.755,42.007363,14.331443,201,18.69
069064,Pennapiedimonte,13,Abruzzo,069,Chieti,CH,4,Sud,G435,ITF,ITF1,ITF14,069064,46.892,42.141189,14.164994,365,7.78
069065,Perano,13,Abruzzo,069,Chieti,CH,4,Sud,G441,ITF,ITF1,ITF14,069065,6.543,42.108733,14.39089,1463,223.6
069103,Pietraferrazzana,13,Abruzzo,069,Chieti,CH,4,Sud,G613,ITF,ITF1,ITF14,069103,4.39,41.973526,14.378938,126,28.7
069066,Pizzoferrato,13,Abruzzo,069,Chieti,CH,4,Sud,G724,ITF,ITF1,ITF14,069066,30.886,41.924804,14.227426,949,30.73
069067,Poggiofiorito,13,Abruzzo,069,Chieti,CH,4,Sud,G760,ITF,ITF1,ITF14,069067,10.01,42.251073,14.331746,751,75.02
069068,Pollutri,13,Abruzzo,069,Chieti,CH,4,Sud,G799,ITF,ITF1,ITF14,069068,25.99,42.137793,14.599424,2016,77.57
069069,Pretoro,13,Abruzzo,069,Chieti,CH,4,Sud,H052,ITF,ITF1,ITF14,069069,25.825,42.200207,14.120489,859,33.26
069070,Quadri,13,Abruzzo,069,Chieti,CH,4,Sud,H098,ITF,ITF1,ITF14,069070,7.36,41.926825,14.272521,672,91.3
069071,Rapino,13,Abruzzo,069,Chieti,CH,4,Sud,H184,ITF,ITF1,ITF14,069071,20.534,42.196926,14.167043,1115,54.3
069072,Ripa Teatina,13,Abruzzo,069,Chieti,CH,4,Sud,H320,ITF,ITF1,ITF14,069072,20.319,42.367595,14.249074,3899,191.89
069074,Rocca San Giovanni,13,Abruzzo,069,Chieti,CH,4,Sud,H439,ITF,ITF1,ITF14,069074,21.573,42.260201,14.457049,2299,106.57
069073,Roccamontepiano,13,Abruzzo,069,Chieti,CH,4,Sud,H424,ITF,ITF1,ITF14,069073,18.063,42.253279,14.126639,1533,84.87
069075,Roccascalegna,13,Abruzzo,069,Chieti,CH,4,Sud,H442,ITF,ITF1,ITF14,069075,22.849,42.070513,14.322605,1011,44.25
069076,Roccaspinalveti,13,Abruzzo,069,Chieti,CH,4,Sud,H448,ITF,ITF1,ITF14,069076,32.893,41.930262,14.466575,1121,34.08
069077,Roio del Sangro,13,Abruzzo,069,Chieti,CH,4,Sud,H495,ITF,ITF1,ITF14,069077,11.898,41.914448,14.378874,101,8.49
069078,Rosello,13,Abruzzo,069,Chieti,CH,4,Sud,H566,ITF,ITF1,ITF14,069078,18.986,41.896526,14.344868,175,9.22
069079,San Buono,13,Abruzzo,069,Chieti,CH,4,Sud,H784,ITF,ITF1,ITF14,069079,25.361,41.981293,14.562042,835,32.92
069080,San Giovanni Lipioni,13,Abruzzo,069,Chieti,CH,4,Sud,H923,ITF,ITF1,ITF14,069080,8.756,41.842483,14.56686,139,15.87
069081,San Giovanni Teatino,13,Abruzzo,069,Chieti,CH,4,Sud,D690,ITF,ITF1,ITF14,069081,17.791,42.412424,14.183415,14541,817.32
069082,San Martino sulla Marrucina,13,Abruzzo,069,Chieti,CH,4,Sud,H991,ITF,ITF1,ITF14,069082,7.335,42.229269,14.216226,868,118.34
069083,San Salvo,13,Abruzzo,069,Chieti,CH,4,Sud,I148,ITF,ITF1,ITF14,069083,19.801,42.04828,14.743082,19918,1005.91
069086,San Vito Chietino,13,Abruzzo,069,Chieti,CH,4,Sud,I394,ITF,ITF1,ITF14,069086,17.184,42.293959,14.434788,5058,294.34
069085,Sant'Eusanio del Sangro,13,Abruzzo,069,Chieti,CH,4,Sud,I335,ITF,ITF1,ITF14,069085,24.065,42.159433,14.349245,2224,92.42
069084,Santa Maria Imbaro,13,Abruzzo,069,Chieti,CH,4,Sud,I244,ITF,ITF1,ITF14,069084,5.607,42.210624,14.469546,2022,360.62
069087,Scerni,13,Abruzzo,069,Chieti,CH,4,Sud,I520,ITF,ITF1,ITF14,069087,41.137,42.091902,14.573039,2901,70.52
069088,Schiavi di Abruzzo,13,Abruzzo,069,Chieti,CH,4,Sud,I526,ITF,ITF1,ITF14,069088,45.521,41.804096,14.491382,616,13.53
069089,Taranta Peligna,13,Abruzzo,069,Chieti,CH,4,Sud,L047,ITF,ITF1,ITF14,069089,21.617,42.03384,14.147837,301,13.92
069090,Tollo,13,Abruzzo,069,Chieti,CH,4,Sud,L194,ITF,ITF1,ITF14,069090,14.9,42.344979,14.317492,3868,259.6
069091,Torino di Sangro,13,Abruzzo,069,Chieti,CH,4,Sud,L218,ITF,ITF1,ITF14,069091,31.909,42.194227,14.53466,2925,91.67
069092,Tornareccio,13,Abruzzo,069,Chieti,CH,4,Sud,L224,ITF,ITF1,ITF14,069092,27.908,42.027451,14.423227,1640,58.76
069093,Torrebruna,13,Abruzzo,069,Chieti,CH,4,Sud,L253,ITF,ITF1,ITF14,069093,23.434,41.86955,14.536469,635,27.1
069094,Torrevecchia Teatina,13,Abruzzo,069,Chieti,CH,4,Sud,L284,ITF,ITF1,ITF14,069094,14.715,42.393008,14.234075,4183,284.27
069095,Torricella Peligna,13,Abruzzo,069,Chieti,CH,4,Sud,L291,ITF,ITF1,ITF14,069095,35.992,42.027505,14.242131,1077,29.92
069096,Treglio,13,Abruzzo,069,Chieti,CH,4,Sud,L363,ITF,ITF1,ITF14,069096,4.733,42.263483,14.425525,1721,363.62
069097,Tufillo,13,Abruzzo,069,Chieti,CH,4,Sud,L459,ITF,ITF1,ITF14,069097,21.414,41.916065,14.629829,307,14.34
069098,Vacri,13,Abruzzo,069,Chieti,CH,4,Sud,L526,ITF,ITF1,ITF14,069098,12.048,42.290916,14.225962,1471,122.09
069099,Vasto,13,Abruzzo,069,Chieti,CH,4,Sud,E372,ITF,ITF1,ITF14,069099,70.965,42.116845,14.695439,40920,576.62
069102,Villa Santa Maria,13,Abruzzo,069,Chieti,CH,4,Sud,M022,ITF,ITF1,ITF14,069102,16.338,41.969193,14.356743,1072,65.61
069100,Villalfonsina,13,Abruzzo,069,Chieti,CH,4,Sud,L961,ITF,ITF1,ITF14,069100,9.077,42.176698,14.571129,855,94.19
069101,Villamagna,13,Abruzzo,069,Chieti,CH,4,Sud,L964,ITF,ITF1,ITF14,069101,12.596,42.329587,14.233147,2126,168.78
066001,Acciano,13,Abruzzo,066,L'Aquila,AQ,4,Sud,A018,ITF,ITF1,ITF11,066001,32.069,42.194441,13.70256,252,7.86
066002,Aielli,13,Abruzzo,066,L'Aquila,AQ,4,Sud,A100,ITF,ITF1,ITF11,066002,37.549,42.069974,13.572411,1370,36.49
066003,Alfedena,13,Abruzzo,066,L'Aquila,AQ,4,Sud,A187,ITF,ITF1,ITF11,066003,40.474,41.718256,14.019948,917,22.66
066004,Anversa degli Abruzzi,13,Abruzzo,066,L'Aquila,AQ,4,Sud,A318,ITF,ITF1,ITF11,066004,32.152,41.996483,13.801318,304,9.46
066005,Ateleta,13,Abruzzo,066,L'Aquila,AQ,4,Sud,A481,ITF,ITF1,ITF11,066005,41.815,41.87303,14.172807,1103,26.38
066006,Avezzano,13,Abruzzo,066,L'Aquila,AQ,4,Sud,A515,ITF,ITF1,ITF11,066006,103.981,42.038787,13.454147,41238,396.59
066007,Balsorano,13,Abruzzo,066,L'Aquila,AQ,4,Sud,A603,ITF,ITF1,ITF11,066007,58.598,41.802088,13.596436,3196,54.54
066008,Barete,13,Abruzzo,066,L'Aquila,AQ,4,Sud,A656,ITF,ITF1,ITF11,066008,24.416,42.445546,13.267768,634,25.97
066009,Barisciano,13,Abruzzo,066,L'Aquila,AQ,4,Sud,A667,ITF,ITF1,ITF11,066009,77.943,42.352337,13.579513,1637,21.0
066010,Barrea,13,Abruzzo,066,L'Aquila,AQ,4,Sud,A678,ITF,ITF1,ITF11,066010,86.068,41.773068,13.992495,677,7.87
066011,Bisegna,13,Abruzzo,066,L'Aquila,AQ,4,Sud,A884,ITF,ITF1,ITF11,066011,46.72,41.921659,13.767566,212,4.54
066012,Bugnara,13,Abruzzo,066,L'Aquila,AQ,4,Sud,B256,ITF,ITF1,ITF11,066012,25.062,42.008277,13.85182,998,39.82
066013,Cagnano Amiterno,13,Abruzzo,066,L'Aquila,AQ,4,Sud,B358,ITF,ITF1,ITF11,066013,61.172,42.446206,13.184066,1079,17.64
066014,Calascio,13,Abruzzo,066,L'Aquila,AQ,4,Sud,B382,ITF,ITF1,ITF11,066014,39.267,42.374911,13.677089,119,3.03
066015,Campo di Giove,13,Abruzzo,066,L'Aquila,AQ,4,Sud,B526,ITF,ITF1,ITF11,066015,28.846,41.991121,14.070784,742,25.72
066016,Campotosto,13,Abruzzo,066,L'Aquila,AQ,4,Sud,B569,ITF,ITF1,ITF11,066016,51.448,42.550129,13.361495,428,8.32
066017,Canistro,13,Abruzzo,066,L'Aquila,AQ,4,Sud,B606,ITF,ITF1,ITF11,066017,15.821,41.934287,13.391978,949,59.98
066018,Cansano,13,Abruzzo,066,L'Aquila,AQ,4,Sud,B624,ITF,ITF1,ITF11,066018,37.609,41.981775,14.029032,216,5.74
066019,Capestrano,13,Abruzzo,066,L'Aquila,AQ,4,Sud,B651,ITF,ITF1,ITF11,066019,43.345,42.274137,13.780416,811,18.71
066020,Capistrello,13,Abruzzo,066,L'Aquila,AQ,4,Sud,B656,ITF,ITF1,ITF11,066020,60.943,41.977695,13.397606,4596,75.41
066021,Capitignano,13,Abruzzo,066,L'Aquila,AQ,4,Sud,B658,ITF,ITF1,ITF11,066021,30.613,42.526216,13.295883,602,19.66
066022,Caporciano,13,Abruzzo,066,L'Aquila,AQ,4,Sud,B672,ITF,ITF1,ITF11,066022,18.416,42.251672,13.67036,201,10.91
066023,Cappadocia,13,Abruzzo,066,L'Aquila,AQ,4,Sud,B677,ITF,ITF1,ITF11,066023,68.692,42.000242,13.255564,588,8.56
066024,Carapelle Calvisio,13,Abruzzo,066,L'Aquila,AQ,4,Sud,B725,ITF,ITF1,ITF11,066024,14.839,42.287629,13.695408,68,4.58
066025,Carsoli,13,Abruzzo,066,L'Aquila,AQ,4,Sud,B842,ITF,ITF1,ITF11,066025,95.549,42.122117,13.103513,4952,51.83
066026,Castel del Monte,13,Abruzzo,066,L'Aquila,AQ,4,Sud,C083,ITF,ITF1,ITF11,066026,57.619,42.390367,13.711506,379,6.58
066027,Castel di Ieri,13,Abruzzo,066,L'Aquila,AQ,4,Sud,C090,ITF,ITF1,ITF11,066027,18.872,42.093028,13.738261,273,14.47
066028,Castel di Sangro,13,Abruzzo,066,L'Aquila,AQ,4,Sud,C096,ITF,ITF1,ITF11,066028,84.094,41.771947,14.132357,6590,78.36
066029,Castellafiume,13,Abruzzo,066,L'Aquila,AQ,4,Sud,C126,ITF,ITF1,ITF11,066029,24.047,41.975596,13.325433,1077,44.79
066030,Castelvecchio Calvisio,13,Abruzzo,066,L'Aquila,AQ,4,Sud,C278,ITF,ITF1,ITF11,066030,15.441,42.306716,13.68488,125,8.1
066031,Castelvecchio Subequo,13,Abruzzo,066,L'Aquila,AQ,4,Sud,C279,ITF,ITF1,ITF11,066031,19.182,42.108256,13.719577,803,41.86
066032,Celano,13,Abruzzo,066,L'Aquila,AQ,4,Sud,C426,ITF,ITF1,ITF11,066032,82.315,42.058555,13.531485,10121,122.95
066033,Cerchio,13,Abruzzo,066,L'Aquila,AQ,4,Sud,C492,ITF,ITF1,ITF11,066033,20.268,42.042802,13.596221,1542,76.08
066034,Civita d'Antino,13,Abruzzo,066,L'Aquila,AQ,4,Sud,C766,ITF,ITF1,ITF11,066034,28.489,41.884933,13.480418,923,32.4
066035,Civitella Alfedena,13,Abruzzo,066,L'Aquila,AQ,4,Sud,C778,ITF,ITF1,ITF11,066035,29.26,41.778498,13.901763,287,9.81
066036,Civitella Roveto,13,Abruzzo,066,L'Aquila,AQ,4,Sud,C783,ITF,ITF1,ITF11,066036,45.241,41.89501,13.409859,3018,66.71
066037,Cocullo,13,Abruzzo,066,L'Aquila,AQ,4,Sud,C811,ITF,ITF1,ITF11,066037,31.554,42.030108,13.780098,203,6.43
066038,Collarmele,13,Abruzzo,066,L'Aquila,AQ,4,Sud,C844,ITF,ITF1,ITF11,066038,23.664,42.054249,13.639232,752,31.78
066039,Collelongo,13,Abruzzo,066,L'Aquila,AQ,4,Sud,C862,ITF,ITF1,ITF11,066039,53.448,41.885856,13.563218,1055,19.74
066040,Collepietro,13,Abruzzo,066,L'Aquila,AQ,4,Sud,C866,ITF,ITF1,ITF11,066040,15.266,42.216002,13.782494,200,13.1
066041,Corfinio,13,Abruzzo,066,L'Aquila,AQ,4,Sud,C999,ITF,ITF1,ITF11,066041,17.853,42.13466,13.854212,947,53.04
066042,Fagnano Alto,13,Abruzzo,066,L'Aquila,AQ,4,Sud,D465,ITF,ITF1,ITF11,066042,24.543,42.245477,13.583452,337,13.73
066043,Fontecchio,13,Abruzzo,066,L'Aquila,AQ,4,Sud,D681,ITF,ITF1,ITF11,066043,17.129,42.224309,13.607182,280,16.35
066044,Fossa,13,Abruzzo,066,L'Aquila,AQ,4,Sud,D736,ITF,ITF1,ITF11,066044,8.675,42.304832,13.494627,682,78.62
066045,Gagliano Aterno,13,Abruzzo,066,L'Aquila,AQ,4,Sud,D850,ITF,ITF1,ITF11,066045,32.189,42.11662,13.681954,221,6.87
066046,Gioia dei Marsi,13,Abruzzo,066,L'Aquila,AQ,4,Sud,E040,ITF,ITF1,ITF11,066046,57.804,41.92155,13.71944,1688,29.2
066047,Goriano Sicoli,13,Abruzzo,066,L'Aquila,AQ,4,Sud,E096,ITF,ITF1,ITF11,066047,20.269,42.068278,13.768115,523,25.8
066048,Introdacqua,13,Abruzzo,066,L'Aquila,AQ,4,Sud,E307,ITF,ITF1,ITF11,066048,37.087,41.995776,13.890553,1928,51.99
066049,L'Aquila,13,Abruzzo,066,L'Aquila,AQ,4,Sud,A345,ITF,ITF1,ITF11,066049,472.425,42.389337,13.381631,70803,149.87
066050,Lecce nei Marsi,13,Abruzzo,066,L'Aquila,AQ,4,Sud,E505,ITF,ITF1,ITF11,066050,66.449,41.895936,13.678635,1476,22.21
066051,Luco dei Marsi,13,Abruzzo,066,L'Aquila,AQ,4,Sud,E723,ITF,ITF1,ITF11,066051,45.01,41.952116,13.469961,5935,131.86
066052,Lucoli,13,Abruzzo,066,L'Aquila,AQ,4,Sud,E724,ITF,ITF1,ITF11,066052,103.429,42.260196,13.371599,847,8.19
066053,Magliano de' Marsi,13,Abruzzo,066,L'Aquila,AQ,4,Sud,E811,ITF,ITF1,ITF11,066053,71.186,42.127606,13.310507,3400,47.76
066054,Massa d'Albe,13,Abruzzo,066,L'Aquila,AQ,4,Sud,F022,ITF,ITF1,ITF11,066054,68.491,42.119731,13.422261,1337,19.52
066055,Molina Aterno,13,Abruzzo,066,L'Aquila,AQ,4,Sud,M255,ITF,ITF1,ITF11,066055,12.327,42.147864,13.747543,328,26.61
066056,Montereale,13,Abruzzo,066,L'Aquila,AQ,4,Sud,F595,ITF,ITF1,ITF11,066056,103.886,42.532088,13.213319,2183,21.01
066057,Morino,13,Abruzzo,066,L'Aquila,AQ,4,Sud,F732,ITF,ITF1,ITF11,066057,50.904,41.845846,13.441615,1280,25.15
066058,Navelli,13,Abruzzo,066,L'Aquila,AQ,4,Sud,F852,ITF,ITF1,ITF11,066058,42.065,42.234881,13.733306,583,13.86
066059,Ocre,13,Abruzzo,066,L'Aquila,AQ,4,Sud,F996,ITF,ITF1,ITF11,066059,23.742,42.281998,13.469089,1095,46.12
066060,Ofena,13,Abruzzo,066,L'Aquila,AQ,4,Sud,G002,ITF,ITF1,ITF11,066060,37.096,42.311777,13.762034,462,12.45
066061,Opi,13,Abruzzo,066,L'Aquila,AQ,4,Sud,G079,ITF,ITF1,ITF11,066061,49.685,41.772783,13.851857,373,7.51
066062,Oricola,13,Abruzzo,066,L'Aquila,AQ,4,Sud,G102,ITF,ITF1,ITF11,066062,18.311,42.06161,13.046937,1274,69.58
066063,Ortona dei Marsi,13,Abruzzo,066,L'Aquila,AQ,4,Sud,G142,ITF,ITF1,ITF11,066063,56.663,41.995715,13.730637,366,6.46
066064,Ortucchio,13,Abruzzo,066,L'Aquila,AQ,4,Sud,G145,ITF,ITF1,ITF11,066064,39.224,41.947641,13.629644,1736,44.26
066065,Ovindoli,13,Abruzzo,066,L'Aquila,AQ,4,Sud,G200,ITF,ITF1,ITF11,066065,61.248,42.131861,13.528071,1154,18.84
066066,Pacentro,13,Abruzzo,066,L'Aquila,AQ,4,Sud,G210,ITF,ITF1,ITF11,066066,72.385,42.057694,14.031653,1057,14.6
066067,Pereto,13,Abruzzo,066,L'Aquila,AQ,4,Sud,G449,ITF,ITF1,ITF11,066067,41.025,42.044461,13.131375,630,15.36
066068,Pescasseroli,13,Abruzzo,066,L'Aquila,AQ,4,Sud,G484,ITF,ITF1,ITF11,066068,91.192,41.812796,13.78501,1993,21.85
066069,Pescina,13,Abruzzo,066,L'Aquila,AQ,4,Sud,G492,ITF,ITF1,ITF11,066069,48.699,42.019869,13.661696,3654,75.03
066070,Pescocostanzo,13,Abruzzo,066,L'Aquila,AQ,4,Sud,G493,ITF,ITF1,ITF11,066070,55.098,41.919893,14.055426,1081,19.62
066071,Pettorano sul Gizio,13,Abruzzo,066,L'Aquila,AQ,4,Sud,G524,ITF,ITF1,ITF11,066071,62.764,41.963259,13.953337,1259,20.06
066072,Pizzoli,13,Abruzzo,066,L'Aquila,AQ,4,Sud,G726,ITF,ITF1,ITF11,066072,56.512,42.445253,13.328196,4186,74.07
066073,Poggio Picenze,13,Abruzzo,066,L'Aquila,AQ,4,Sud,G766,ITF,ITF1,ITF11,066073,11.624,42.319559,13.543371,1028,88.44
066074,Prata d'Ansidonia,13,Abruzzo,066,L'Aquila,AQ,4,Sud,G992,ITF,ITF1,ITF11,066074,19.535,42.274574,13.622019,424,21.7
066075,Pratola Peligna,13,Abruzzo,066,L'Aquila,AQ,4,Sud,H007,ITF,ITF1,ITF11,066075,28.429,42.09803,13.885268,6881,242.04
066076,Prezza,13,Abruzzo,066,L'Aquila,AQ,4,Sud,H056,ITF,ITF1,ITF11,066076,21.522,42.059268,13.830728,804,37.36
066077,Raiano,13,Abruzzo,066,L'Aquila,AQ,4,Sud,H166,ITF,ITF1,ITF11,066077,28.626,42.100956,13.816609,2595,90.65
066078,Rivisondoli,13,Abruzzo,066,L'Aquila,AQ,4,Sud,H353,ITF,ITF1,ITF11,066078,32.024,41.863555,14.080809,680,21.23
066083,Rocca Pia,13,Abruzzo,066,L'Aquila,AQ,4,Sud,H429,ITF,ITF1,ITF11,066083,44.711,41.909942,13.986388,153,3.42
066080,Rocca di Botte,13,Abruzzo,066,L'Aquila,AQ,4,Sud,H399,ITF,ITF1,ITF11,066080,31.155,42.022511,13.073034,891,28.6
066081,Rocca di Cambio,13,Abruzzo,066,L'Aquila,AQ,4,Sud,H400,ITF,ITF1,ITF11,066081,27.687,42.227064,13.4754,523,18.89
066082,Rocca di Mezzo,13,Abruzzo,066,L'Aquila,AQ,4,Sud,H402,ITF,ITF1,ITF11,066082,90.092,42.211607,13.529342,1314,14.59
066079,Roccacasale,13,Abruzzo,066,L'Aquila,AQ,4,Sud,H389,ITF,ITF1,ITF11,066079,17.509,42.133535,13.896716,562,32.1
066084,Roccaraso,13,Abruzzo,066,L'Aquila,AQ,4,Sud,H434,ITF,ITF1,ITF11,066084,49.559,41.830791,14.065973,1460,29.46
066085,San Benedetto dei Marsi,13,Abruzzo,066,L'Aquila,AQ,4,Sud,H772,ITF,ITF1,ITF11,066085,16.822,42.008782,13.602037,3715,220.84
066086,San Benedetto in Perillis,13,Abruzzo,066,L'Aquila,AQ,4,Sud,H773,ITF,ITF1,ITF11,066086,19.106,42.177217,13.774507,100,5.23
066087,San Demetrio ne' Vestini,13,Abruzzo,066,L'Aquila,AQ,4,Sud,H819,ITF,ITF1,ITF11,066087,16.291,42.275601,13.549316,2002,122.89
066088,San Pio delle Camere,13,Abruzzo,066,L'Aquila,AQ,4,Sud,I121,ITF,ITF1,ITF11,066088,17.117,42.291113,13.642879,663,38.73
066092,San Vincenzo Valle Roveto,13,Abruzzo,066,L'Aquila,AQ,4,Sud,I389,ITF,ITF1,ITF11,066092,46.049,41.828568,13.528575,2013,43.71
066090,Sant'Eusanio Forconese,13,Abruzzo,066,L'Aquila,AQ,4,Sud,I336,ITF,ITF1,ITF11,066090,7.825,42.284574,13.516142,364,46.52
066089,Sante Marie,13,Abruzzo,066,L'Aquila,AQ,4,Sud,I326,ITF,ITF1,ITF11,066089,40.76,42.11441,13.21575,1053,25.83
066091,Santo Stefano di Sessanio,13,Abruzzo,066,L'Aquila,AQ,4,Sud,I360,ITF,ITF1,ITF11,066091,33.628,42.381342,13.650792,102,3.03
066093,Scanno,13,Abruzzo,066,L'Aquila,AQ,4,Sud,I501,ITF,ITF1,ITF11,066093,134.42,41.884284,13.896548,1662,12.36
066094,Scontrone,13,Abruzzo,066,L'Aquila,AQ,4,Sud,I543,ITF,ITF1,ITF11,066094,21.126,41.767837,14.051539,535,25.32
066095,Scoppito,13,Abruzzo,066,L'Aquila,AQ,4,Sud,I546,ITF,ITF1,ITF11,066095,52.904,42.357267,13.220997,3809,72.0
066096,Scurcola Marsicana,13,Abruzzo,066,L'Aquila,AQ,4,Sud,I553,ITF,ITF1,ITF11,066096,30.168,42.060571,13.350831,2700,89.5
066097,Secinaro,13,Abruzzo,066,L'Aquila,AQ,4,Sud,I558,ITF,ITF1,ITF11,066097,33.316,42.156717,13.645734,302,9.06
066098,Sulmona,13,Abruzzo,066,L'Aquila,AQ,4,Sud,I804,ITF,ITF1,ITF11,066098,57.51,42.070884,13.928542,21610,375.76
066099,Tagliacozzo,13,Abruzzo,066,L'Aquila,AQ,4,Sud,L025,ITF,ITF1,ITF11,066099,86.777,42.064368,13.234062,6417,73.95
066100,Tione degli Abruzzi,13,Abruzzo,066,L'Aquila,AQ,4,Sud,L173,ITF,ITF1,ITF11,066100,39.107,42.196978,13.621239,243,6.21
066101,Tornimparte,13,Abruzzo,066,L'Aquila,AQ,4,Sud,L227,ITF,ITF1,ITF11,066101,65.646,42.286365,13.270723,2729,41.57
066102,Trasacco,13,Abruzzo,066,L'Aquila,AQ,4,Sud,L334,ITF,ITF1,ITF11,066102,51.121,41.941491,13.537824,5804,113.53
066105,Villa Sant'Angelo,13,Abruzzo,066,L'Aquila,AQ,4,Sud,M023,ITF,ITF1,ITF11,066105,5.406,42.265065,13.535942,511,94.52
066104,Villa Santa Lucia degli Abruzzi,13,Abruzzo,066,L'Aquila,AQ,4,Sud,M021,ITF,ITF1,ITF11,066104,27.148,42.335438,13.78709,76,2.8
066103,Villalago,13,Abruzzo,066,L'Aquila,AQ,4,Sud,L958,ITF,ITF1,ITF11,066103,33.363,41.933152,13.829397,490,14.69
066106,Villavallelonga,13,Abruzzo,066,L'Aquila,AQ,4,Sud,M031,ITF,ITF1,ITF11,066106,73.685,41.847433,13.649669,822,11.16
066107,Villetta Barrea,13,Abruzzo,066,L'Aquila,AQ,4,Sud,M041,ITF,ITF1,ITF11,066107,20.63,41.799741,13.935239,589,28.55
066108,Vittorito,13,Abruzzo,066,L'Aquila,AQ,4,Sud,M090,ITF,ITF1,ITF11,066108,14.14,42.134725,13.80753,804,56.86
068001,Abbateggio,13,Abruzzo,068,Pescara,PE,4,Sud,A008,ITF,ITF1,ITF13,068001,15.145,42.205834,14.012076,345,22.78
068002,Alanno,13,Abruzzo,068,Pescara,PE,4,Sud,A120,ITF,ITF1,ITF13,068002,32.466,42.292608,13.986505,3262,100.47
068003,Bolognano,13,Abruzzo,068,Pescara,PE,4,Sud,A945,ITF,ITF1,ITF13,068003,17.014,42.210585,13.95241,1003,58.95
068004,Brittoli,13,Abruzzo,068,Pescara,PE,4,Sud,B193,ITF,ITF1,ITF13,068004,15.89,42.302255,13.854774,236,14.85
068005,Bussi sul Tirino,13,Abruzzo,068,Pescara,PE,4,Sud,B294,ITF,ITF1,ITF13,068005,26.03,42.224213,13.826362,2188,84.06
068006,Cappelle sul Tavo,13,Abruzzo,068,Pescara,PE,4,Sud,B681,ITF,ITF1,ITF13,068006,5.499,42.468815,14.105638,4106,746.68
068007,Caramanico Terme,13,Abruzzo,068,Pescara,PE,4,Sud,B722,ITF,ITF1,ITF13,068007,84.839,42.155621,14.045101,1703,20.07
068008,Carpineto della Nora,13,Abruzzo,068,Pescara,PE,4,Sud,B827,ITF,ITF1,ITF13,068008,23.867,42.341293,13.843958,498,20.87
068009,Castiglione a Casauria,13,Abruzzo,068,Pescara,PE,4,Sud,C308,ITF,ITF1,ITF13,068009,16.203,42.230977,13.898533,723,44.62
068010,Catignano,13,Abruzzo,068,Pescara,PE,4,Sud,C354,ITF,ITF1,ITF13,068010,16.991,42.347646,13.960537,1232,72.51
068011,Cepagatti,13,Abruzzo,068,Pescara,PE,4,Sud,C474,ITF,ITF1,ITF13,068011,30.788,42.374473,14.111056,11030,358.26
068012,Città Sant'Angelo,13,Abruzzo,068,Pescara,PE,4,Sud,C750,ITF,ITF1,ITF13,068012,61.773,42.51275,14.060052,14935,241.77
068013,Civitaquana,13,Abruzzo,068,Pescara,PE,4,Sud,C771,ITF,ITF1,ITF13,068013,22.068,42.342288,13.923374,1156,52.38
068014,Civitella Casanova,13,Abruzzo,068,Pescara,PE,4,Sud,C779,ITF,ITF1,ITF13,068014,31.004,42.38222,13.8941,1505,48.54
068015,Collecorvino,13,Abruzzo,068,Pescara,PE,4,Sud,C853,ITF,ITF1,ITF13,068015,31.782,42.461771,14.037847,6065,190.83
068016,Corvara,13,Abruzzo,068,Pescara,PE,4,Sud,D078,ITF,ITF1,ITF13,068016,13.632,42.275037,13.869151,186,13.64
068017,Cugnoli,13,Abruzzo,068,Pescara,PE,4,Sud,D201,ITF,ITF1,ITF13,068017,15.979,42.309297,13.930206,1324,82.86
068018,Elice,13,Abruzzo,068,Pescara,PE,4,Sud,D394,ITF,ITF1,ITF13,068018,13.963,42.515938,13.9733,1615,115.66
068019,Farindola,13,Abruzzo,068,Pescara,PE,4,Sud,D501,ITF,ITF1,ITF13,068019,45.373,42.425208,13.798401,1293,28.5
068020,Lettomanoppello,13,Abruzzo,068,Pescara,PE,4,Sud,E558,ITF,ITF1,ITF13,068020,15.039,42.222886,14.052545,2603,173.08
068021,Loreto Aprutino,13,Abruzzo,068,Pescara,PE,4,Sud,E691,ITF,ITF1,ITF13,068021,59.321,42.413862,13.976967,7037,118.63
068022,Manoppello,13,Abruzzo,068,Pescara,PE,4,Sud,E892,ITF,ITF1,ITF13,068022,39.165,42.269488,14.064731,6762,172.65
068023,Montebello di Bertona,13,Abruzzo,068,Pescara,PE,4,Sud,F441,ITF,ITF1,ITF13,068023,21.604,42.415318,13.862388,803,37.17
068024,Montesilvano,13,Abruzzo,068,Pescara,PE,4,Sud,F646,ITF,ITF1,ITF13,068024,23.659,42.49506,14.147732,53557,2263.71
068025,Moscufo,13,Abruzzo,068,Pescara,PE,4,Sud,F765,ITF,ITF1,ITF13,068025,19.901,42.435185,14.067645,3166,159.09
068026,Nocciano,13,Abruzzo,068,Pescara,PE,4,Sud,F908,ITF,ITF1,ITF13,068026,13.709,42.340147,13.99728,1684,122.84
068027,Penne,13,Abruzzo,068,Pescara,PE,4,Sud,G438,ITF,ITF1,ITF13,068027,90.743,42.46031,13.913809,10906,120.19
068028,Pescara,13,Abruzzo,068,Pescara,PE,4,Sud,G482,ITF,ITF1,ITF13,068028,34.451,42.454341,14.217219,118487,3439.29
068029,Pescosansonesco,13,Abruzzo,068,Pescara,PE,4,Sud,G499,ITF,ITF1,ITF13,068029,18.324,42.243096,13.874047,439,23.96
068030,Pianella,13,Abruzzo,068,Pescara,PE,4,Sud,G555,ITF,ITF1,ITF13,068030,46.859,42.392107,14.061302,8563,182.74
068031,Picciano,13,Abruzzo,068,Pescara,PE,4,Sud,G589,ITF,ITF1,ITF13,068031,7.695,42.4775,13.986643,1278,166.08
068032,Pietranico,13,Abruzzo,068,Pescara,PE,4,Sud,G621,ITF,ITF1,ITF13,068032,14.897,42.286243,13.923369,416,27.93
068033,Popoli Terme,13,Abruzzo,068,Pescara,PE,4,Sud,G878,ITF,ITF1,ITF13,068033,34.754,42.171081,13.847615,4574,131.61
068034,Roccamorice,13,Abruzzo,068,Pescara,PE,4,Sud,H425,ITF,ITF1,ITF13,068034,24.948,42.19064,14.059369,840,33.67
068035,Rosciano,13,Abruzzo,068,Pescara,PE,4,Sud,H562,ITF,ITF1,ITF13,068035,27.217,42.33492,14.047529,4114,151.16
068036,Salle,13,Abruzzo,068,Pescara,PE,4,Sud,H715,ITF,ITF1,ITF13,068036,21.769,42.156194,13.938776,250,11.48
068038,San Valentino in Abruzzo Citeriore,13,Abruzzo,068,Pescara,PE,4,Sud,I376,ITF,ITF1,ITF13,068038,16.066,42.228938,13.982899,1788,111.29
068037,Sant'Eufemia a Maiella,13,Abruzzo,068,Pescara,PE,4,Sud,I332,ITF,ITF1,ITF13,068037,40.484,42.103481,14.031311,233,5.76
068039,Scafa,13,Abruzzo,068,Pescara,PE,4,Sud,I482,ITF,ITF1,ITF13,068039,10.384,42.24957,14.006241,3388,326.27
068040,Serramonacesca,13,Abruzzo,068,Pescara,PE,4,Sud,I649,ITF,ITF1,ITF13,068040,23.538,42.234634,14.09718,493,20.94
068041,Spoltore,13,Abruzzo,068,Pescara,PE,4,Sud,I922,ITF,ITF1,ITF13,068041,36.844,42.437224,14.130358,18924,513.63
068042,Tocco da Casauria,13,Abruzzo,068,Pescara,PE,4,Sud,L186,ITF,ITF1,ITF13,068042,29.408,42.196619,13.906004,2325,79.06
068043,Torre de' Passeri,13,Abruzzo,068,Pescara,PE,4,Sud,L263,ITF,ITF1,ITF13,068043,5.895,42.25285,13.934317,2862,485.5
068044,Turrivalignani,13,Abruzzo,068,Pescara,PE,4,Sud,L475,ITF,ITF1,ITF13,068044,6.189,42.265925,14.026179,785,126.84
068045,Vicoli,13,Abruzzo,068,Pescara,PE,4,Sud,L846,ITF,ITF1,ITF13,068045,9.131,42.342516,13.893625,357,39.1
068046,Villa Celiera,13,Abruzzo,068,Pescara,PE,4,Sud,L922,ITF,ITF1,ITF13,068046,13.162,42.384868,13.845904,524,39.81
067001,Alba Adriatica,13,Abruzzo,067,Teramo,TE,4,Sud,A125,ITF,ITF1,ITF12,067001,9.51,42.823178,13.913511,13325,1401.16
067002,Ancarano,13,Abruzzo,067,Teramo,TE,4,Sud,A270,ITF,ITF1,ITF12,067002,14.045,42.836613,13.746145,1874,133.43
067003,Arsita,13,Abruzzo,067,Teramo,TE,4,Sud,A445,ITF,ITF1,ITF12,067003,33.947,42.467298,13.774366,717,21.12
067004,Atri,13,Abruzzo,067,Teramo,TE,4,Sud,A488,ITF,ITF1,ITF12,067004,91.86,42.590872,13.956675,9814,106.84
067005,Basciano,13,Abruzzo,067,Teramo,TE,4,Sud,A692,ITF,ITF1,ITF12,067005,18.924,42.585193,13.741348,2312,122.17
067006,Bellante,13,Abruzzo,067,Teramo,TE,4,Sud,A746,ITF,ITF1,ITF12,067006,49.704,42.742699,13.801773,6833,137.47
067007,Bisenti,13,Abruzzo,067,Teramo,TE,4,Sud,A885,ITF,ITF1,ITF12,067007,30.647,42.525554,13.799213,1642,53.58
067008,Campli,13,Abruzzo,067,Teramo,TE,4,Sud,B515,ITF,ITF1,ITF12,067008,73.259,42.740481,13.712287,6612,90.26
067009,Canzano,13,Abruzzo,067,Teramo,TE,4,Sud,B640,ITF,ITF1,ITF12,067009,16.87,42.656618,13.79635,1736,102.9
067010,Castel Castagna,13,Abruzzo,067,Teramo,TE,4,Sud,C040,ITF,ITF1,ITF12,067010,18.311,42.544561,13.735038,400,21.84
067011,Castellalto,13,Abruzzo,067,Teramo,TE,4,Sud,C128,ITF,ITF1,ITF12,067011,33.858,42.662478,13.829051,7234,213.66
067012,Castelli,13,Abruzzo,067,Teramo,TE,4,Sud,C169,ITF,ITF1,ITF12,067012,49.732,42.484767,13.728819,907,18.24
067013,Castiglione Messer Raimondo,13,Abruzzo,067,Teramo,TE,4,Sud,C316,ITF,ITF1,ITF12,067013,30.754,42.521364,13.878921,1961,63.76
067014,Castilenti,13,Abruzzo,067,Teramo,TE,4,Sud,C322,ITF,ITF1,ITF12,067014,24.033,42.532304,13.92754,1307,54.38
067015,Cellino Attanasio,13,Abruzzo,067,Teramo,TE,4,Sud,C449,ITF,ITF1,ITF12,067015,43.93,42.58297,13.855985,2184,49.72
067016,Cermignano,13,Abruzzo,067,Teramo,TE,4,Sud,C517,ITF,ITF1,ITF12,067016,26.168,42.590031,13.792436,1397,53.39
067017,Civitella del Tronto,13,Abruzzo,067,Teramo,TE,4,Sud,C781,ITF,ITF1,ITF12,067017,77.27,42.772498,13.653858,4555,58.95
067018,Colledara,13,Abruzzo,067,Teramo,TE,4,Sud,C311,ITF,ITF1,ITF12,067018,17.865,42.552229,13.69408,2078,116.32
067019,Colonnella,13,Abruzzo,067,Teramo,TE,4,Sud,C901,ITF,ITF1,ITF12,067019,21.491,42.861366,13.872176,3718,173.0
067020,Controguerra,13,Abruzzo,067,Teramo,TE,4,Sud,C972,ITF,ITF1,ITF12,067020,22.502,42.856861,13.812773,2174,96.61
067021,Corropoli,13,Abruzzo,067,Teramo,TE,4,Sud,D043,ITF,ITF1,ITF12,067021,22.189,42.822435,13.856608,5158,232.46
067022,Cortino,13,Abruzzo,067,Teramo,TE,4,Sud,D076,ITF,ITF1,ITF12,067022,62.958,42.631011,13.495823,541,8.59
067023,Crognaleto,13,Abruzzo,067,Teramo,TE,4,Sud,D179,ITF,ITF1,ITF12,067023,124.075,42.551243,13.461893,1009,8.13
067024,Fano Adriano,13,Abruzzo,067,Teramo,TE,4,Sud,D489,ITF,ITF1,ITF12,067024,35.417,42.525579,13.497764,243,6.86
067025,Giulianova,13,Abruzzo,067,Teramo,TE,4,Sud,E058,ITF,ITF1,ITF12,067025,27.865,42.743267,13.940641,23556,845.36
067026,Isola del Gran Sasso d'Italia,13,Abruzzo,067,Teramo,TE,4,Sud,E343,ITF,ITF1,ITF12,067026,83.684,42.491479,13.635745,4400,52.58
067047,Martinsicuro,13,Abruzzo,067,Teramo,TE,4,Sud,E989,ITF,ITF1,ITF12,067047,14.57,42.862767,13.91382,16483,1131.3
067027,Montefino,13,Abruzzo,067,Teramo,TE,4,Sud,F500,ITF,ITF1,ITF12,067027,18.401,42.558398,13.893873,896,48.69
067028,Montorio al Vomano,13,Abruzzo,067,Teramo,TE,4,Sud,F690,ITF,ITF1,ITF12,067028,53.61,42.575746,13.612718,7344,136.99
067029,Morro d'Oro,13,Abruzzo,067,Teramo,TE,4,Sud,F747,ITF,ITF1,ITF12,067029,28.684,42.655261,13.930479,3530,123.07
067030,Mosciano Sant'Angelo,13,Abruzzo,067,Teramo,TE,4,Sud,F764,ITF,ITF1,ITF12,067030,48.563,42.739843,13.877225,9206,189.57
067031,Nereto,13,Abruzzo,067,Teramo,TE,4,Sud,F870,ITF,ITF1,ITF12,067031,6.991,42.819372,13.812552,5465,781.72
067032,Notaresco,13,Abruzzo,067,Teramo,TE,4,Sud,F942,ITF,ITF1,ITF12,067032,37.982,42.664395,13.877845,6351,167.21
067033,Penna Sant'Andrea,13,Abruzzo,067,Teramo,TE,4,Sud,G437,ITF,ITF1,ITF12,067033,10.952,42.579828,13.768368,1627,148.56
067034,Pietracamela,13,Abruzzo,067,Teramo,TE,4,Sud,G608,ITF,ITF1,ITF12,067034,44.686,42.500501,13.545312,196,4.39
067035,Pineto,13,Abruzzo,067,Teramo,TE,4,Sud,F831,ITF,ITF1,ITF12,067035,38.019,42.614726,14.043178,14761,388.25
067036,Rocca Santa Maria,13,Abruzzo,067,Teramo,TE,4,Sud,H440,ITF,ITF1,ITF12,067036,61.26,42.681192,13.506718,450,7.35
067037,Roseto degli Abruzzi,13,Abruzzo,067,Teramo,TE,4,Sud,F585,ITF,ITF1,ITF12,067037,52.84,42.686371,13.975248,25938,490.88
067038,Sant'Egidio alla Vibrata,13,Abruzzo,067,Teramo,TE,4,Sud,I318,ITF,ITF1,ITF12,067038,18.47,42.822901,13.720011,9913,536.71
067039,Sant'Omero,13,Abruzzo,067,Teramo,TE,4,Sud,I348,ITF,ITF1,ITF12,067039,34.119,42.788457,13.830457,5077,148.8
067040,Silvi,13,Abruzzo,067,Teramo,TE,4,Sud,I741,ITF,ITF1,ITF12,067040,20.647,42.554132,14.09309,15478,749.65
067041,Teramo,13,Abruzzo,067,Teramo,TE,4,Sud,L103,ITF,ITF1,ITF12,067041,152.259,42.656666,13.729723,51400,337.58
067042,Torano Nuovo,13,Abruzzo,067,Teramo,TE,4,Sud,L207,ITF,ITF1,ITF12,067042,10.106,42.825519,13.778829,1440,142.49
067043,Torricella Sicura,13,Abruzzo,067,Teramo,TE,4,Sud,L295,ITF,ITF1,ITF12,067043,54.542,42.674237,13.598242,2365,43.36
067044,Tortoreto,13,Abruzzo,067,Teramo,TE,4,Sud,L307,ITF,ITF1,ITF12,067044,22.598,42.800505,13.9002,12206,540.14
067045,Tossicia,13,Abruzzo,067,Teramo,TE,4,Sud,L314,ITF,ITF1,ITF12,067045,27.284,42.551827,13.630445,1204,44.13
067046,Valle Castellana,13,Abruzzo,067,Teramo,TE,4,Sud,L597,ITF,ITF1,ITF12,067046,130.88,42.730181,13.544565,818,6.25
077001,Accettura,17,Basilicata,077,Matera,MT,4,Sud,A017,ITF,ITF5,ITF52,077001,89.747,40.493568,16.159059,1575,17.55
077002,Aliano,17,Basilicata,077,Matera,MT,4,Sud,A196,ITF,ITF5,ITF52,077002,97.479,40.303486,16.249633,804,8.25
077003,Bernalda,17,Basilicata,077,Matera,MT,4,Sud,A801,ITF,ITF5,ITF52,077003,124.107,40.40766,16.760127,11922,96.06
077004,Calciano,17,Basilicata,077,Matera,MT,4,Sud,B391,ITF,ITF5,ITF52,077004,48.905,40.584086,16.185047,616,12.6
077005,Cirigliano,17,Basilicata,077,Matera,MT,4,Sud,C723,ITF,ITF5,ITF52,077005,14.785,40.41794,16.163843,279,18.87
077006,Colobraro,17,Basilicata,077,Matera,MT,4,Sud,C888,ITF,ITF5,ITF52,077006,65.469,40.207117,16.417304,1014,15.49
077007,Craco,17,Basilicata,077,Matera,MT,4,Sud,D128,ITF,ITF5,ITF52,077007,76.577,40.368238,16.444265,570,7.44
077008,Ferrandina,17,Basilicata,077,Matera,MT,4,Sud,D547,ITF,ITF5,ITF52,077008,215.964,40.484555,16.431637,7813,36.18
077009,Garaguso,17,Basilicata,077,Matera,MT,4,Sud,D909,ITF,ITF5,ITF52,077009,38.476,40.557418,16.232115,887,23.05
077010,Gorgoglione,17,Basilicata,077,Matera,MT,4,Sud,E093,ITF,ITF5,ITF52,077010,34.32,40.383304,16.159384,828,24.13
077011,Grassano,17,Basilicata,077,Matera,MT,4,Sud,E147,ITF,ITF5,ITF52,077011,41.232,40.634344,16.277571,4530,109.87
077012,Grottole,17,Basilicata,077,Matera,MT,4,Sud,E213,ITF,ITF5,ITF52,077012,115.809,40.638826,16.375628,1935,16.71
077013,Irsina,17,Basilicata,077,Matera,MT,4,Sud,E326,ITF,ITF5,ITF52,077013,262.066,40.75432,16.239471,4292,16.38
077014,Matera,17,Basilicata,077,Matera,MT,4,Sud,F052,ITF,ITF5,ITF52,077014,389.574,40.66931,16.571332,59368,152.39
077015,Miglionico,17,Basilicata,077,Matera,MT,4,Sud,F201,ITF,ITF5,ITF52,077015,87.891,40.572188,16.506192,2336,26.58
077016,Montalbano Jonico,17,Basilicata,077,Matera,MT,4,Sud,F399,ITF,ITF5,ITF52,077016,134.25,40.299095,16.586371,6461,48.13
077017,Montescaglioso,17,Basilicata,077,Matera,MT,4,Sud,F637,ITF,ITF5,ITF52,077017,173.926,40.498612,16.679125,9197,52.88
077018,Nova Siri,17,Basilicata,077,Matera,MT,4,Sud,A942,ITF,ITF5,ITF52,077018,51.822,40.141872,16.575707,6848,132.14
077019,Oliveto Lucano,17,Basilicata,077,Matera,MT,4,Sud,G037,ITF,ITF5,ITF52,077019,30.824,40.528619,16.192538,328,10.64
077020,Pisticci,17,Basilicata,077,Matera,MT,4,Sud,G712,ITF,ITF5,ITF52,077020,232.66,40.364248,16.656135,16494,70.89
077021,Policoro,17,Basilicata,077,Matera,MT,4,Sud,G786,ITF,ITF5,ITF52,077021,67.067,40.196021,16.660948,17727,264.32
077022,Pomarico,17,Basilicata,077,Matera,MT,4,Sud,G806,ITF,ITF5,ITF52,077022,128.62,40.486654,16.565114,3657,28.43
077023,Rotondella,17,Basilicata,077,Matera,MT,4,Sud,H591,ITF,ITF5,ITF52,077023,75.889,40.179872,16.555756,2309,30.43
077024,Salandra,17,Basilicata,077,Matera,MT,4,Sud,H687,ITF,ITF5,ITF52,077024,76.786,40.529465,16.320325,2391,31.14
077025,San Giorgio Lucano,17,Basilicata,077,Matera,MT,4,Sud,H888,ITF,ITF5,ITF52,077025,39.056,40.103845,16.392737,986,25.25
077026,San Mauro Forte,17,Basilicata,077,Matera,MT,4,Sud,I029,ITF,ITF5,ITF52,077026,86.46,40.470358,16.28204,1168,13.51
077031,Scanzano Jonico,17,Basilicata,077,Matera,MT,4,Sud,M256,ITF,ITF5,ITF52,077031,71.418,40.260025,16.702729,7475,104.67
077027,Stigliano,17,Basilicata,077,Matera,MT,4,Sud,I954,ITF,ITF5,ITF52,077027,209.369,40.374689,16.277616,3369,16.09
077028,Tricarico,17,Basilicata,077,Matera,MT,4,Sud,L418,ITF,ITF5,ITF52,077028,176.604,40.653225,16.153509,4629,26.21
077029,Tursi,17,Basilicata,077,Matera,MT,4,Sud,L477,ITF,ITF5,ITF52,077029,158.802,40.259214,16.486166,4659,29.34
077030,Valsinni,17,Basilicata,077,Matera,MT,4,Sud,D513,ITF,ITF5,ITF52,077030,31.975,40.164625,16.452574,1287,40.25
076001,Abriola,17,Basilicata,076,Potenza,PZ,4,Sud,A013,ITF,ITF5,ITF51,076001,96.376,40.517423,15.796694,1195,12.4
076002,Acerenza,17,Basilicata,076,Potenza,PZ,4,Sud,A020,ITF,ITF5,ITF51,076002,76.557,40.800862,15.969276,2007,26.22
076003,Albano di Lucania,17,Basilicata,076,Potenza,PZ,4,Sud,A131,ITF,ITF5,ITF51,076003,55.532,40.600411,16.040614,1275,22.96
076004,Anzi,17,Basilicata,076,Potenza,PZ,4,Sud,A321,ITF,ITF5,ITF51,076004,76.299,40.531932,15.930443,1445,18.94
076005,Armento,17,Basilicata,076,Potenza,PZ,4,Sud,A415,ITF,ITF5,ITF51,076005,58.349,40.309339,16.069941,535,9.17
076006,Atella,17,Basilicata,076,Potenza,PZ,4,Sud,A482,ITF,ITF5,ITF51,076006,88.216,40.890925,15.607689,3574,40.51
076007,Avigliano,17,Basilicata,076,Potenza,PZ,4,Sud,A519,ITF,ITF5,ITF51,076007,84.742,40.769051,15.750909,10318,121.76
076008,Balvano,17,Basilicata,076,Potenza,PZ,4,Sud,A604,ITF,ITF5,ITF51,076008,41.739,40.662861,15.53175,1650,39.53
076009,Banzi,17,Basilicata,076,Potenza,PZ,4,Sud,A612,ITF,ITF5,ITF51,076009,82.348,40.891976,16.042182,1131,13.73
076010,Baragiano,17,Basilicata,076,Potenza,PZ,4,Sud,A615,ITF,ITF5,ITF51,076010,29.543,40.693622,15.599533,2477,83.84
076011,Barile,17,Basilicata,076,Potenza,PZ,4,Sud,A666,ITF,ITF5,ITF51,076011,24.543,40.951432,15.693046,2491,101.5
076012,Bella,17,Basilicata,076,Potenza,PZ,4,Sud,A743,ITF,ITF5,ITF51,076012,98.822,40.745998,15.595682,4530,45.84
076013,Brienza,17,Basilicata,076,Potenza,PZ,4,Sud,B173,ITF,ITF5,ITF51,076013,82.522,40.475358,15.609295,3844,46.58
076014,Brindisi Montagna,17,Basilicata,076,Potenza,PZ,4,Sud,B181,ITF,ITF5,ITF51,076014,59.753,40.601332,15.929242,757,12.67
076015,Calvello,17,Basilicata,076,Potenza,PZ,4,Sud,B440,ITF,ITF5,ITF51,076015,105.267,40.448476,15.854351,1709,16.23
076016,Calvera,17,Basilicata,076,Potenza,PZ,4,Sud,B443,ITF,ITF5,ITF51,076016,15.913,40.151808,16.151383,347,21.81
076017,Campomaggiore,17,Basilicata,076,Potenza,PZ,4,Sud,B549,ITF,ITF5,ITF51,076017,12.343,40.564701,16.088592,689,55.82
076018,Cancellara,17,Basilicata,076,Potenza,PZ,4,Sud,B580,ITF,ITF5,ITF51,076018,42.477,40.726775,15.92237,1088,25.61
076019,Carbone,17,Basilicata,076,Potenza,PZ,4,Sud,B743,ITF,ITF5,ITF51,076019,48.085,40.132742,16.068491,475,9.88
076021,Castelgrande,17,Basilicata,076,Potenza,PZ,4,Sud,C120,ITF,ITF5,ITF51,076021,34.697,40.800278,15.431022,783,22.57
076022,Castelluccio Inferiore,17,Basilicata,076,Potenza,PZ,4,Sud,C199,ITF,ITF5,ITF51,076022,28.536,40.012326,16.013699,1854,64.97
076023,Castelluccio Superiore,17,Basilicata,076,Potenza,PZ,4,Sud,C201,ITF,ITF5,ITF51,076023,32.847,40.023434,15.956603,703,21.4
076024,Castelmezzano,17,Basilicata,076,Potenza,PZ,4,Sud,C209,ITF,ITF5,ITF51,076024,33.496,40.529974,16.022251,684,20.42
076025,Castelsaraceno,17,Basilicata,076,Potenza,PZ,4,Sud,C271,ITF,ITF5,ITF51,076025,74.478,40.160758,15.974535,1112,14.93
076026,Castronuovo di Sant'Andrea,17,Basilicata,076,Potenza,PZ,4,Sud,C345,ITF,ITF5,ITF51,076026,47.084,40.185544,16.18093,833,17.69
076027,Cersosimo,17,Basilicata,076,Potenza,PZ,4,Sud,C539,ITF,ITF5,ITF51,076027,24.741,40.038284,16.370842,496,20.05
076028,Chiaromonte,17,Basilicata,076,Potenza,PZ,4,Sud,C619,ITF,ITF5,ITF51,076028,69.729,40.130608,16.239189,1685,24.16
076029,Corleto Perticara,17,Basilicata,076,Potenza,PZ,4,Sud,D010,ITF,ITF5,ITF51,076029,89.102,40.404949,16.056448,2303,25.85
076030,Episcopia,17,Basilicata,076,Potenza,PZ,4,Sud,D414,ITF,ITF5,ITF51,076030,28.692,40.073902,16.105131,1188,41.41
076031,Fardella,17,Basilicata,076,Potenza,PZ,4,Sud,D497,ITF,ITF5,ITF51,076031,28.579,40.097645,16.155857,568,19.87
076032,Filiano,17,Basilicata,076,Potenza,PZ,4,Sud,D593,ITF,ITF5,ITF51,076032,71.69,40.826736,15.713047,2609,36.39
076033,Forenza,17,Basilicata,076,Potenza,PZ,4,Sud,D696,ITF,ITF5,ITF51,076033,115.681,40.853616,15.848689,1726,14.92
076034,Francavilla in Sinni,17,Basilicata,076,Potenza,PZ,4,Sud,D766,ITF,ITF5,ITF51,076034,46.238,40.043539,16.221869,3823,82.68
076035,Gallicchio,17,Basilicata,076,Potenza,PZ,4,Sud,D876,ITF,ITF5,ITF51,076035,23.424,40.294014,16.131426,747,31.89
076036,Genzano di Lucania,17,Basilicata,076,Potenza,PZ,4,Sud,D971,ITF,ITF5,ITF51,076036,207.682,40.847979,16.128723,5036,24.25
076099,Ginestra,17,Basilicata,076,Potenza,PZ,4,Sud,E033,ITF,ITF5,ITF51,076099,13.253,40.91163,15.760587,655,49.42
076037,Grumento Nova,17,Basilicata,076,Potenza,PZ,4,Sud,E221,ITF,ITF5,ITF51,076037,66.376,40.297916,15.881053,1514,22.81
076038,Guardia Perticara,17,Basilicata,076,Potenza,PZ,4,Sud,E246,ITF,ITF5,ITF51,076038,53.375,40.358067,16.110234,502,9.41
076039,Lagonegro,17,Basilicata,076,Potenza,PZ,4,Sud,E409,ITF,ITF5,ITF51,076039,112.314,40.16029,15.78683,4905,43.67
076040,Latronico,17,Basilicata,076,Potenza,PZ,4,Sud,E474,ITF,ITF5,ITF51,076040,76.244,40.08809,16.004681,3950,51.81
076041,Laurenzana,17,Basilicata,076,Potenza,PZ,4,Sud,E482,ITF,ITF5,ITF51,076041,94.842,40.45945,15.984366,1528,16.11
076042,Lauria,17,Basilicata,076,Potenza,PZ,4,Sud,E483,ITF,ITF5,ITF51,076042,174.975,40.073414,15.893287,11651,66.59
076043,Lavello,17,Basilicata,076,Potenza,PZ,4,Sud,E493,ITF,ITF5,ITF51,076043,133.81,41.0788,15.810129,12820,95.81
076044,Maratea,17,Basilicata,076,Potenza,PZ,4,Sud,E919,ITF,ITF5,ITF51,076044,67.328,39.987748,15.746385,4514,67.04
076045,Marsico Nuovo,17,Basilicata,076,Potenza,PZ,4,Sud,E976,ITF,ITF5,ITF51,076045,100.248,40.422931,15.724494,3680,36.71
076046,Marsicovetere,17,Basilicata,076,Potenza,PZ,4,Sud,E977,ITF,ITF5,ITF51,076046,37.921,40.374832,15.822251,5680,149.79
076047,Maschito,17,Basilicata,076,Potenza,PZ,4,Sud,F006,ITF,ITF5,ITF51,076047,45.797,40.920859,15.852243,1398,30.53
076048,Melfi,17,Basilicata,076,Potenza,PZ,4,Sud,F104,ITF,ITF5,ITF51,076048,205.033,41.025555,15.647405,16804,81.96
076049,Missanello,17,Basilicata,076,Potenza,PZ,4,Sud,F249,ITF,ITF5,ITF51,076049,22.301,40.300165,16.162169,464,20.81
076050,Moliterno,17,Basilicata,076,Potenza,PZ,4,Sud,F295,ITF,ITF5,ITF51,076050,98.1,40.214316,15.84498,3487,35.55
076051,Montemilone,17,Basilicata,076,Potenza,PZ,4,Sud,F568,ITF,ITF5,ITF51,076051,112.933,41.034297,15.978029,1371,12.14
076052,Montemurro,17,Basilicata,076,Potenza,PZ,4,Sud,F573,ITF,ITF5,ITF51,076052,56.813,40.317333,15.998203,1021,17.97
076053,Muro Lucano,17,Basilicata,076,Potenza,PZ,4,Sud,F817,ITF,ITF5,ITF51,076053,125.712,40.739834,15.451324,4828,38.41
076054,Nemoli,17,Basilicata,076,Potenza,PZ,4,Sud,F866,ITF,ITF5,ITF51,076054,19.117,40.085448,15.809562,1367,71.51
076055,Noepoli,17,Basilicata,076,Potenza,PZ,4,Sud,F917,ITF,ITF5,ITF51,076055,46.149,40.087517,16.320654,717,15.54
076056,Oppido Lucano,17,Basilicata,076,Potenza,PZ,4,Sud,G081,ITF,ITF5,ITF51,076056,53.903,40.761714,16.043862,3468,64.34
076057,Palazzo San Gervasio,17,Basilicata,076,Potenza,PZ,4,Sud,G261,ITF,ITF5,ITF51,076057,62.397,40.907409,15.944624,4249,68.1
076100,Paterno,17,Basilicata,076,Potenza,PZ,4,Sud,M269,ITF,ITF5,ITF51,076100,40.255,40.357714,15.758157,2951,73.31
076058,Pescopagano,17,Basilicata,076,Potenza,PZ,4,Sud,G496,ITF,ITF5,ITF51,076058,69.465,40.837303,15.425715,1597,22.99
076059,Picerno,17,Basilicata,076,Potenza,PZ,4,Sud,G590,ITF,ITF5,ITF51,076059,77.969,40.638579,15.637463,5581,71.58
076060,Pietragalla,17,Basilicata,076,Potenza,PZ,4,Sud,G616,ITF,ITF5,ITF51,076060,65.27,40.749469,15.845905,3742,57.33
076061,Pietrapertosa,17,Basilicata,076,Potenza,PZ,4,Sud,G623,ITF,ITF5,ITF51,076061,66.807,40.498935,16.073153,848,12.69
076062,Pignola,17,Basilicata,076,Potenza,PZ,4,Sud,G663,ITF,ITF5,ITF51,076062,55.936,40.577069,15.792743,6755,120.76
076063,Potenza,17,Basilicata,076,Potenza,PZ,4,Sud,G942,ITF,ITF5,ITF51,076063,174.156,40.662278,15.798567,63403,364.06
076064,Rapolla,17,Basilicata,076,Potenza,PZ,4,Sud,H186,ITF,ITF5,ITF51,076064,28.973,40.98751,15.714285,4080,140.82
076065,Rapone,17,Basilicata,076,Potenza,PZ,4,Sud,H187,ITF,ITF5,ITF51,076065,29.326,40.854268,15.503481,827,28.2
076066,Rionero in Vulture,17,Basilicata,076,Potenza,PZ,4,Sud,H307,ITF,ITF5,ITF51,076066,52.944,40.925604,15.570886,12325,232.79
076067,Ripacandida,17,Basilicata,076,Potenza,PZ,4,Sud,H312,ITF,ITF5,ITF51,076067,33.191,40.895608,15.7292,1528,46.04
076068,Rivello,17,Basilicata,076,Potenza,PZ,4,Sud,H348,ITF,ITF5,ITF51,076068,69.045,40.084877,15.734866,2417,35.01
076069,Roccanova,17,Basilicata,076,Potenza,PZ,4,Sud,H426,ITF,ITF5,ITF51,076069,61.272,40.224905,16.197912,1235,20.16
076070,Rotonda,17,Basilicata,076,Potenza,PZ,4,Sud,H590,ITF,ITF5,ITF51,076070,42.399,39.935401,16.050577,3100,73.11
076071,Ruoti,17,Basilicata,076,Potenza,PZ,4,Sud,H641,ITF,ITF5,ITF51,076071,55.174,40.708422,15.696748,3164,57.35
076072,Ruvo del Monte,17,Basilicata,076,Potenza,PZ,4,Sud,H646,ITF,ITF5,ITF51,076072,32.473,40.877006,15.52886,935,28.79
076073,San Chirico Nuovo,17,Basilicata,076,Potenza,PZ,4,Sud,H795,ITF,ITF5,ITF51,076073,23.459,40.668368,16.063044,1076,45.87
076074,San Chirico Raparo,17,Basilicata,076,Potenza,PZ,4,Sud,H796,ITF,ITF5,ITF51,076074,82.929,40.211716,16.059015,865,10.43
076075,San Costantino Albanese,17,Basilicata,076,Potenza,PZ,4,Sud,H808,ITF,ITF5,ITF51,076075,42.554,40.045315,16.284253,569,13.37
076076,San Fele,17,Basilicata,076,Potenza,PZ,4,Sud,H831,ITF,ITF5,ITF51,076076,96.272,40.82429,15.59278,2493,25.9
076077,San Martino d'Agri,17,Basilicata,076,Potenza,PZ,4,Sud,H994,ITF,ITF5,ITF51,076077,50.514,40.245359,16.03089,615,12.17
076020,San Paolo Albanese,17,Basilicata,076,Potenza,PZ,4,Sud,B906,ITF,ITF5,ITF51,076020,29.935,40.019821,16.334638,197,6.58
076078,San Severino Lucano,17,Basilicata,076,Potenza,PZ,4,Sud,I157,ITF,ITF5,ITF51,076078,60.594,40.000703,16.17909,1313,21.67
076079,Sant'Angelo Le Fratte,17,Basilicata,076,Potenza,PZ,4,Sud,I288,ITF,ITF5,ITF51,076079,22.362,40.538042,15.568176,1293,57.82
076080,Sant'Arcangelo,17,Basilicata,076,Potenza,PZ,4,Sud,I305,ITF,ITF5,ITF51,076080,88.676,40.255189,16.306736,5922,66.78
076081,Sarconi,17,Basilicata,076,Potenza,PZ,4,Sud,I426,ITF,ITF5,ITF51,076081,30.488,40.223875,15.908199,1421,46.61
076082,Sasso di Castalda,17,Basilicata,076,Potenza,PZ,4,Sud,I457,ITF,ITF5,ITF51,076082,45.649,40.485241,15.697532,721,15.79
076083,Satriano di Lucania,17,Basilicata,076,Potenza,PZ,4,Sud,G614,ITF,ITF5,ITF51,076083,32.706,40.54687,15.637672,2245,68.64
076084,Savoia di Lucania,17,Basilicata,076,Potenza,PZ,4,Sud,H730,ITF,ITF5,ITF51,076084,33.116,40.588728,15.576418,959,28.96
076085,Senise,17,Basilicata,076,Potenza,PZ,4,Sud,I610,ITF,ITF5,ITF51,076085,96.243,40.151198,16.307941,6360,66.08
076086,Spinoso,17,Basilicata,076,Potenza,PZ,4,Sud,I917,ITF,ITF5,ITF51,076086,37.718,40.238826,15.956837,1259,33.38
076087,Teana,17,Basilicata,076,Potenza,PZ,4,Sud,L082,ITF,ITF5,ITF51,076087,19.088,40.123487,16.140947,499,26.14
076088,Terranova di Pollino,17,Basilicata,076,Potenza,PZ,4,Sud,L126,ITF,ITF5,ITF51,076088,112.651,39.95624,16.281409,951,8.44
076089,Tito,17,Basilicata,076,Potenza,PZ,4,Sud,L181,ITF,ITF5,ITF51,076089,70.197,40.578605,15.66502,7002,99.75
076090,Tolve,17,Basilicata,076,Potenza,PZ,4,Sud,L197,ITF,ITF5,ITF51,076090,127.351,40.696529,16.000664,2843,22.32
076091,Tramutola,17,Basilicata,076,Potenza,PZ,4,Sud,L326,ITF,ITF5,ITF51,076091,36.107,40.317433,15.769208,2812,77.88
076092,Trecchina,17,Basilicata,076,Potenza,PZ,4,Sud,L357,ITF,ITF5,ITF51,076092,38.001,40.009664,15.778631,2054,54.05
076093,Trivigno,17,Basilicata,076,Potenza,PZ,4,Sud,L439,ITF,ITF5,ITF51,076093,25.941,40.562799,15.980699,593,22.86
076094,Vaglio Basilicata,17,Basilicata,076,Potenza,PZ,4,Sud,L532,ITF,ITF5,ITF51,076094,43.059,40.670108,15.919625,1754,40.73
076095,Venosa,17,Basilicata,076,Potenza,PZ,4,Sud,L738,ITF,ITF5,ITF51,076095,168.492,41.00249,15.818758,10560,62.67
076096,Vietri di Potenza,17,Basilicata,076,Potenza,PZ,4,Sud,L859,ITF,ITF5,ITF51,076096,51.73,40.606359,15.515611,2614,50.53
076097,Viggianello,17,Basilicata,076,Potenza,PZ,4,Sud,L873,ITF,ITF5,ITF51,076097,120.255,39.977016,16.103498,2577,21.43
076098,Viggiano,17,Basilicata,076,Potenza,PZ,4,Sud,L874,ITF,ITF5,ITF51,076098,89.014,40.361098,15.903966,3212,36.08
079002,Albi,18,Calabria,079,Catanzaro,CZ,4,Sud,A155,ITF,ITF6,ITF63,079002,29.513,39.037348,16.59026,739,25.04
079003,Amaroni,18,Calabria,079,Catanzaro,CZ,4,Sud,A255,ITF,ITF6,ITF63,079003,9.695,38.794268,16.445074,1595,164.52
079004,Amato,18,Calabria,079,Catanzaro,CZ,4,Sud,A257,ITF,ITF6,ITF63,079004,20.802,38.947889,16.454673,769,36.97
079005,Andali,18,Calabria,079,Catanzaro,CZ,4,Sud,A272,ITF,ITF6,ITF63,079005,17.658,38.989449,16.808031,581,32.9
079007,Argusto,18,Calabria,079,Catanzaro,CZ,4,Sud,A397,ITF,ITF6,ITF63,079007,6.791,38.67957,16.437071,400,58.9
079008,Badolato,18,Calabria,079,Catanzaro,CZ,4,Sud,A542,ITF,ITF6,ITF63,079008,36.843,38.573267,16.523118,2829,76.79
079009,Belcastro,18,Calabria,079,Catanzaro,CZ,4,Sud,A736,ITF,ITF6,ITF63,079009,53.024,38.983399,16.858397,1211,22.84
079011,Borgia,18,Calabria,079,Catanzaro,CZ,4,Sud,B002,ITF,ITF6,ITF63,079011,42.189,38.82069,16.544552,7185,170.31
079012,Botricello,18,Calabria,079,Catanzaro,CZ,4,Sud,B085,ITF,ITF6,ITF63,079012,15.105,38.942026,16.853096,5022,332.47
079017,Caraffa di Catanzaro,18,Calabria,079,Catanzaro,CZ,4,Sud,B717,ITF,ITF6,ITF63,079017,24.662,38.878749,16.498912,1682,68.2
079018,Cardinale,18,Calabria,079,Catanzaro,CZ,4,Sud,B758,ITF,ITF6,ITF63,079018,30.08,38.633273,16.39783,1713,56.95
079020,Carlopoli,18,Calabria,079,Catanzaro,CZ,4,Sud,B790,ITF,ITF6,ITF63,079020,16.368,39.045004,16.44947,1303,79.61
079023,Catanzaro,18,Calabria,079,Catanzaro,CZ,4,Sud,C352,ITF,ITF6,ITF63,079023,110.834,38.890522,16.600621,82708,746.23
079024,Cenadi,18,Calabria,079,Catanzaro,CZ,4,Sud,C453,ITF,ITF6,ITF63,079024,11.843,38.735438,16.382739,502,42.39
079025,Centrache,18,Calabria,079,Catanzaro,CZ,4,Sud,C472,ITF,ITF6,ITF63,079025,8.208,38.738378,16.44112,353,43.01
079027,Cerva,18,Calabria,079,Catanzaro,CZ,4,Sud,C542,ITF,ITF6,ITF63,079027,21.603,39.011767,16.752963,1011,46.8
079029,Chiaravalle Centrale,18,Calabria,079,Catanzaro,CZ,4,Sud,C616,ITF,ITF6,ITF63,079029,23.461,38.688262,16.389864,5072,216.19
079030,Cicala,18,Calabria,079,Catanzaro,CZ,4,Sud,C674,ITF,ITF6,ITF63,079030,9.18,39.024205,16.478264,832,90.63
079033,Conflenti,18,Calabria,079,Catanzaro,CZ,4,Sud,C960,ITF,ITF6,ITF63,079033,29.058,39.041477,16.282716,1317,45.32
079034,Cortale,18,Calabria,079,Catanzaro,CZ,4,Sud,D049,ITF,ITF6,ITF63,079034,29.705,38.813975,16.387026,1802,60.66
079036,Cropani,18,Calabria,079,Catanzaro,CZ,4,Sud,D181,ITF,ITF6,ITF63,079036,44.459,38.954425,16.791428,4912,110.48
079039,Curinga,18,Calabria,079,Catanzaro,CZ,4,Sud,D218,ITF,ITF6,ITF63,079039,52.177,38.828961,16.281679,6358,121.85
079042,Davoli,18,Calabria,079,Catanzaro,CZ,4,Sud,D257,ITF,ITF6,ITF63,079042,24.653,38.642021,16.466651,5679,230.36
079043,Decollatura,18,Calabria,079,Catanzaro,CZ,4,Sud,D261,ITF,ITF6,ITF63,079043,50.365,39.057989,16.353496,2817,55.93
079047,Falerna,18,Calabria,079,Catanzaro,CZ,4,Sud,D476,ITF,ITF6,ITF63,079047,24.082,38.994461,16.159679,4013,166.64
079048,Feroleto Antico,18,Calabria,079,Catanzaro,CZ,4,Sud,D544,ITF,ITF6,ITF63,079048,22.382,38.942141,16.362587,1931,86.27
079052,Fossato Serralta,18,Calabria,079,Catanzaro,CZ,4,Sud,D744,ITF,ITF6,ITF63,079052,11.679,39.00024,16.576103,527,45.12
079055,Gagliato,18,Calabria,079,Catanzaro,CZ,4,Sud,D852,ITF,ITF6,ITF63,079055,7.209,38.67234,16.457142,411,57.01
079056,Gasperina,18,Calabria,079,Catanzaro,CZ,4,Sud,D932,ITF,ITF6,ITF63,079056,6.514,38.741338,16.495547,1860,285.54
079058,Gimigliano,18,Calabria,079,Catanzaro,CZ,4,Sud,E031,ITF,ITF6,ITF63,079058,33.119,38.986109,16.526273,2895,87.41
079059,Girifalco,18,Calabria,079,Catanzaro,CZ,4,Sud,E050,ITF,ITF6,ITF63,079059,42.803,38.801671,16.414441,5401,126.18
079060,Gizzeria,18,Calabria,079,Catanzaro,CZ,4,Sud,E068,ITF,ITF6,ITF63,079060,36.866,38.969603,16.189082,5389,146.18
079061,Guardavalle,18,Calabria,079,Catanzaro,CZ,4,Sud,E239,ITF,ITF6,ITF63,079061,59.894,38.514704,16.461891,4004,66.85
079063,Isca sullo Ionio,18,Calabria,079,Catanzaro,CZ,4,Sud,E328,ITF,ITF6,ITF63,079063,23.289,38.588777,16.499813,1480,63.55
079065,Jacurso,18,Calabria,079,Catanzaro,CZ,4,Sud,E274,ITF,ITF6,ITF63,079065,20.988,38.812208,16.368296,512,24.39
079160,Lamezia Terme,18,Calabria,079,Catanzaro,CZ,4,Sud,M208,ITF,ITF6,ITF63,079160,160.897,38.932852,16.283258,67005,416.45
079068,Magisano,18,Calabria,079,Catanzaro,CZ,4,Sud,E806,ITF,ITF6,ITF63,079068,31.647,39.030772,16.63941,1042,32.93
079069,Maida,18,Calabria,079,Catanzaro,CZ,4,Sud,E834,ITF,ITF6,ITF63,079069,57.528,38.87519,16.356078,4465,77.61
079071,Marcedusa,18,Calabria,079,Catanzaro,CZ,4,Sud,E923,ITF,ITF6,ITF63,079071,15.426,39.015235,16.853665,354,22.95
079072,Marcellinara,18,Calabria,079,Catanzaro,CZ,4,Sud,E925,ITF,ITF6,ITF63,079072,20.801,38.914696,16.47504,2148,103.26
079073,Martirano,18,Calabria,079,Catanzaro,CZ,4,Sud,E990,ITF,ITF6,ITF63,079073,14.994,39.066977,16.258293,784,52.29
079074,Martirano Lombardo,18,Calabria,079,Catanzaro,CZ,4,Sud,E991,ITF,ITF6,ITF63,079074,19.677,39.051622,16.233133,923,46.91
079077,Miglierina,18,Calabria,079,Catanzaro,CZ,4,Sud,F200,ITF,ITF6,ITF63,079077,13.784,38.962765,16.481007,671,48.68
079080,Montauro,18,Calabria,079,Catanzaro,CZ,4,Sud,F432,ITF,ITF6,ITF63,079080,11.766,38.748974,16.526464,1930,164.03
079081,Montepaone,18,Calabria,079,Catanzaro,CZ,4,Sud,F586,ITF,ITF6,ITF63,079081,16.517,38.725112,16.485136,5890,356.6
079083,Motta Santa Lucia,18,Calabria,079,Catanzaro,CZ,4,Sud,F780,ITF,ITF6,ITF63,079083,25.785,39.079071,16.303671,818,31.72
079087,Nocera Terinese,18,Calabria,079,Catanzaro,CZ,4,Sud,F910,ITF,ITF6,ITF63,079087,45.637,39.02907,16.164724,4773,104.59
079088,Olivadi,18,Calabria,079,Catanzaro,CZ,4,Sud,G034,ITF,ITF6,ITF63,079088,6.732,38.731265,16.414552,481,71.45
079089,Palermiti,18,Calabria,079,Catanzaro,CZ,4,Sud,G272,ITF,ITF6,ITF63,079089,18.332,38.756712,16.455754,1036,56.51
079092,Pentone,18,Calabria,079,Catanzaro,CZ,4,Sud,G439,ITF,ITF6,ITF63,079092,12.312,38.976874,16.581299,1791,145.47
079094,Petrizzi,18,Calabria,079,Catanzaro,CZ,4,Sud,G517,ITF,ITF6,ITF63,079094,21.408,38.700734,16.482017,988,46.15
079095,Petronà,18,Calabria,079,Catanzaro,CZ,4,Sud,G518,ITF,ITF6,ITF63,079095,45.689,39.074935,16.691909,2313,50.62
079096,Pianopoli,18,Calabria,079,Catanzaro,CZ,4,Sud,D546,ITF,ITF6,ITF63,079096,24.543,38.935967,16.389009,2572,104.8
079099,Platania,18,Calabria,079,Catanzaro,CZ,4,Sud,G734,ITF,ITF6,ITF63,079099,26.739,39.012223,16.321032,1965,73.49
079108,San Floro,18,Calabria,079,Catanzaro,CZ,4,Sud,H846,ITF,ITF6,ITF63,079108,18.085,38.848403,16.50315,691,38.21
079110,San Mango d'Aquino,18,Calabria,079,Catanzaro,CZ,4,Sud,H976,ITF,ITF6,ITF63,079110,6.676,39.06031,16.183599,1384,207.31
079115,San Pietro Apostolo,18,Calabria,079,Catanzaro,CZ,4,Sud,I095,ITF,ITF6,ITF63,079115,11.407,39.003984,16.45782,1533,134.39
079114,San Pietro a Maida,18,Calabria,079,Catanzaro,CZ,4,Sud,I093,ITF,ITF6,ITF63,079114,16.475,38.852292,16.332057,3810,231.26
079116,San Sostene,18,Calabria,079,Catanzaro,CZ,4,Sud,I164,ITF,ITF6,ITF63,079116,32.223,38.619629,16.475622,1407,43.66
079122,San Vito sullo Ionio,18,Calabria,079,Catanzaro,CZ,4,Sud,I393,ITF,ITF6,ITF63,079122,17.117,38.715399,16.383058,1536,89.74
079118,Sant'Andrea Apostolo dello Ionio,18,Calabria,079,Catanzaro,CZ,4,Sud,I266,ITF,ITF6,ITF63,079118,21.222,38.611752,16.494447,1691,79.68
079117,Santa Caterina dello Ionio,18,Calabria,079,Catanzaro,CZ,4,Sud,I170,ITF,ITF6,ITF63,079117,40.136,38.535984,16.517549,1918,47.79
079123,Satriano,18,Calabria,079,Catanzaro,CZ,4,Sud,I463,ITF,ITF6,ITF63,079123,20.941,38.648958,16.443162,3371,160.98
079126,Sellia,18,Calabria,079,Catanzaro,CZ,4,Sud,I589,ITF,ITF6,ITF63,079126,12.746,38.974024,16.634463,452,35.46
079127,Sellia Marina,18,Calabria,079,Catanzaro,CZ,4,Sud,I590,ITF,ITF6,ITF63,079127,41.039,38.911348,16.743409,7798,190.01
079129,Serrastretta,18,Calabria,079,Catanzaro,CZ,4,Sud,I655,ITF,ITF6,ITF63,079129,41.11,38.970238,16.431939,2878,70.01
079130,Sersale,18,Calabria,079,Catanzaro,CZ,4,Sud,I671,ITF,ITF6,ITF63,079130,51.886,39.002929,16.722476,4087,78.77
079131,Settingiano,18,Calabria,079,Catanzaro,CZ,4,Sud,I704,ITF,ITF6,ITF63,079131,14.368,38.905776,16.508515,3292,229.12
079133,Simeri Crichi,18,Calabria,079,Catanzaro,CZ,4,Sud,I745,ITF,ITF6,ITF63,079133,46.661,38.909399,16.654746,4689,100.49
079134,Sorbo San Basile,18,Calabria,079,Catanzaro,CZ,4,Sud,I844,ITF,ITF6,ITF63,079134,58.891,39.05464,16.517039,708,12.02
079137,Soverato,18,Calabria,079,Catanzaro,CZ,4,Sud,I872,ITF,ITF6,ITF63,079137,8.002,38.691266,16.533859,8409,1050.86
079138,Soveria Mannelli,18,Calabria,079,Catanzaro,CZ,4,Sud,I874,ITF,ITF6,ITF63,079138,20.486,39.066613,16.389654,2733,133.41
079139,Soveria Simeri,18,Calabria,079,Catanzaro,CZ,4,Sud,I875,ITF,ITF6,ITF63,079139,22.134,38.932706,16.687061,1413,63.84
079142,Squillace,18,Calabria,079,Catanzaro,CZ,4,Sud,I929,ITF,ITF6,ITF63,079142,34.076,38.789218,16.529756,3600,105.65
079143,Stalettì,18,Calabria,079,Catanzaro,CZ,4,Sud,I937,ITF,ITF6,ITF63,079143,12.055,38.762224,16.545867,2394,198.59
079146,Taverna,18,Calabria,079,Catanzaro,CZ,4,Sud,L070,ITF,ITF6,ITF63,079146,130.761,39.10581,16.567333,2465,18.85
079147,Tiriolo,18,Calabria,079,Catanzaro,CZ,4,Sud,L177,ITF,ITF6,ITF63,079147,28.718,38.933553,16.525,3461,120.52
079148,Torre di Ruggiero,18,Calabria,079,Catanzaro,CZ,4,Sud,L240,ITF,ITF6,ITF63,079148,25.089,38.659392,16.364733,933,37.19
079151,Vallefiorita,18,Calabria,079,Catanzaro,CZ,4,Sud,I322,ITF,ITF6,ITF63,079151,13.716,38.769301,16.432305,1430,104.26
079157,Zagarise,18,Calabria,079,Catanzaro,CZ,4,Sud,M140,ITF,ITF6,ITF63,079157,49.07,38.983464,16.676351,1313,26.76
078001,Acquaformosa,18,Calabria,078,Cosenza,CS,4,Sud,A033,ITF,ITF6,ITF61,078001,22.39,39.726381,16.091436,930,41.54
078002,Acquappesa,18,Calabria,078,Cosenza,CS,4,Sud,A041,ITF,ITF6,ITF61,078002,14.747,39.489148,15.977176,1754,118.94
078003,Acri,18,Calabria,078,Cosenza,CS,4,Sud,A053,ITF,ITF6,ITF61,078003,198.306,39.498405,16.411551,18059,91.07
078004,Aiello Calabro,18,Calabria,078,Cosenza,CS,4,Sud,A102,ITF,ITF6,ITF61,078004,38.029,39.115668,16.17782,1324,34.82
078005,Aieta,18,Calabria,078,Cosenza,CS,4,Sud,A105,ITF,ITF6,ITF61,078005,47.688,39.910466,15.83686,703,14.74
078006,Albidona,18,Calabria,078,Cosenza,CS,4,Sud,A160,ITF,ITF6,ITF61,078006,64.326,39.914039,16.511062,1047,16.28
078007,Alessandria del Carretto,18,Calabria,078,Cosenza,CS,4,Sud,A183,ITF,ITF6,ITF61,078007,40.976,39.962567,16.393537,337,8.22
078008,Altilia,18,Calabria,078,Cosenza,CS,4,Sud,A234,ITF,ITF6,ITF61,078008,10.642,39.124796,16.253024,669,62.86
078009,Altomonte,18,Calabria,078,Cosenza,CS,4,Sud,A240,ITF,ITF6,ITF61,078009,65.344,39.687445,16.164117,3943,60.34
078010,Amantea,18,Calabria,078,Cosenza,CS,4,Sud,A253,ITF,ITF6,ITF61,078010,29.241,39.102562,16.088165,13859,473.96
078011,Amendolara,18,Calabria,078,Cosenza,CS,4,Sud,A263,ITF,ITF6,ITF61,078011,59.899,39.954028,16.559088,2590,43.24
078012,Aprigliano,18,Calabria,078,Cosenza,CS,4,Sud,A340,ITF,ITF6,ITF61,078012,120.818,39.210019,16.500958,2307,19.09
078013,Belmonte Calabro,18,Calabria,078,Cosenza,CS,4,Sud,A762,ITF,ITF6,ITF61,078013,23.362,39.178857,16.095647,1664,71.23
078014,Belsito,18,Calabria,078,Cosenza,CS,4,Sud,A768,ITF,ITF6,ITF61,078014,11.317,39.171994,16.280857,892,78.82
078015,Belvedere Marittimo,18,Calabria,078,Cosenza,CS,4,Sud,A773,ITF,ITF6,ITF61,078015,36.981,39.632557,15.869962,8927,241.39
078016,Bianchi,18,Calabria,078,Cosenza,CS,4,Sud,A842,ITF,ITF6,ITF61,078016,32.678,39.102406,16.419601,1141,34.92
078017,Bisignano,18,Calabria,078,Cosenza,CS,4,Sud,A887,ITF,ITF6,ITF61,078017,85.266,39.526323,16.284217,9428,110.57
078018,Bocchigliero,18,Calabria,078,Cosenza,CS,4,Sud,A912,ITF,ITF6,ITF61,078018,97.895,39.393521,16.724946,1038,10.6
078019,Bonifati,18,Calabria,078,Cosenza,CS,4,Sud,A973,ITF,ITF6,ITF61,078019,33.197,39.569329,15.902766,2504,75.43
078020,Buonvicino,18,Calabria,078,Cosenza,CS,4,Sud,B270,ITF,ITF6,ITF61,078020,30.318,39.682071,15.897634,1971,65.01
078021,Calopezzati,18,Calabria,078,Cosenza,CS,4,Sud,B424,ITF,ITF6,ITF61,078021,22.139,39.561548,16.807019,1224,55.29
078022,Caloveto,18,Calabria,078,Cosenza,CS,4,Sud,B426,ITF,ITF6,ITF61,078022,24.624,39.510377,16.765961,1046,42.48
078023,Campana,18,Calabria,078,Cosenza,CS,4,Sud,B500,ITF,ITF6,ITF61,078023,103.597,39.401644,16.846904,1337,12.91
078024,Canna,18,Calabria,078,Cosenza,CS,4,Sud,B607,ITF,ITF6,ITF61,078024,19.834,40.100663,16.512925,577,29.09
078025,Cariati,18,Calabria,078,Cosenza,CS,4,Sud,B774,ITF,ITF6,ITF61,078025,28.625,39.489476,16.960605,7582,264.87
078026,Carolei,18,Calabria,078,Cosenza,CS,4,Sud,B802,ITF,ITF6,ITF61,078026,15.413,39.252376,16.214893,3027,196.39
078027,Carpanzano,18,Calabria,078,Cosenza,CS,4,Sud,B813,ITF,ITF6,ITF61,078027,13.87,39.145945,16.3302,185,13.34
078156,Casali del Manco,18,Calabria,078,Cosenza,CS,4,Sud,M385,ITF,ITF6,ITF61,078156,166.857,39.310778,16.518159,9269,55.55
078029,Cassano all'Ionio,18,Calabria,078,Cosenza,CS,4,Sud,C002,ITF,ITF6,ITF61,078029,157.584,39.757029,16.390054,16337,103.67
078030,Castiglione Cosentino,18,Calabria,078,Cosenza,CS,4,Sud,C301,ITF,ITF6,ITF61,078030,14.12,39.361892,16.285841,2731,193.41
078031,Castrolibero,18,Calabria,078,Cosenza,CS,4,Sud,C108,ITF,ITF6,ITF61,078031,11.579,39.307886,16.204612,9074,783.66
078032,Castroregio,18,Calabria,078,Cosenza,CS,4,Sud,C348,ITF,ITF6,ITF61,078032,40.829,39.984019,16.468171,208,5.09
078033,Castrovillari,18,Calabria,078,Cosenza,CS,4,Sud,C349,ITF,ITF6,ITF61,078033,129.156,39.810484,16.233314,20431,158.19
078034,Celico,18,Calabria,078,Cosenza,CS,4,Sud,C430,ITF,ITF6,ITF61,078034,99.36,39.366314,16.442344,2421,24.37
078035,Cellara,18,Calabria,078,Cosenza,CS,4,Sud,C437,ITF,ITF6,ITF61,078035,5.74,39.214213,16.354366,473,82.4
078036,Cerchiara di Calabria,18,Calabria,078,Cosenza,CS,4,Sud,C489,ITF,ITF6,ITF61,078036,80.921,39.852994,16.381013,2074,25.63
078037,Cerisano,18,Calabria,078,Cosenza,CS,4,Sud,C515,ITF,ITF6,ITF61,078037,15.224,39.27818,16.162595,2909,191.08
078038,Cervicati,18,Calabria,078,Cosenza,CS,4,Sud,C554,ITF,ITF6,ITF61,078038,12.035,39.543817,16.151568,767,63.73
078039,Cerzeto,18,Calabria,078,Cosenza,CS,4,Sud,C560,ITF,ITF6,ITF61,078039,21.69,39.504983,16.099381,1208,55.69
078040,Cetraro,18,Calabria,078,Cosenza,CS,4,Sud,C588,ITF,ITF6,ITF61,078040,65.439,39.538112,15.957726,9159,139.96
078041,Civita,18,Calabria,078,Cosenza,CS,4,Sud,C763,ITF,ITF6,ITF61,078041,27.696,39.848721,16.306827,773,27.91
078042,Cleto,18,Calabria,078,Cosenza,CS,4,Sud,C795,ITF,ITF6,ITF61,078042,18.989,39.076868,16.162714,1270,66.88
078043,Colosimi,18,Calabria,078,Cosenza,CS,4,Sud,C905,ITF,ITF6,ITF61,078043,25.454,39.122829,16.388369,1077,42.31
078157,Corigliano-Rossano,18,Calabria,078,Cosenza,CS,4,Sud,M403,ITF,ITF6,ITF61,078157,343.138,39.598156,16.616206,74403,216.83
078045,Cosenza,18,Calabria,078,Cosenza,CS,4,Sud,D086,ITF,ITF6,ITF61,078045,37.49,39.282272,16.264499,63449,1692.42
078046,Cropalati,18,Calabria,078,Cosenza,CS,4,Sud,D180,ITF,ITF6,ITF61,078046,33.469,39.524852,16.726495,947,28.29
078047,Crosia,18,Calabria,078,Cosenza,CS,4,Sud,D184,ITF,ITF6,ITF61,078047,21.013,39.585457,16.782552,9616,457.62
078048,Diamante,18,Calabria,078,Cosenza,CS,4,Sud,D289,ITF,ITF6,ITF61,078048,12.092,39.699426,15.823738,4947,409.11
078049,Dipignano,18,Calabria,078,Cosenza,CS,4,Sud,D304,ITF,ITF6,ITF61,078049,23.0,39.242931,16.24678,4054,176.26
078050,Domanico,18,Calabria,078,Cosenza,CS,4,Sud,D328,ITF,ITF6,ITF61,078050,23.667,39.203592,16.194531,915,38.66
078051,Fagnano Castello,18,Calabria,078,Cosenza,CS,4,Sud,D464,ITF,ITF6,ITF61,078051,29.396,39.554293,16.049591,3257,110.8
078052,Falconara Albanese,18,Calabria,078,Cosenza,CS,4,Sud,D473,ITF,ITF6,ITF61,078052,19.292,39.277149,16.090112,1507,78.12
078053,Figline Vegliaturo,18,Calabria,078,Cosenza,CS,4,Sud,D582,ITF,ITF6,ITF61,078053,4.042,39.223011,16.316574,1088,269.17
078054,Firmo,18,Calabria,078,Cosenza,CS,4,Sud,D614,ITF,ITF6,ITF61,078054,11.694,39.722776,16.177642,1758,150.33
078055,Fiumefreddo Bruzio,18,Calabria,078,Cosenza,CS,4,Sud,D624,ITF,ITF6,ITF61,078055,31.635,39.244104,16.099028,3979,125.78
078056,Francavilla Marittima,18,Calabria,078,Cosenza,CS,4,Sud,D764,ITF,ITF6,ITF61,078056,32.437,39.805919,16.379585,2708,83.48
078057,Frascineto,18,Calabria,078,Cosenza,CS,4,Sud,D774,ITF,ITF6,ITF61,078057,28.706,39.850561,16.274498,1812,63.12
078058,Fuscaldo,18,Calabria,078,Cosenza,CS,4,Sud,D828,ITF,ITF6,ITF61,078058,60.366,39.434734,16.040184,7923,131.25
078059,Grimaldi,18,Calabria,078,Cosenza,CS,4,Sud,E180,ITF,ITF6,ITF61,078059,24.378,39.138718,16.224103,1489,61.08
078060,Grisolia,18,Calabria,078,Cosenza,CS,4,Sud,E185,ITF,ITF6,ITF61,078060,51.477,39.711473,15.95225,2161,41.98
078061,Guardia Piemontese,18,Calabria,078,Cosenza,CS,4,Sud,E242,ITF,ITF6,ITF61,078061,21.411,39.483075,16.013569,1767,82.53
078062,Lago,18,Calabria,078,Cosenza,CS,4,Sud,E407,ITF,ITF6,ITF61,078062,49.602,39.16381,16.165577,2362,47.62
078063,Laino Borgo,18,Calabria,078,Cosenza,CS,4,Sud,E417,ITF,ITF6,ITF61,078063,56.497,39.960849,15.934246,1578,27.93
078064,Laino Castello,18,Calabria,078,Cosenza,CS,4,Sud,E419,ITF,ITF6,ITF61,078064,36.997,39.93862,15.981212,749,20.24
078065,Lappano,18,Calabria,078,Cosenza,CS,4,Sud,E450,ITF,ITF6,ITF61,078065,12.055,39.329441,16.30319,849,70.43
078066,Lattarico,18,Calabria,078,Cosenza,CS,4,Sud,E475,ITF,ITF6,ITF61,078066,43.447,39.456009,16.188208,3671,84.49
078067,Longobardi,18,Calabria,078,Cosenza,CS,4,Sud,E677,ITF,ITF6,ITF61,078067,18.319,39.202608,16.089861,3218,175.66
078068,Longobucco,18,Calabria,078,Cosenza,CS,4,Sud,E678,ITF,ITF6,ITF61,078068,210.241,39.448972,16.613991,2435,11.58
078069,Lungro,18,Calabria,078,Cosenza,CS,4,Sud,E745,ITF,ITF6,ITF61,078069,35.409,39.739015,16.126203,2046,57.78
078070,Luzzi,18,Calabria,078,Cosenza,CS,4,Sud,E773,ITF,ITF6,ITF61,078070,76.917,39.449091,16.309062,8680,112.85
078071,Maierà,18,Calabria,078,Cosenza,CS,4,Sud,E835,ITF,ITF6,ITF61,078071,17.583,39.703516,15.860192,1107,62.96
078072,Malito,18,Calabria,078,Cosenza,CS,4,Sud,E859,ITF,ITF6,ITF61,078072,16.577,39.166854,16.245501,681,41.08
078073,Malvito,18,Calabria,078,Cosenza,CS,4,Sud,E872,ITF,ITF6,ITF61,078073,37.977,39.6063,16.040866,1567,41.26
078074,Mandatoriccio,18,Calabria,078,Cosenza,CS,4,Sud,E878,ITF,ITF6,ITF61,078074,36.72,39.497942,16.842698,2392,65.14
078075,Mangone,18,Calabria,078,Cosenza,CS,4,Sud,E888,ITF,ITF6,ITF61,078075,12.573,39.206767,16.330194,1895,150.72
078076,Marano Marchesato,18,Calabria,078,Cosenza,CS,4,Sud,E914,ITF,ITF6,ITF61,078076,5.051,39.311404,16.165223,3329,659.08
078077,Marano Principato,18,Calabria,078,Cosenza,CS,4,Sud,E915,ITF,ITF6,ITF61,078077,6.224,39.293216,16.134617,2995,481.2
078078,Marzi,18,Calabria,078,Cosenza,CS,4,Sud,F001,ITF,ITF6,ITF61,078078,15.667,39.165942,16.337229,939,59.93
078079,Mendicino,18,Calabria,078,Cosenza,CS,4,Sud,F125,ITF,ITF6,ITF61,078079,34.908,39.254672,16.164516,8892,254.73
078080,Mongrassano,18,Calabria,078,Cosenza,CS,4,Sud,F370,ITF,ITF6,ITF61,078080,34.647,39.55035,16.196714,1446,41.74
078081,Montalto Uffugo,18,Calabria,078,Cosenza,CS,4,Sud,F416,ITF,ITF6,ITF61,078081,75.771,39.394264,16.166414,19909,262.75
078082,Montegiordano,18,Calabria,078,Cosenza,CS,4,Sud,F519,ITF,ITF6,ITF61,078082,35.652,40.043187,16.557016,1498,42.02
078083,Morano Calabro,18,Calabria,078,Cosenza,CS,4,Sud,F708,ITF,ITF6,ITF61,078083,114.873,39.867267,16.107005,3748,32.63
078084,Mormanno,18,Calabria,078,Cosenza,CS,4,Sud,F735,ITF,ITF6,ITF61,078084,78.564,39.880464,15.998323,2475,31.5
078085,Mottafollone,18,Calabria,078,Cosenza,CS,4,Sud,F775,ITF,ITF6,ITF61,078085,31.464,39.6497,16.078623,1013,32.2
078086,Nocara,18,Calabria,078,Cosenza,CS,4,Sud,F907,ITF,ITF6,ITF61,078086,33.903,40.106647,16.465899,284,8.38
078087,Oriolo,18,Calabria,078,Cosenza,CS,4,Sud,G110,ITF,ITF6,ITF61,078087,85.322,40.057144,16.461645,1762,20.65
078088,Orsomarso,18,Calabria,078,Cosenza,CS,4,Sud,G129,ITF,ITF6,ITF61,078088,89.642,39.79895,15.939478,1056,11.78
078089,Paludi,18,Calabria,078,Cosenza,CS,4,Sud,G298,ITF,ITF6,ITF61,078089,41.2,39.535482,16.678696,936,22.72
078090,Panettieri,18,Calabria,078,Cosenza,CS,4,Sud,G307,ITF,ITF6,ITF61,078090,14.906,39.080054,16.456709,304,20.39
078091,Paola,18,Calabria,078,Cosenza,CS,4,Sud,G317,ITF,ITF6,ITF61,078091,42.494,39.362739,16.060515,15090,355.11
078092,Papasidero,18,Calabria,078,Cosenza,CS,4,Sud,G320,ITF,ITF6,ITF61,078092,55.175,39.871595,15.913805,572,10.37
078093,Parenti,18,Calabria,078,Cosenza,CS,4,Sud,G331,ITF,ITF6,ITF61,078093,37.176,39.161591,16.470536,1925,51.78
078094,Paterno Calabro,18,Calabria,078,Cosenza,CS,4,Sud,G372,ITF,ITF6,ITF61,078094,24.17,39.21351,16.261791,1319,54.57
078096,Pedivigliano,18,Calabria,078,Cosenza,CS,4,Sud,G411,ITF,ITF6,ITF61,078096,16.584,39.110671,16.337124,729,43.96
078097,Piane Crati,18,Calabria,078,Cosenza,CS,4,Sud,G553,ITF,ITF6,ITF61,078097,2.331,39.234339,16.31567,1278,548.26
078098,Pietrafitta,18,Calabria,078,Cosenza,CS,4,Sud,G615,ITF,ITF6,ITF61,078098,9.374,39.258113,16.343552,1118,119.27
078099,Pietrapaola,18,Calabria,078,Cosenza,CS,4,Sud,G622,ITF,ITF6,ITF61,078099,52.425,39.500745,16.806338,998,19.04
078100,Plataci,18,Calabria,078,Cosenza,CS,4,Sud,G733,ITF,ITF6,ITF61,078100,49.121,39.902494,16.416413,626,12.74
078101,Praia a Mare,18,Calabria,078,Cosenza,CS,4,Sud,G975,ITF,ITF6,ITF61,078101,23.525,39.897438,15.793531,6268,266.44
078102,Rende,18,Calabria,078,Cosenza,CS,4,Sud,H235,ITF,ITF6,ITF61,078102,54.958,39.346323,16.211939,36893,671.29
078103,Rocca Imperiale,18,Calabria,078,Cosenza,CS,4,Sud,H416,ITF,ITF6,ITF61,078103,55.027,40.096048,16.572893,3116,56.63
078104,Roggiano Gravina,18,Calabria,078,Cosenza,CS,4,Sud,H488,ITF,ITF6,ITF61,078104,44.498,39.626481,16.170017,6708,150.75
078105,Rogliano,18,Calabria,078,Cosenza,CS,4,Sud,H490,ITF,ITF6,ITF61,078105,41.618,39.17691,16.388898,5150,123.74
078106,Rose,18,Calabria,078,Cosenza,CS,4,Sud,H565,ITF,ITF6,ITF61,078106,47.052,39.398002,16.32996,4109,87.33
078107,Roseto Capo Spulico,18,Calabria,078,Cosenza,CS,4,Sud,H572,ITF,ITF6,ITF61,078107,30.376,39.997777,16.578018,1865,61.4
078109,Rota Greca,18,Calabria,078,Cosenza,CS,4,Sud,H585,ITF,ITF6,ITF61,078109,12.887,39.461224,16.104073,891,69.14
078110,Rovito,18,Calabria,078,Cosenza,CS,4,Sud,H621,ITF,ITF6,ITF61,078110,10.63,39.310157,16.314529,2901,272.91
078111,San Basile,18,Calabria,078,Cosenza,CS,4,Sud,H765,ITF,ITF6,ITF61,078111,19.015,39.793669,16.188603,882,46.38
078112,San Benedetto Ullano,18,Calabria,078,Cosenza,CS,4,Sud,H774,ITF,ITF6,ITF61,078112,19.459,39.423437,16.11851,1373,70.56
078113,San Cosmo Albanese,18,Calabria,078,Cosenza,CS,4,Sud,H806,ITF,ITF6,ITF61,078113,11.647,39.599023,16.418341,540,46.36
078114,San Demetrio Corone,18,Calabria,078,Cosenza,CS,4,Sud,H818,ITF,ITF6,ITF61,078114,61.442,39.59707,16.369295,2955,48.09
078115,San Donato di Ninea,18,Calabria,078,Cosenza,CS,4,Sud,H825,ITF,ITF6,ITF61,078115,81.389,39.719941,16.028662,1030,12.66
078116,San Fili,18,Calabria,078,Cosenza,CS,4,Sud,H841,ITF,ITF6,ITF61,078116,20.709,39.329426,16.130097,2406,116.18
078118,San Giorgio Albanese,18,Calabria,078,Cosenza,CS,4,Sud,H881,ITF,ITF6,ITF61,078118,22.28,39.603011,16.463063,1256,56.37
078119,San Giovanni in Fiore,18,Calabria,078,Cosenza,CS,4,Sud,H919,ITF,ITF6,ITF61,078119,279.84,39.282492,16.667393,15328,54.77
078120,San Lorenzo Bellizzi,18,Calabria,078,Cosenza,CS,4,Sud,H961,ITF,ITF6,ITF61,078120,40.031,39.899552,16.325657,501,12.52
078121,San Lorenzo del Vallo,18,Calabria,078,Cosenza,CS,4,Sud,H962,ITF,ITF6,ITF61,078121,22.801,39.684672,16.255212,3057,134.07
078122,San Lucido,18,Calabria,078,Cosenza,CS,4,Sud,H971,ITF,ITF6,ITF61,078122,26.796,39.30941,16.082348,7775,290.16
078123,San Marco Argentano,18,Calabria,078,Cosenza,CS,4,Sud,H981,ITF,ITF6,ITF61,078123,79.657,39.587834,16.174265,6769,84.98
078124,San Martino di Finita,18,Calabria,078,Cosenza,CS,4,Sud,H992,ITF,ITF6,ITF61,078124,23.814,39.475313,16.158723,917,38.51
078125,San Nicola Arcella,18,Calabria,078,Cosenza,CS,4,Sud,I060,ITF,ITF6,ITF61,078125,11.622,39.850131,15.803336,2018,173.64
078126,San Pietro in Amantea,18,Calabria,078,Cosenza,CS,4,Sud,I108,ITF,ITF6,ITF61,078126,9.465,39.116886,16.111987,446,47.12
078127,San Pietro in Guarano,18,Calabria,078,Cosenza,CS,4,Sud,I114,ITF,ITF6,ITF61,078127,47.945,39.363342,16.357955,3298,68.79
078128,San Sosti,18,Calabria,078,Cosenza,CS,4,Sud,I165,ITF,ITF6,ITF61,078128,42.998,39.667968,16.028092,1839,42.77
078135,San Vincenzo La Costa,18,Calabria,078,Cosenza,CS,4,Sud,I388,ITF,ITF6,ITF61,078135,18.376,39.368745,16.150349,1930,105.03
078117,Sangineto,18,Calabria,078,Cosenza,CS,4,Sud,H877,ITF,ITF6,ITF61,078117,27.425,39.608742,15.919419,1202,43.83
078131,Sant'Agata di Esaro,18,Calabria,078,Cosenza,CS,4,Sud,I192,ITF,ITF6,ITF61,078131,46.934,39.61847,15.985455,1703,36.28
078129,Santa Caterina Albanese,18,Calabria,078,Cosenza,CS,4,Sud,I171,ITF,ITF6,ITF61,078129,17.328,39.596308,16.082658,1052,60.71
078130,Santa Domenica Talao,18,Calabria,078,Cosenza,CS,4,Sud,I183,ITF,ITF6,ITF61,078130,35.892,39.822738,15.853348,1127,31.4
078132,Santa Maria del Cedro,18,Calabria,078,Cosenza,CS,4,Sud,C717,ITF,ITF6,ITF61,078132,18.186,39.756583,15.834311,5179,284.78
078133,Santa Sofia d'Epiro,18,Calabria,078,Cosenza,CS,4,Sud,I309,ITF,ITF6,ITF61,078133,39.001,39.578375,16.290609,2081,53.36
078134,Santo Stefano di Rogliano,18,Calabria,078,Cosenza,CS,4,Sud,I359,ITF,ITF6,ITF61,078134,19.018,39.200113,16.410671,1736,91.28
078136,Saracena,18,Calabria,078,Cosenza,CS,4,Sud,I423,ITF,ITF6,ITF61,078136,108.45,39.775776,16.137984,3234,29.82
078137,Scala Coeli,18,Calabria,078,Cosenza,CS,4,Sud,I485,ITF,ITF6,ITF61,078137,66.889,39.462522,16.889957,734,10.97
078138,Scalea,18,Calabria,078,Cosenza,CS,4,Sud,I489,ITF,ITF6,ITF61,078138,22.329,39.801412,15.804031,11792,528.1
078139,Scigliano,18,Calabria,078,Cosenza,CS,4,Sud,D290,ITF,ITF6,ITF61,078139,17.586,39.125851,16.297983,1095,62.27
078140,Serra d'Aiello,18,Calabria,078,Cosenza,CS,4,Sud,I642,ITF,ITF6,ITF61,078140,4.663,39.086037,16.125161,521,111.73
078142,Spezzano Albanese,18,Calabria,078,Cosenza,CS,4,Sud,I895,ITF,ITF6,ITF61,078142,31.849,39.685814,16.309909,6388,200.57
078143,Spezzano della Sila,18,Calabria,078,Cosenza,CS,4,Sud,I896,ITF,ITF6,ITF61,078143,79.2,39.343666,16.474384,4304,54.34
078145,Tarsia,18,Calabria,078,Cosenza,CS,4,Sud,L055,ITF,ITF6,ITF61,078145,47.771,39.618426,16.278043,1818,38.06
078146,Terranova da Sibari,18,Calabria,078,Cosenza,CS,4,Sud,L124,ITF,ITF6,ITF61,078146,42.792,39.664565,16.367757,4441,103.78
078147,Terravecchia,18,Calabria,078,Cosenza,CS,4,Sud,L134,ITF,ITF6,ITF61,078147,20.024,39.459727,16.956936,553,27.62
078148,Torano Castello,18,Calabria,078,Cosenza,CS,4,Sud,L206,ITF,ITF6,ITF61,078148,30.097,39.506517,16.170601,4255,141.38
078149,Tortora,18,Calabria,078,Cosenza,CS,4,Sud,L305,ITF,ITF6,ITF61,078149,57.302,39.956765,15.808633,5919,103.29
078150,Trebisacce,18,Calabria,078,Cosenza,CS,4,Sud,L353,ITF,ITF6,ITF61,078150,26.498,39.877922,16.513809,8582,323.87
078152,Vaccarizzo Albanese,18,Calabria,078,Cosenza,CS,4,Sud,L524,ITF,ITF6,ITF61,078152,8.619,39.590436,16.435567,1010,117.18
078153,Verbicaro,18,Calabria,078,Cosenza,CS,4,Sud,L747,ITF,ITF6,ITF61,078153,32.061,39.762827,15.91887,2489,77.63
078154,Villapiana,18,Calabria,078,Cosenza,CS,4,Sud,B903,ITF,ITF6,ITF61,078154,39.58,39.825162,16.471068,5612,141.79
078155,Zumpano,18,Calabria,078,Cosenza,CS,4,Sud,M202,ITF,ITF6,ITF61,078155,8.128,39.317459,16.277974,2589,318.53
101001,Belvedere di Spinello,18,Calabria,101,Crotone,KR,4,Sud,A772,ITF,ITF6,ITF62,101001,29.791,39.209905,16.907442,1878,63.04
101002,Caccuri,18,Calabria,101,Crotone,KR,4,Sud,B319,ITF,ITF6,ITF62,101002,60.871,39.21581,16.815575,1497,24.59
101003,Carfizzi,18,Calabria,101,Crotone,KR,4,Sud,B771,ITF,ITF6,ITF62,101003,20.531,39.325647,16.990203,534,26.01
101004,Casabona,18,Calabria,101,Crotone,KR,4,Sud,B857,ITF,ITF6,ITF62,101004,66.833,39.245229,16.951743,2163,32.36
101005,Castelsilano,18,Calabria,101,Crotone,KR,4,Sud,B968,ITF,ITF6,ITF62,101005,39.381,39.241113,16.869914,902,22.9
101006,Cerenzia,18,Calabria,101,Crotone,KR,4,Sud,C501,ITF,ITF6,ITF62,101006,21.876,39.255013,16.824085,983,44.94
101007,Cirò,18,Calabria,101,Crotone,KR,4,Sud,C725,ITF,ITF6,ITF62,101007,70.022,39.385432,17.034424,2321,33.15
101008,Cirò Marina,18,Calabria,101,Crotone,KR,4,Sud,C726,ITF,ITF6,ITF62,101008,41.432,39.365657,17.11235,14233,343.53
101009,Cotronei,18,Calabria,101,Crotone,KR,4,Sud,D123,ITF,ITF6,ITF62,101009,78.644,39.171555,16.721958,5068,64.44
101010,Crotone,18,Calabria,101,Crotone,KR,4,Sud,D122,ITF,ITF6,ITF62,101010,179.937,39.113588,17.068908,58136,323.09
101011,Crucoli,18,Calabria,101,Crotone,KR,4,Sud,D189,ITF,ITF6,ITF62,101011,49.746,39.435836,17.002106,2752,55.32
101012,Cutro,18,Calabria,101,Crotone,KR,4,Sud,D236,ITF,ITF6,ITF62,101012,131.82,39.002522,17.002516,9165,69.53
101013,Isola di Capo Rizzuto,18,Calabria,101,Crotone,KR,4,Sud,E339,ITF,ITF6,ITF62,101013,125.582,38.958221,17.089215,18985,151.18
101014,Melissa,18,Calabria,101,Crotone,KR,4,Sud,F108,ITF,ITF6,ITF62,101014,51.023,39.30355,17.05546,3297,64.62
101015,Mesoraca,18,Calabria,101,Crotone,KR,4,Sud,F157,ITF,ITF6,ITF62,101015,93.515,39.040629,16.872564,5701,60.96
101016,Pallagorio,18,Calabria,101,Crotone,KR,4,Sud,G278,ITF,ITF6,ITF62,101016,43.999,39.310501,16.917448,882,20.05
101017,Petilia Policastro,18,Calabria,101,Crotone,KR,4,Sud,G508,ITF,ITF6,ITF62,101017,97.336,39.106259,16.789093,8430,86.61
101019,Rocca di Neto,18,Calabria,101,Crotone,KR,4,Sud,H403,ITF,ITF6,ITF62,101019,43.79,39.187828,17.028464,5286,120.71
101018,Roccabernarda,18,Calabria,101,Crotone,KR,4,Sud,H383,ITF,ITF6,ITF62,101018,64.24,39.088104,16.879737,3045,47.4
101020,San Mauro Marchesato,18,Calabria,101,Crotone,KR,4,Sud,I026,ITF,ITF6,ITF62,101020,41.406,39.089336,16.928087,1868,45.11
101021,San Nicola dell'Alto,18,Calabria,101,Crotone,KR,4,Sud,I057,ITF,ITF6,ITF62,101021,7.962,39.279079,16.980813,645,81.01
101022,Santa Severina,18,Calabria,101,Crotone,KR,4,Sud,I308,ITF,ITF6,ITF62,101022,51.908,39.151241,16.928693,1829,35.24
101023,Savelli,18,Calabria,101,Crotone,KR,4,Sud,I468,ITF,ITF6,ITF62,101023,48.191,39.327366,16.753415,1005,20.85
101024,Scandale,18,Calabria,101,Crotone,KR,4,Sud,I494,ITF,ITF6,ITF62,101024,53.667,39.136884,16.988489,2856,53.22
101025,Strongoli,18,Calabria,101,Crotone,KR,4,Sud,I982,ITF,ITF6,ITF62,101025,85.009,39.239514,17.067089,6113,71.91
101026,Umbriatico,18,Calabria,101,Crotone,KR,4,Sud,L492,ITF,ITF6,ITF62,101026,72.573,39.363066,16.93558,685,9.44
101027,Verzino,18,Calabria,101,Crotone,KR,4,Sud,L802,ITF,ITF6,ITF62,101027,45.554,39.303959,16.847021,1506,33.06
080001,Africo,18,Calabria,080,Reggio Calabria,RC,4,Sud,A065,ITF,ITF6,ITF65,080001,53.054,38.081792,15.964676,2670,50.33
080002,Agnana Calabra,18,Calabria,080,Reggio Calabria,RC,4,Sud,A077,ITF,ITF6,ITF65,080002,8.6,38.307947,16.228328,446,51.86
080003,Anoia,18,Calabria,080,Reggio Calabria,RC,4,Sud,A303,ITF,ITF6,ITF65,080003,10.392,38.447502,16.061803,1995,191.97
080004,Antonimina,18,Calabria,080,Reggio Calabria,RC,4,Sud,A314,ITF,ITF6,ITF65,080004,22.796,38.28166,16.159187,1152,50.54
080005,Ardore,18,Calabria,080,Reggio Calabria,RC,4,Sud,A385,ITF,ITF6,ITF65,080005,32.377,38.195003,16.172131,4906,151.53
080006,Bagaladi,18,Calabria,080,Reggio Calabria,RC,4,Sud,A544,ITF,ITF6,ITF65,080006,30.19,38.063131,15.819657,916,30.34
080007,Bagnara Calabra,18,Calabria,080,Reggio Calabria,RC,4,Sud,A552,ITF,ITF6,ITF65,080007,24.736,38.281989,15.820169,9102,367.97
080008,Benestare,18,Calabria,080,Reggio Calabria,RC,4,Sud,A780,ITF,ITF6,ITF65,080008,18.298,38.166608,16.128996,2489,136.03
080009,Bianco,18,Calabria,080,Reggio Calabria,RC,4,Sud,A843,ITF,ITF6,ITF65,080009,29.885,38.070043,16.130422,4298,143.82
080010,Bivongi,18,Calabria,080,Reggio Calabria,RC,4,Sud,A897,ITF,ITF6,ITF65,080010,25.364,38.50438,16.435177,1131,44.59
080011,Bova,18,Calabria,080,Reggio Calabria,RC,4,Sud,B097,ITF,ITF6,ITF65,080011,47.365,38.00524,15.964072,460,9.71
080013,Bova Marina,18,Calabria,080,Reggio Calabria,RC,4,Sud,B099,ITF,ITF6,ITF65,080013,28.924,37.950226,15.939611,3925,135.7
080012,Bovalino,18,Calabria,080,Reggio Calabria,RC,4,Sud,B098,ITF,ITF6,ITF65,080012,17.962,38.152827,16.165925,8743,486.75
080014,Brancaleone,18,Calabria,080,Reggio Calabria,RC,4,Sud,B118,ITF,ITF6,ITF65,080014,35.716,37.963322,16.070606,3124,87.47
080015,Bruzzano Zeffirio,18,Calabria,080,Reggio Calabria,RC,4,Sud,B234,ITF,ITF6,ITF65,080015,20.494,38.017736,16.074629,1010,49.28
080016,Calanna,18,Calabria,080,Reggio Calabria,RC,4,Sud,B379,ITF,ITF6,ITF65,080016,10.92,38.188729,15.720733,735,67.31
080017,Camini,18,Calabria,080,Reggio Calabria,RC,4,Sud,B481,ITF,ITF6,ITF65,080017,17.126,38.423779,16.522113,793,46.3
080018,Campo Calabro,18,Calabria,080,Reggio Calabria,RC,4,Sud,B516,ITF,ITF6,ITF65,080018,7.792,38.2176,15.665739,4512,579.06
080019,Candidoni,18,Calabria,080,Reggio Calabria,RC,4,Sud,B591,ITF,ITF6,ITF65,080019,26.959,38.52491,16.036302,407,15.1
080020,Canolo,18,Calabria,080,Reggio Calabria,RC,4,Sud,B617,ITF,ITF6,ITF65,080020,27.877,38.320454,16.178226,684,24.54
080021,Caraffa del Bianco,18,Calabria,080,Reggio Calabria,RC,4,Sud,B718,ITF,ITF6,ITF65,080021,11.332,38.070084,16.099278,429,37.86
080022,Cardeto,18,Calabria,080,Reggio Calabria,RC,4,Sud,B756,ITF,ITF6,ITF65,080022,36.66,38.095595,15.806316,1237,33.74
080023,Careri,18,Calabria,080,Reggio Calabria,RC,4,Sud,B766,ITF,ITF6,ITF65,080023,38.313,38.182228,16.066831,2049,53.48
080024,Casignana,18,Calabria,080,Reggio Calabria,RC,4,Sud,B966,ITF,ITF6,ITF65,080024,24.049,38.114651,16.106701,680,28.28
080025,Caulonia,18,Calabria,080,Reggio Calabria,RC,4,Sud,C285,ITF,ITF6,ITF65,080025,100.961,38.408169,16.374236,6649,65.86
080026,Ciminà,18,Calabria,080,Reggio Calabria,RC,4,Sud,C695,ITF,ITF6,ITF65,080026,49.047,38.262479,16.116119,510,10.4
080027,Cinquefrondi,18,Calabria,080,Reggio Calabria,RC,4,Sud,C710,ITF,ITF6,ITF65,080027,29.494,38.407761,16.132164,6235,211.4
080028,Cittanova,18,Calabria,080,Reggio Calabria,RC,4,Sud,C747,ITF,ITF6,ITF65,080028,61.201,38.372938,16.063116,9580,156.53
080029,Condofuri,18,Calabria,080,Reggio Calabria,RC,4,Sud,C954,ITF,ITF6,ITF65,080029,60.102,37.976685,15.880709,4491,74.72
080030,Cosoleto,18,Calabria,080,Reggio Calabria,RC,4,Sud,D089,ITF,ITF6,ITF65,080030,34.136,38.230401,15.892768,728,21.33
080031,Delianuova,18,Calabria,080,Reggio Calabria,RC,4,Sud,D268,ITF,ITF6,ITF65,080031,21.289,38.225341,15.917763,3052,143.36
080032,Feroleto della Chiesa,18,Calabria,080,Reggio Calabria,RC,4,Sud,D545,ITF,ITF6,ITF65,080032,7.665,38.469397,16.066115,1489,194.26
080033,Ferruzzano,18,Calabria,080,Reggio Calabria,RC,4,Sud,D557,ITF,ITF6,ITF65,080033,18.926,38.028088,16.095904,685,36.19
080034,Fiumara,18,Calabria,080,Reggio Calabria,RC,4,Sud,D619,ITF,ITF6,ITF65,080034,6.583,38.219879,15.701671,789,119.85
080035,Galatro,18,Calabria,080,Reggio Calabria,RC,4,Sud,D864,ITF,ITF6,ITF65,080035,50.697,38.46672,16.13265,1391,27.44
080036,Gerace,18,Calabria,080,Reggio Calabria,RC,4,Sud,D975,ITF,ITF6,ITF65,080036,28.491,38.290167,16.180983,2275,79.85
080037,Giffone,18,Calabria,080,Reggio Calabria,RC,4,Sud,E025,ITF,ITF6,ITF65,080037,14.641,38.43401,16.153808,1553,106.07
080038,Gioia Tauro,18,Calabria,080,Reggio Calabria,RC,4,Sud,E041,ITF,ITF6,ITF65,080038,37.61,38.427627,15.912577,19324,513.8
080039,Gioiosa Ionica,18,Calabria,080,Reggio Calabria,RC,4,Sud,E044,ITF,ITF6,ITF65,080039,36.164,38.358226,16.320274,6834,188.97
080040,Grotteria,18,Calabria,080,Reggio Calabria,RC,4,Sud,E212,ITF,ITF6,ITF65,080040,37.731,38.370136,16.261874,2815,74.61
080041,Laganadi,18,Calabria,080,Reggio Calabria,RC,4,Sud,E402,ITF,ITF6,ITF65,080041,8.201,38.187055,15.753652,321,39.14
080042,Laureana di Borrello,18,Calabria,080,Reggio Calabria,RC,4,Sud,E479,ITF,ITF6,ITF65,080042,34.926,38.497868,16.059815,4557,130.48
080043,Locri,18,Calabria,080,Reggio Calabria,RC,4,Sud,D976,ITF,ITF6,ITF65,080043,25.649,38.23559,16.233773,11856,462.24
080044,Mammola,18,Calabria,080,Reggio Calabria,RC,4,Sud,E873,ITF,ITF6,ITF65,080044,80.324,38.37814,16.205745,2335,29.07
080045,Marina di Gioiosa Ionica,18,Calabria,080,Reggio Calabria,RC,4,Sud,E956,ITF,ITF6,ITF65,080045,15.784,38.327416,16.33706,6303,399.33
080046,Maropati,18,Calabria,080,Reggio Calabria,RC,4,Sud,E968,ITF,ITF6,ITF65,080046,10.338,38.447436,16.103343,1291,124.88
080047,Martone,18,Calabria,080,Reggio Calabria,RC,4,Sud,E993,ITF,ITF6,ITF65,080047,8.167,38.393044,16.295953,476,58.28
080049,Melicucco,18,Calabria,080,Reggio Calabria,RC,4,Sud,F106,ITF,ITF6,ITF65,080049,6.516,38.449617,16.039233,4842,743.09
080048,Melicuccà,18,Calabria,080,Reggio Calabria,RC,4,Sud,F105,ITF,ITF6,ITF65,080048,17.362,38.293018,15.871817,780,44.93
080050,Melito di Porto Salvo,18,Calabria,080,Reggio Calabria,RC,4,Sud,F112,ITF,ITF6,ITF65,080050,34.946,37.955312,15.787932,10314,295.14
080051,Molochio,18,Calabria,080,Reggio Calabria,RC,4,Sud,F301,ITF,ITF6,ITF65,080051,37.127,38.300158,16.061115,2122,57.16
080052,Monasterace,18,Calabria,080,Reggio Calabria,RC,4,Sud,F324,ITF,ITF6,ITF65,080052,15.726,38.449517,16.562016,3234,205.65
080053,Montebello Jonico,18,Calabria,080,Reggio Calabria,RC,4,Sud,D746,ITF,ITF6,ITF65,080053,56.173,37.995777,15.753651,5451,97.04
080054,Motta San Giovanni,18,Calabria,080,Reggio Calabria,RC,4,Sud,F779,ITF,ITF6,ITF65,080054,45.866,38.000876,15.704941,5377,117.23
080055,Oppido Mamertina,18,Calabria,080,Reggio Calabria,RC,4,Sud,G082,ITF,ITF6,ITF65,080055,58.558,38.29376,15.974012,4674,79.82
080056,Palizzi,18,Calabria,080,Reggio Calabria,RC,4,Sud,G277,ITF,ITF6,ITF65,080056,52.189,37.961212,16.008787,1826,34.99
080057,Palmi,18,Calabria,080,Reggio Calabria,RC,4,Sud,G288,ITF,ITF6,ITF65,080057,31.883,38.379403,15.881787,17983,564.03
080058,Pazzano,18,Calabria,080,Reggio Calabria,RC,4,Sud,G394,ITF,ITF6,ITF65,080058,15.435,38.468696,16.431745,497,32.2
080059,Placanica,18,Calabria,080,Reggio Calabria,RC,4,Sud,G729,ITF,ITF6,ITF65,080059,29.168,38.426126,16.437988,977,33.5
080060,Platì,18,Calabria,080,Reggio Calabria,RC,4,Sud,G735,ITF,ITF6,ITF65,080060,50.28,38.222443,16.072655,3646,72.51
080061,Polistena,18,Calabria,080,Reggio Calabria,RC,4,Sud,G791,ITF,ITF6,ITF65,080061,11.469,38.411674,16.058715,9822,856.4
080062,Portigliola,18,Calabria,080,Reggio Calabria,RC,4,Sud,G905,ITF,ITF6,ITF65,080062,5.945,38.222027,16.210243,994,167.2
080063,Reggio di Calabria,18,Calabria,080,Reggio Calabria,RC,4,Sud,H224,ITF,ITF6,ITF65,080063,237.522,38.101718,15.704856,167925,706.99
080064,Riace,18,Calabria,080,Reggio Calabria,RC,4,Sud,H265,ITF,ITF6,ITF65,080064,16.067,38.403764,16.513427,1796,111.78
080065,Rizziconi,18,Calabria,080,Reggio Calabria,RC,4,Sud,H359,ITF,ITF6,ITF65,080065,40.174,38.407093,15.971665,7603,189.25
080066,Roccaforte del Greco,18,Calabria,080,Reggio Calabria,RC,4,Sud,H408,ITF,ITF6,ITF65,080066,43.708,38.095009,15.892922,291,6.66
080067,Roccella Ionica,18,Calabria,080,Reggio Calabria,RC,4,Sud,H456,ITF,ITF6,ITF65,080067,37.69,38.36529,16.360612,6119,162.35
080068,Roghudi,18,Calabria,080,Reggio Calabria,RC,4,Sud,H489,ITF,ITF6,ITF65,080068,46.317,38.083836,15.92255,897,19.37
080069,Rosarno,18,Calabria,080,Reggio Calabria,RC,4,Sud,H558,ITF,ITF6,ITF65,080069,39.201,38.469296,15.98583,14528,370.6
080070,Samo,18,Calabria,080,Reggio Calabria,RC,4,Sud,H013,ITF,ITF6,ITF65,080070,49.769,38.109755,15.978712,679,13.64
080097,San Ferdinando,18,Calabria,080,Reggio Calabria,RC,4,Sud,M277,ITF,ITF6,ITF65,080097,14.04,38.482157,15.939449,4469,318.3
080071,San Giorgio Morgeto,18,Calabria,080,Reggio Calabria,RC,4,Sud,H889,ITF,ITF6,ITF65,080071,35.183,38.369388,16.120865,2945,83.71
080072,San Giovanni di Gerace,18,Calabria,080,Reggio Calabria,RC,4,Sud,H903,ITF,ITF6,ITF65,080072,13.297,38.38853,16.281834,394,29.63
080073,San Lorenzo,18,Calabria,080,Reggio Calabria,RC,4,Sud,H959,ITF,ITF6,ITF65,080073,63.686,38.017399,15.834354,2068,32.47
080074,San Luca,18,Calabria,080,Reggio Calabria,RC,4,Sud,H970,ITF,ITF6,ITF65,080074,104.117,38.153277,16.015107,3297,31.67
080075,San Pietro di Caridà,18,Calabria,080,Reggio Calabria,RC,4,Sud,I102,ITF,ITF6,ITF65,080075,47.578,38.496424,16.198406,923,19.4
080076,San Procopio,18,Calabria,080,Reggio Calabria,RC,4,Sud,I132,ITF,ITF6,ITF65,080076,11.242,38.304453,15.902136,469,41.72
080077,San Roberto,18,Calabria,080,Reggio Calabria,RC,4,Sud,I139,ITF,ITF6,ITF65,080077,34.433,38.208462,15.765643,1479,42.95
080079,Sant'Agata del Bianco,18,Calabria,080,Reggio Calabria,RC,4,Sud,I198,ITF,ITF6,ITF65,080079,20.253,38.075631,16.082613,524,25.87
080080,Sant'Alessio in Aspromonte,18,Calabria,080,Reggio Calabria,RC,4,Sud,I214,ITF,ITF6,ITF65,080080,3.951,38.176569,15.762301,299,75.68
080081,Sant'Eufemia d'Aspromonte,18,Calabria,080,Reggio Calabria,RC,4,Sud,I333,ITF,ITF6,ITF65,080081,32.668,38.220033,15.851061,3625,110.96
080082,Sant'Ilario dello Ionio,18,Calabria,080,Reggio Calabria,RC,4,Sud,I341,ITF,ITF6,ITF65,080082,13.981,38.214621,16.190614,1308,93.56
080078,Santa Cristina d'Aspromonte,18,Calabria,080,Reggio Calabria,RC,4,Sud,I176,ITF,ITF6,ITF65,080078,22.987,38.243846,15.972666,707,30.76
080083,Santo Stefano in Aspromonte,18,Calabria,080,Reggio Calabria,RC,4,Sud,I371,ITF,ITF6,ITF65,080083,17.692,38.171249,15.815344,1001,56.58
080084,Scido,18,Calabria,080,Reggio Calabria,RC,4,Sud,I536,ITF,ITF6,ITF65,080084,17.553,38.23222,15.948542,797,45.41
080085,Scilla,18,Calabria,080,Reggio Calabria,RC,4,Sud,I537,ITF,ITF6,ITF65,080085,43.345,38.211243,15.828697,4405,101.63
080086,Seminara,18,Calabria,080,Reggio Calabria,RC,4,Sud,I600,ITF,ITF6,ITF65,080086,33.724,38.343743,15.892367,2473,73.33
080087,Serrata,18,Calabria,080,Reggio Calabria,RC,4,Sud,I656,ITF,ITF6,ITF65,080087,21.751,38.531058,16.076781,788,36.23
080088,Siderno,18,Calabria,080,Reggio Calabria,RC,4,Sud,I725,ITF,ITF6,ITF65,080088,31.659,38.284915,16.27556,17619,556.52
080089,Sinopoli,18,Calabria,080,Reggio Calabria,RC,4,Sud,I753,ITF,ITF6,ITF65,080089,24.782,38.213063,15.875702,1798,72.55
080090,Staiti,18,Calabria,080,Reggio Calabria,RC,4,Sud,I936,ITF,ITF6,ITF65,080090,16.178,37.998192,16.044781,161,9.95
080091,Stignano,18,Calabria,080,Reggio Calabria,RC,4,Sud,I955,ITF,ITF6,ITF65,080091,17.66,38.395397,16.486261,1143,64.72
080092,Stilo,18,Calabria,080,Reggio Calabria,RC,4,Sud,I956,ITF,ITF6,ITF65,080092,77.643,38.458017,16.500977,2306,29.7
080093,Taurianova,18,Calabria,080,Reggio Calabria,RC,4,Sud,L063,ITF,ITF6,ITF65,080093,48.149,38.373798,15.986965,14643,304.12
080094,Terranova Sappo Minulio,18,Calabria,080,Reggio Calabria,RC,4,Sud,L127,ITF,ITF6,ITF65,080094,9.148,38.325791,16.004802,402,43.94
080095,Varapodio,18,Calabria,080,Reggio Calabria,RC,4,Sud,L673,ITF,ITF6,ITF65,080095,28.789,38.30103,16.009214,2062,71.62
080096,Villa San Giovanni,18,Calabria,080,Reggio Calabria,RC,4,Sud,M018,ITF,ITF6,ITF65,080096,12.159,38.225102,15.644274,12676,1042.52
102001,Acquaro,18,Calabria,102,Vibo Valentia,VV,4,Sud,A043,ITF,ITF6,ITF64,102001,24.762,38.528245,16.208255,1780,71.88
102002,Arena,18,Calabria,102,Vibo Valentia,VV,4,Sud,A386,ITF,ITF6,ITF64,102002,34.051,38.53772,16.264736,1144,33.6
102003,Briatico,18,Calabria,102,Vibo Valentia,VV,4,Sud,B169,ITF,ITF6,ITF64,102003,27.362,38.693833,16.013345,3578,130.77
102004,Brognaturo,18,Calabria,102,Vibo Valentia,VV,4,Sud,B197,ITF,ITF6,ITF64,102004,25.138,38.582859,16.397804,719,28.6
102005,Capistrano,18,Calabria,102,Vibo Valentia,VV,4,Sud,B655,ITF,ITF6,ITF64,102005,20.998,38.699863,16.296459,931,44.34
102006,Cessaniti,18,Calabria,102,Vibo Valentia,VV,4,Sud,C581,ITF,ITF6,ITF64,102006,17.809,38.678826,16.029264,2844,159.69
102007,Dasà,18,Calabria,102,Vibo Valentia,VV,4,Sud,D253,ITF,ITF6,ITF64,102007,6.33,38.566796,16.178788,1067,168.56
102008,Dinami,18,Calabria,102,Vibo Valentia,VV,4,Sud,D303,ITF,ITF6,ITF64,102008,44.533,38.546336,16.131848,1642,36.87
102009,Drapia,18,Calabria,102,Vibo Valentia,VV,4,Sud,D364,ITF,ITF6,ITF64,102009,21.477,38.648158,15.913578,2095,97.55
102010,Fabrizia,18,Calabria,102,Vibo Valentia,VV,4,Sud,D453,ITF,ITF6,ITF64,102010,39.568,38.472222,16.298143,1928,48.73
102011,Filadelfia,18,Calabria,102,Vibo Valentia,VV,4,Sud,D587,ITF,ITF6,ITF64,102011,31.14,38.790906,16.318052,4942,158.7
102012,Filandari,18,Calabria,102,Vibo Valentia,VV,4,Sud,D589,ITF,ITF6,ITF64,102012,18.625,38.619455,16.030878,1737,93.26
102013,Filogaso,18,Calabria,102,Vibo Valentia,VV,4,Sud,D596,ITF,ITF6,ITF64,102013,23.305,38.681299,16.220194,1306,56.04
102014,Francavilla Angitola,18,Calabria,102,Vibo Valentia,VV,4,Sud,D762,ITF,ITF6,ITF64,102014,28.745,38.778527,16.249704,1798,62.55
102015,Francica,18,Calabria,102,Vibo Valentia,VV,4,Sud,D767,ITF,ITF6,ITF64,102015,22.247,38.618306,16.126126,1608,72.28
102016,Gerocarne,18,Calabria,102,Vibo Valentia,VV,4,Sud,D988,ITF,ITF6,ITF64,102016,44.976,38.593645,16.18577,1856,41.27
102017,Ionadi,18,Calabria,102,Vibo Valentia,VV,4,Sud,E321,ITF,ITF6,ITF64,102017,8.815,38.636969,16.060672,4768,540.9
102018,Joppolo,18,Calabria,102,Vibo Valentia,VV,4,Sud,E389,ITF,ITF6,ITF64,102018,21.528,38.590763,15.89944,1711,79.48
102019,Limbadi,18,Calabria,102,Vibo Valentia,VV,4,Sud,E590,ITF,ITF6,ITF64,102019,29.111,38.55912,15.978238,3184,109.37
102020,Maierato,18,Calabria,102,Vibo Valentia,VV,4,Sud,E836,ITF,ITF6,ITF64,102020,39.765,38.729021,16.222977,2152,54.12
102021,Mileto,18,Calabria,102,Vibo Valentia,VV,4,Sud,F207,ITF,ITF6,ITF64,102021,35.381,38.58234,16.088443,6228,176.03
102022,Mongiana,18,Calabria,102,Vibo Valentia,VV,4,Sud,F364,ITF,ITF6,ITF64,102022,17.97,38.507489,16.317317,573,31.89
102023,Monterosso Calabro,18,Calabria,102,Vibo Valentia,VV,4,Sud,F607,ITF,ITF6,ITF64,102023,18.153,38.724604,16.298279,1440,79.33
102024,Nardodipace,18,Calabria,102,Vibo Valentia,VV,4,Sud,F843,ITF,ITF6,ITF64,102024,32.583,38.463093,16.35761,1018,31.24
102025,Nicotera,18,Calabria,102,Vibo Valentia,VV,4,Sud,F893,ITF,ITF6,ITF64,102025,27.821,38.550646,15.939551,7079,254.45
102026,Parghelia,18,Calabria,102,Vibo Valentia,VV,4,Sud,G335,ITF,ITF6,ITF64,102026,7.654,38.684454,15.928366,1271,166.06
102027,Pizzo,18,Calabria,102,Vibo Valentia,VV,4,Sud,G722,ITF,ITF6,ITF64,102027,22.012,38.759028,16.202577,8668,393.79
102028,Pizzoni,18,Calabria,102,Vibo Valentia,VV,4,Sud,G728,ITF,ITF6,ITF64,102028,21.568,38.620419,16.252941,916,42.47
102029,Polia,18,Calabria,102,Vibo Valentia,VV,4,Sud,G785,ITF,ITF6,ITF64,102029,31.436,38.748626,16.316088,770,24.49
102030,Ricadi,18,Calabria,102,Vibo Valentia,VV,4,Sud,H271,ITF,ITF6,ITF64,102030,22.351,38.637824,15.855845,5048,225.85
102031,Rombiolo,18,Calabria,102,Vibo Valentia,VV,4,Sud,H516,ITF,ITF6,ITF64,102031,22.619,38.605573,15.990787,4201,185.73
102032,San Calogero,18,Calabria,102,Vibo Valentia,VV,4,Sud,H785,ITF,ITF6,ITF64,102032,25.243,38.55568,16.019803,3712,147.05
102033,San Costantino Calabro,18,Calabria,102,Vibo Valentia,VV,4,Sud,H807,ITF,ITF6,ITF64,102033,6.742,38.626534,16.08625,2031,301.25
102034,San Gregorio d'Ippona,18,Calabria,102,Vibo Valentia,VV,4,Sud,H941,ITF,ITF6,ITF64,102034,12.477,38.647259,16.106289,2574,206.3
102035,San Nicola da Crissa,18,Calabria,102,Vibo Valentia,VV,4,Sud,I058,ITF,ITF6,ITF64,102035,19.424,38.673021,16.296243,1174,60.44
102036,Sant'Onofrio,18,Calabria,102,Vibo Valentia,VV,4,Sud,I350,ITF,ITF6,ITF64,102036,18.241,38.679689,16.182286,2655,145.55
102037,Serra San Bruno,18,Calabria,102,Vibo Valentia,VV,4,Sud,I639,ITF,ITF6,ITF64,102037,40.136,38.553123,16.321171,6252,155.77
102038,Simbario,18,Calabria,102,Vibo Valentia,VV,4,Sud,I744,ITF,ITF6,ITF64,102038,20.323,38.617884,16.336968,910,44.78
102039,Sorianello,18,Calabria,102,Vibo Valentia,VV,4,Sud,I853,ITF,ITF6,ITF64,102039,9.601,38.593877,16.264872,1068,111.24
102040,Soriano Calabro,18,Calabria,102,Vibo Valentia,VV,4,Sud,I854,ITF,ITF6,ITF64,102040,15.564,38.617752,16.208912,2783,178.81
102041,Spadola,18,Calabria,102,Vibo Valentia,VV,4,Sud,I884,ITF,ITF6,ITF64,102041,9.635,38.588222,16.330501,795,82.51
102042,Spilinga,18,Calabria,102,Vibo Valentia,VV,4,Sud,I905,ITF,ITF6,ITF64,102042,17.169,38.613652,15.925392,1345,78.34
102043,Stefanaconi,18,Calabria,102,Vibo Valentia,VV,4,Sud,I945,ITF,ITF6,ITF64,102043,23.176,38.662175,16.161266,2248,97.0
102044,Tropea,18,Calabria,102,Vibo Valentia,VV,4,Sud,L452,ITF,ITF6,ITF64,102044,3.724,38.67112,15.884553,5668,1522.02
102045,Vallelonga,18,Calabria,102,Vibo Valentia,VV,4,Sud,L607,ITF,ITF6,ITF64,102045,17.316,38.648462,16.292161,828,47.82
102046,Vazzano,18,Calabria,102,Vibo Valentia,VV,4,Sud,L699,ITF,ITF6,ITF64,102046,20.032,38.643583,16.231221,919,45.88
102047,Vibo Valentia,18,Calabria,102,Vibo Valentia,VV,4,Sud,F537,ITF,ITF6,ITF64,102047,46.02,38.679489,16.088913,30753,668.25
102048,Zaccanopoli,18,Calabria,102,Vibo Valentia,VV,4,Sud,M138,ITF,ITF6,ITF64,102048,5.458,38.660676,15.939326,646,118.36
102049,Zambrone,18,Calabria,102,Vibo Valentia,VV,4,Sud,M143,ITF,ITF6,ITF64,102049,15.893,38.694163,15.977942,1766,111.12
102050,Zungri,18,Calabria,102,Vibo Valentia,VV,4,Sud,M204,ITF,ITF6,ITF64,102050,23.269,38.641385,15.976993,1793,77.06
064001,Aiello del Sabato,15,Campania,064,Avellino,AV,4,Sud,A101,ITF,ITF3,ITF34,064001,10.805,40.881948,14.813642,4045,374.36
064002,Altavilla Irpina,15,Campania,064,Avellino,AV,4,Sud,A228,ITF,ITF3,ITF34,064002,14.044,41.002035,14.784749,3803,270.79
064003,Andretta,15,Campania,064,Avellino,AV,4,Sud,A284,ITF,ITF3,ITF34,064003,43.454,40.939756,15.328776,1630,37.51
064004,Aquilonia,15,Campania,064,Avellino,AV,4,Sud,A347,ITF,ITF3,ITF34,064004,55.833,40.979224,15.478645,1381,24.73
064005,Ariano Irpino,15,Campania,064,Avellino,AV,4,Sud,A399,ITF,ITF3,ITF34,064005,185.657,41.171747,15.128785,20657,111.26
064006,Atripalda,15,Campania,064,Avellino,AV,4,Sud,A489,ITF,ITF3,ITF34,064006,8.492,40.916689,14.839935,10182,1199.01
064007,Avella,15,Campania,064,Avellino,AV,4,Sud,A508,ITF,ITF3,ITF34,064007,28.834,40.969271,14.603168,7417,257.23
064008,Avellino,15,Campania,064,Avellino,AV,4,Sud,A509,ITF,ITF3,ITF34,064008,30.539,40.913633,14.785701,51819,1696.81
064009,Bagnoli Irpino,15,Campania,064,Avellino,AV,4,Sud,A566,ITF,ITF3,ITF34,064009,68.675,40.810726,15.100293,2990,43.54
064010,Baiano,15,Campania,064,Avellino,AV,4,Sud,A580,ITF,ITF3,ITF34,064010,12.468,40.966039,14.640479,4371,350.58
064011,Bisaccia,15,Campania,064,Avellino,AV,4,Sud,A881,ITF,ITF3,ITF34,064011,101.766,41.014145,15.365568,3424,33.65
064012,Bonito,15,Campania,064,Avellino,AV,4,Sud,A975,ITF,ITF3,ITF34,064012,18.835,41.094063,14.993178,2169,115.16
064013,Cairano,15,Campania,064,Avellino,AV,4,Sud,B367,ITF,ITF3,ITF34,064013,13.71,40.895322,15.374497,281,20.5
064014,Calabritto,15,Campania,064,Avellino,AV,4,Sud,B374,ITF,ITF3,ITF34,064014,55.611,40.771612,15.184227,2096,37.69
064015,Calitri,15,Campania,064,Avellino,AV,4,Sud,B415,ITF,ITF3,ITF34,064015,100.34,40.922036,15.448093,4090,40.76
064016,Candida,15,Campania,064,Avellino,AV,4,Sud,B590,ITF,ITF3,ITF34,064016,5.337,40.950159,14.871525,1083,202.92
064017,Caposele,15,Campania,064,Avellino,AV,4,Sud,B674,ITF,ITF3,ITF34,064017,41.201,40.819351,15.243819,3185,77.3
064018,Capriglia Irpina,15,Campania,064,Avellino,AV,4,Sud,B706,ITF,ITF3,ITF34,064018,7.583,40.955459,14.780677,2184,288.01
064019,Carife,15,Campania,064,Avellino,AV,4,Sud,B776,ITF,ITF3,ITF34,064019,16.499,41.020372,15.209961,1242,75.28
064020,Casalbore,15,Campania,064,Avellino,AV,4,Sud,B866,ITF,ITF3,ITF34,064020,28.124,41.240064,15.015304,1514,53.83
064021,Cassano Irpino,15,Campania,064,Avellino,AV,4,Sud,B997,ITF,ITF3,ITF34,064021,13.222,40.876531,15.028516,959,72.53
064022,Castel Baronia,15,Campania,064,Avellino,AV,4,Sud,C058,ITF,ITF3,ITF34,064022,15.189,41.044621,15.180956,1047,68.93
064023,Castelfranci,15,Campania,064,Avellino,AV,4,Sud,C105,ITF,ITF3,ITF34,064023,11.783,40.921144,15.057238,1666,141.39
064024,Castelvetere sul Calore,15,Campania,064,Avellino,AV,4,Sud,C283,ITF,ITF3,ITF34,064024,16.764,40.927899,14.9817,1454,86.73
064025,Cervinara,15,Campania,064,Avellino,AV,4,Sud,C557,ITF,ITF3,ITF34,064025,29.292,41.016929,14.620752,8718,297.62
064026,Cesinali,15,Campania,064,Avellino,AV,4,Sud,C576,ITF,ITF3,ITF34,064026,3.849,40.896958,14.838565,2512,652.64
064027,Chianche,15,Campania,064,Avellino,AV,4,Sud,C606,ITF,ITF3,ITF34,064027,6.422,41.039271,14.790267,458,71.32
064028,Chiusano di San Domenico,15,Campania,064,Avellino,AV,4,Sud,C659,ITF,ITF3,ITF34,064028,24.473,40.930907,14.924103,2055,83.97
064029,Contrada,15,Campania,064,Avellino,AV,4,Sud,C971,ITF,ITF3,ITF34,064029,10.127,40.868878,14.780167,3087,304.83
064030,Conza della Campania,15,Campania,064,Avellino,AV,4,Sud,C976,ITF,ITF3,ITF34,064030,51.384,40.875165,15.310049,1269,24.7
064031,Domicella,15,Campania,064,Avellino,AV,4,Sud,D331,ITF,ITF3,ITF34,064031,6.348,40.876062,14.59124,1794,282.61
064032,Flumeri,15,Campania,064,Avellino,AV,4,Sud,D638,ITF,ITF3,ITF34,064032,34.153,41.074612,15.134729,2462,72.09
064033,Fontanarosa,15,Campania,064,Avellino,AV,4,Sud,D671,ITF,ITF3,ITF34,064033,16.631,41.009804,15.023172,2832,170.28
064034,Forino,15,Campania,064,Avellino,AV,4,Sud,D701,ITF,ITF3,ITF34,064034,20.402,40.857875,14.730111,5218,255.76
064035,Frigento,15,Campania,064,Avellino,AV,4,Sud,D798,ITF,ITF3,ITF34,064035,37.862,40.997683,15.164716,3396,89.69
064036,Gesualdo,15,Campania,064,Avellino,AV,4,Sud,D998,ITF,ITF3,ITF34,064036,27.474,41.011384,15.063274,3194,116.26
064037,Greci,15,Campania,064,Avellino,AV,4,Sud,E161,ITF,ITF3,ITF34,064037,29.891,41.25846,15.169568,594,19.87
064038,Grottaminarda,15,Campania,064,Avellino,AV,4,Sud,E206,ITF,ITF3,ITF34,064038,29.05,41.067867,15.05856,7564,260.38
064039,Grottolella,15,Campania,064,Avellino,AV,4,Sud,E214,ITF,ITF3,ITF34,064039,7.11,40.965272,14.793056,1811,254.71
064040,Guardia Lombardi,15,Campania,064,Avellino,AV,4,Sud,E245,ITF,ITF3,ITF34,064040,55.814,40.971485,15.236776,1446,25.91
064041,Lacedonia,15,Campania,064,Avellino,AV,4,Sud,E397,ITF,ITF3,ITF34,064041,81.453,41.049945,15.44541,2011,24.69
064042,Lapio,15,Campania,064,Avellino,AV,4,Sud,E448,ITF,ITF3,ITF34,064042,15.152,40.973985,14.929286,1421,93.78
064043,Lauro,15,Campania,064,Avellino,AV,4,Sud,E487,ITF,ITF3,ITF34,064043,10.963,40.87302,14.611043,3243,295.81
064044,Lioni,15,Campania,064,Avellino,AV,4,Sud,E605,ITF,ITF3,ITF34,064044,46.789,40.860149,15.179311,5862,125.29
064045,Luogosano,15,Campania,064,Avellino,AV,4,Sud,E746,ITF,ITF3,ITF34,064045,5.761,40.984859,14.9855,1062,184.34
064046,Manocalzati,15,Campania,064,Avellino,AV,4,Sud,E891,ITF,ITF3,ITF34,064046,8.907,40.941128,14.845215,2991,335.8
064047,Marzano di Nola,15,Campania,064,Avellino,AV,4,Sud,E997,ITF,ITF3,ITF34,064047,4.603,40.899624,14.583259,1656,359.77
064048,Melito Irpino,15,Campania,064,Avellino,AV,4,Sud,F110,ITF,ITF3,ITF34,064048,20.575,41.110997,15.038754,1759,85.49
064049,Mercogliano,15,Campania,064,Avellino,AV,4,Sud,F141,ITF,ITF3,ITF34,064049,19.854,40.927335,14.725604,11416,575.0
064050,Mirabella Eclano,15,Campania,064,Avellino,AV,4,Sud,F230,ITF,ITF3,ITF34,064050,33.78,41.051705,14.991113,6546,193.78
064051,Montaguto,15,Campania,064,Avellino,AV,4,Sud,F397,ITF,ITF3,ITF34,064051,18.429,41.25375,15.23581,333,18.07
064052,Montecalvo Irpino,15,Campania,064,Avellino,AV,4,Sud,F448,ITF,ITF3,ITF34,064052,53.737,41.207182,15.04302,3226,60.03
064053,Montefalcione,15,Campania,064,Avellino,AV,4,Sud,F491,ITF,ITF3,ITF34,064053,15.233,40.968924,14.887032,3042,199.7
064054,Monteforte Irpino,15,Campania,064,Avellino,AV,4,Sud,F506,ITF,ITF3,ITF34,064054,26.651,40.900668,14.715609,11352,425.95
064055,Montefredane,15,Campania,064,Avellino,AV,4,Sud,F511,ITF,ITF3,ITF34,064055,9.369,40.961616,14.818038,2153,229.8
064056,Montefusco,15,Campania,064,Avellino,AV,4,Sud,F512,ITF,ITF3,ITF34,064056,8.283,41.032484,14.85842,1183,142.82
064057,Montella,15,Campania,064,Avellino,AV,4,Sud,F546,ITF,ITF3,ITF34,064057,81.679,40.829738,15.006687,7137,87.38
064058,Montemarano,15,Campania,064,Avellino,AV,4,Sud,F559,ITF,ITF3,ITF34,064058,34.316,40.914777,15.006386,2520,73.44
064059,Montemiletto,15,Campania,064,Avellino,AV,4,Sud,F566,ITF,ITF3,ITF34,064059,21.666,41.004509,14.9063,5013,231.38
064060,Monteverde,15,Campania,064,Avellino,AV,4,Sud,F660,ITF,ITF3,ITF34,064060,39.628,41.008447,15.533759,660,16.65
064121,Montoro,15,Campania,064,Avellino,AV,4,Sud,M330,ITF,ITF3,ITF34,064121,39.715,40.828351,14.779559,19513,491.33
064063,Morra De Sanctis,15,Campania,064,Avellino,AV,4,Sud,F744,ITF,ITF3,ITF34,064063,29.78,40.920374,15.262534,1083,36.37
064064,Moschiano,15,Campania,064,Avellino,AV,4,Sud,F762,ITF,ITF3,ITF34,064064,13.441,40.872658,14.674953,1535,114.2
064065,Mugnano del Cardinale,15,Campania,064,Avellino,AV,4,Sud,F798,ITF,ITF3,ITF34,064065,12.204,40.934787,14.6608,5115,419.12
064066,Nusco,15,Campania,064,Avellino,AV,4,Sud,F988,ITF,ITF3,ITF34,064066,52.65,40.875571,15.107612,3783,71.85
064067,Ospedaletto d'Alpinolo,15,Campania,064,Avellino,AV,4,Sud,G165,ITF,ITF3,ITF34,064067,5.863,40.938773,14.748399,1963,334.81
064068,Pago del Vallo di Lauro,15,Campania,064,Avellino,AV,4,Sud,G242,ITF,ITF3,ITF34,064068,4.608,40.899871,14.608545,1684,365.45
064069,Parolise,15,Campania,064,Avellino,AV,4,Sud,G340,ITF,ITF3,ITF34,064069,3.118,40.933878,14.887876,612,196.28
064070,Paternopoli,15,Campania,064,Avellino,AV,4,Sud,G370,ITF,ITF3,ITF34,064070,18.213,40.957791,15.031198,2068,113.55
064071,Petruro Irpino,15,Campania,064,Avellino,AV,4,Sud,G519,ITF,ITF3,ITF34,064071,3.095,41.028293,14.792803,297,95.96
064072,Pietradefusi,15,Campania,064,Avellino,AV,4,Sud,G611,ITF,ITF3,ITF34,064072,9.092,41.04929,14.881936,1919,211.06
064073,Pietrastornina,15,Campania,064,Avellino,AV,4,Sud,G629,ITF,ITF3,ITF34,064073,15.562,40.99129,14.732481,1463,94.01
064074,Prata di Principato Ultra,15,Campania,064,Avellino,AV,4,Sud,G990,ITF,ITF3,ITF34,064074,10.701,40.991167,14.828034,2655,248.11
064075,Pratola Serra,15,Campania,064,Avellino,AV,4,Sud,H006,ITF,ITF3,ITF34,064075,8.891,40.980703,14.851455,3561,400.52
064076,Quadrelle,15,Campania,064,Avellino,AV,4,Sud,H097,ITF,ITF3,ITF34,064076,6.696,40.953334,14.677475,1864,278.38
064077,Quindici,15,Campania,064,Avellino,AV,4,Sud,H128,ITF,ITF3,ITF34,064077,24.042,40.847589,14.659729,1757,73.08
064079,Rocca San Felice,15,Campania,064,Avellino,AV,4,Sud,H438,ITF,ITF3,ITF34,064079,14.325,40.966829,15.157179,765,53.4
064078,Roccabascerana,15,Campania,064,Avellino,AV,4,Sud,H382,ITF,ITF3,ITF34,064078,12.355,41.034838,14.712841,2343,189.64
064080,Rotondi,15,Campania,064,Avellino,AV,4,Sud,H592,ITF,ITF3,ITF34,064080,7.918,41.029937,14.592069,3329,420.43
064081,Salza Irpina,15,Campania,064,Avellino,AV,4,Sud,H733,ITF,ITF3,ITF34,064081,5.162,40.913659,14.902436,727,140.84
064082,San Mango sul Calore,15,Campania,064,Avellino,AV,4,Sud,H975,ITF,ITF3,ITF34,064082,14.575,40.961307,14.96512,1104,75.75
064083,San Martino Valle Caudina,15,Campania,064,Avellino,AV,4,Sud,I016,ITF,ITF3,ITF34,064083,22.749,41.01844,14.665652,4733,208.05
064084,San Michele di Serino,15,Campania,064,Avellino,AV,4,Sud,I034,ITF,ITF3,ITF34,064084,4.444,40.877204,14.84418,2391,538.03
064085,San Nicola Baronia,15,Campania,064,Avellino,AV,4,Sud,I061,ITF,ITF3,ITF34,064085,7.111,41.058593,15.207356,737,103.64
064086,San Potito Ultra,15,Campania,064,Avellino,AV,4,Sud,I129,ITF,ITF3,ITF34,064086,4.494,40.927809,14.861938,1457,324.21
064087,San Sossio Baronia,15,Campania,064,Avellino,AV,4,Sud,I163,ITF,ITF3,ITF34,064087,19.019,41.089479,15.222882,1462,76.87
064089,Sant'Andrea di Conza,15,Campania,064,Avellino,AV,4,Sud,I264,ITF,ITF3,ITF34,064089,6.887,40.852001,15.365048,1341,194.71
064091,Sant'Angelo a Scala,15,Campania,064,Avellino,AV,4,Sud,I280,ITF,ITF3,ITF34,064091,10.936,40.976477,14.745991,672,61.45
064090,Sant'Angelo all'Esca,15,Campania,064,Avellino,AV,4,Sud,I279,ITF,ITF3,ITF34,064090,5.35,41.010027,14.993494,688,128.6
064092,Sant'Angelo dei Lombardi,15,Campania,064,Avellino,AV,4,Sud,I281,ITF,ITF3,ITF34,064092,53.941,40.930046,15.181315,3783,70.13
064088,Santa Lucia di Serino,15,Campania,064,Avellino,AV,4,Sud,I219,ITF,ITF3,ITF34,064088,3.962,40.874739,14.878328,1342,338.72
064093,Santa Paolina,15,Campania,064,Avellino,AV,4,Sud,I301,ITF,ITF3,ITF34,064093,8.415,41.012738,14.851955,1125,133.69
064095,Santo Stefano del Sole,15,Campania,064,Avellino,AV,4,Sud,I357,ITF,ITF3,ITF34,064095,10.697,40.891518,14.874352,2046,191.27
064096,Savignano Irpino,15,Campania,064,Avellino,AV,4,Sud,I471,ITF,ITF3,ITF34,064096,38.428,41.210863,15.20751,1010,26.28
064097,Scampitella,15,Campania,064,Avellino,AV,4,Sud,I493,ITF,ITF3,ITF34,064097,15.211,41.089016,15.320626,981,64.49
064098,Senerchia,15,Campania,064,Avellino,AV,4,Sud,I606,ITF,ITF3,ITF34,064098,32.074,40.736689,15.190439,708,22.07
064099,Serino,15,Campania,064,Avellino,AV,4,Sud,I630,ITF,ITF3,ITF34,064099,52.091,40.832975,14.905899,6563,125.99
064100,Sirignano,15,Campania,064,Avellino,AV,4,Sud,I756,ITF,ITF3,ITF34,064100,5.999,40.958113,14.638471,2941,490.25
064101,Solofra,15,Campania,064,Avellino,AV,4,Sud,I805,ITF,ITF3,ITF34,064101,22.296,40.82923,14.846486,11921,534.67
064102,Sorbo Serpico,15,Campania,064,Avellino,AV,4,Sud,I843,ITF,ITF3,ITF34,064102,7.901,40.903695,14.89206,512,64.8
064103,Sperone,15,Campania,064,Avellino,AV,4,Sud,I893,ITF,ITF3,ITF34,064103,4.939,40.943625,14.602477,3627,734.36
064104,Sturno,15,Campania,064,Avellino,AV,4,Sud,I990,ITF,ITF3,ITF34,064104,16.443,41.015615,15.147656,2704,164.45
064105,Summonte,15,Campania,064,Avellino,AV,4,Sud,L004,ITF,ITF3,ITF34,064105,12.04,40.955192,14.730846,1469,122.01
064106,Taurano,15,Campania,064,Avellino,AV,4,Sud,L061,ITF,ITF3,ITF34,064106,9.878,40.894747,14.653025,1405,142.24
064107,Taurasi,15,Campania,064,Avellino,AV,4,Sud,L062,ITF,ITF3,ITF34,064107,14.306,41.014828,14.964064,2056,143.72
064108,Teora,15,Campania,064,Avellino,AV,4,Sud,L102,ITF,ITF3,ITF34,064108,23.182,40.867106,15.248702,1424,61.43
064109,Torella dei Lombardi,15,Campania,064,Avellino,AV,4,Sud,L214,ITF,ITF3,ITF34,064109,26.97,40.939958,15.093081,1945,72.12
064110,Torre Le Nocelle,15,Campania,064,Avellino,AV,4,Sud,L272,ITF,ITF3,ITF34,064110,10.064,41.031926,14.922037,1223,121.52
064111,Torrioni,15,Campania,064,Avellino,AV,4,Sud,L301,ITF,ITF3,ITF34,064111,4.154,41.028569,14.818362,461,110.98
064112,Trevico,15,Campania,064,Avellino,AV,4,Sud,L399,ITF,ITF3,ITF34,064112,10.279,41.053834,15.235333,789,76.76
064113,Tufo,15,Campania,064,Avellino,AV,4,Sud,L461,ITF,ITF3,ITF34,064113,5.996,41.008457,14.834122,757,126.25
064114,Vallata,15,Campania,064,Avellino,AV,4,Sud,L589,ITF,ITF3,ITF34,064114,47.148,41.034599,15.276804,2405,51.01
064115,Vallesaccarda,15,Campania,064,Avellino,AV,4,Sud,L616,ITF,ITF3,ITF34,064115,14.805,41.081848,15.258694,1195,80.72
064116,Venticano,15,Campania,064,Avellino,AV,4,Sud,L739,ITF,ITF3,ITF34,064116,14.099,41.059803,14.924266,2284,162.0
064117,Villamaina,15,Campania,064,Avellino,AV,4,Sud,L965,ITF,ITF3,ITF34,064117,9.044,40.971535,15.09425,896,99.07
064118,Villanova del Battista,15,Campania,064,Avellino,AV,4,Sud,L973,ITF,ITF3,ITF34,064118,19.94,41.114562,15.161968,1439,72.17
064119,Volturara Irpina,15,Campania,064,Avellino,AV,4,Sud,M130,ITF,ITF3,ITF34,064119,32.399,40.859109,14.937125,2878,88.83
064120,Zungoli,15,Campania,064,Avellino,AV,4,Sud,M203,ITF,ITF3,ITF34,064120,19.16,41.121348,15.223402,898,46.87
062001,Airola,15,Campania,062,Benevento,BN,4,Sud,A110,ITF,ITF3,ITF32,062001,14.868,41.057427,14.565917,8089,544.05
062002,Amorosi,15,Campania,062,Benevento,BN,4,Sud,A265,ITF,ITF3,ITF32,062002,11.463,41.200613,14.462976,2629,229.35
062003,Apice,15,Campania,062,Benevento,BN,4,Sud,A328,ITF,ITF3,ITF32,062003,48.347,41.134096,14.954335,5175,107.04
062004,Apollosa,15,Campania,062,Benevento,BN,4,Sud,A330,ITF,ITF3,ITF32,062004,20.877,41.089208,14.705255,2419,115.87
062005,Arpaia,15,Campania,062,Benevento,BN,4,Sud,A431,ITF,ITF3,ITF32,062005,4.699,41.029482,14.549965,1983,422.0
062006,Arpaise,15,Campania,062,Benevento,BN,4,Sud,A432,ITF,ITF3,ITF32,062006,6.771,41.025219,14.74532,722,106.63
062007,Baselice,15,Campania,062,Benevento,BN,4,Sud,A696,ITF,ITF3,ITF32,062007,47.461,41.391576,14.950776,1980,41.72
062008,Benevento,15,Campania,062,Benevento,BN,4,Sud,A783,ITF,ITF3,ITF32,062008,130.255,41.155846,14.779511,55330,424.78
062009,Bonea,15,Campania,062,Benevento,BN,4,Sud,A970,ITF,ITF3,ITF32,062009,11.233,41.07573,14.611096,1336,118.94
062010,Bucciano,15,Campania,062,Benevento,BN,4,Sud,B239,ITF,ITF3,ITF32,062010,8.355,41.083505,14.575966,1950,233.39
062011,Buonalbergo,15,Campania,062,Benevento,BN,4,Sud,B267,ITF,ITF3,ITF32,062011,24.861,41.227445,14.974374,1478,59.45
062012,Calvi,15,Campania,062,Benevento,BN,4,Sud,B444,ITF,ITF3,ITF32,062012,22.425,41.087227,14.904612,2465,109.92
062013,Campolattaro,15,Campania,062,Benevento,BN,4,Sud,B541,ITF,ITF3,ITF32,062013,17.335,41.287327,14.737361,959,55.32
062014,Campoli del Monte Taburno,15,Campania,062,Benevento,BN,4,Sud,B542,ITF,ITF3,ITF32,062014,9.629,41.115378,14.662241,1642,170.53
062015,Casalduni,15,Campania,062,Benevento,BN,4,Sud,B873,ITF,ITF3,ITF32,062015,23.093,41.258516,14.694833,1176,50.92
062016,Castelfranco in Miscano,15,Campania,062,Benevento,BN,4,Sud,C106,ITF,ITF3,ITF32,062016,43.099,41.290595,15.103382,761,17.66
062017,Castelpagano,15,Campania,062,Benevento,BN,4,Sud,C245,ITF,ITF3,ITF32,062017,38.123,41.420984,14.813433,1317,34.55
062018,Castelpoto,15,Campania,062,Benevento,BN,4,Sud,C250,ITF,ITF3,ITF32,062018,11.849,41.125801,14.704189,1093,92.24
062019,Castelvenere,15,Campania,062,Benevento,BN,4,Sud,C280,ITF,ITF3,ITF32,062019,15.204,41.233117,14.550161,2367,155.68
062020,Castelvetere in Val Fortore,15,Campania,062,Benevento,BN,4,Sud,C284,ITF,ITF3,ITF32,062020,34.479,41.440958,14.929617,915,26.54
062021,Cautano,15,Campania,062,Benevento,BN,4,Sud,C359,ITF,ITF3,ITF32,062021,19.774,41.148417,14.617652,1850,93.56
062022,Ceppaloni,15,Campania,062,Benevento,BN,4,Sud,C476,ITF,ITF3,ITF32,062022,23.483,41.053354,14.746059,3181,135.46
062023,Cerreto Sannita,15,Campania,062,Benevento,BN,4,Sud,C525,ITF,ITF3,ITF32,062023,33.016,41.29816,14.584069,3498,105.95
062024,Circello,15,Campania,062,Benevento,BN,4,Sud,C719,ITF,ITF3,ITF32,062024,45.321,41.346286,14.801719,2058,45.41
062025,Colle Sannita,15,Campania,062,Benevento,BN,4,Sud,C846,ITF,ITF3,ITF32,062025,36.957,41.383332,14.847555,2155,58.31
062026,Cusano Mutri,15,Campania,062,Benevento,BN,4,Sud,D230,ITF,ITF3,ITF32,062026,58.675,41.339457,14.505929,3733,63.62
062027,Dugenta,15,Campania,062,Benevento,BN,4,Sud,D380,ITF,ITF3,ITF32,062027,15.64,41.137392,14.454198,2627,167.97
062028,Durazzano,15,Campania,062,Benevento,BN,4,Sud,D386,ITF,ITF3,ITF32,062028,13.08,41.059133,14.447304,2057,157.26
062029,Faicchio,15,Campania,062,Benevento,BN,4,Sud,D469,ITF,ITF3,ITF32,062029,43.757,41.260448,14.460732,3161,72.24
062030,Foglianise,15,Campania,062,Benevento,BN,4,Sud,D644,ITF,ITF3,ITF32,062030,11.876,41.157864,14.688541,3101,261.11
062031,Foiano di Val Fortore,15,Campania,062,Benevento,BN,4,Sud,D650,ITF,ITF3,ITF32,062031,41.093,41.353017,14.960324,1301,31.66
062032,Forchia,15,Campania,062,Benevento,BN,4,Sud,D693,ITF,ITF3,ITF32,062032,5.31,41.029769,14.533437,1190,224.11
062034,Fragneto Monforte,15,Campania,062,Benevento,BN,4,Sud,D756,ITF,ITF3,ITF32,062034,24.434,41.240058,14.754749,1646,67.37
062033,Fragneto l'Abate,15,Campania,062,Benevento,BN,4,Sud,D755,ITF,ITF3,ITF32,062033,20.767,41.276684,14.772052,893,43.0
062035,Frasso Telesino,15,Campania,062,Benevento,BN,4,Sud,D784,ITF,ITF3,ITF32,062035,21.847,41.147823,14.534208,1946,89.07
062036,Ginestra degli Schiavoni,15,Campania,062,Benevento,BN,4,Sud,E034,ITF,ITF3,ITF32,062036,14.88,41.283469,15.051827,378,25.4
062037,Guardia Sanframondi,15,Campania,062,Benevento,BN,4,Sud,E249,ITF,ITF3,ITF32,062037,21.248,41.242668,14.591059,4465,210.14
062038,Limatola,15,Campania,062,Benevento,BN,4,Sud,E589,ITF,ITF3,ITF32,062038,18.069,41.134765,14.403465,4220,233.55
062039,Melizzano,15,Campania,062,Benevento,BN,4,Sud,F113,ITF,ITF3,ITF32,062039,17.483,41.1715,14.500887,1636,93.58
062040,Moiano,15,Campania,062,Benevento,BN,4,Sud,F274,ITF,ITF3,ITF32,062040,19.83,41.081351,14.536726,3986,201.01
062041,Molinara,15,Campania,062,Benevento,BN,4,Sud,F287,ITF,ITF3,ITF32,062041,24.233,41.307441,14.916093,1388,57.28
062042,Montefalcone di Val Fortore,15,Campania,062,Benevento,BN,4,Sud,F494,ITF,ITF3,ITF32,062042,41.854,41.323101,15.019859,1260,30.1
062043,Montesarchio,15,Campania,062,Benevento,BN,4,Sud,F636,ITF,ITF3,ITF32,062043,26.364,41.069818,14.655475,12969,491.92
062044,Morcone,15,Campania,062,Benevento,BN,4,Sud,F717,ITF,ITF3,ITF32,062044,100.169,41.354009,14.726227,4422,44.15
062045,Paduli,15,Campania,062,Benevento,BN,4,Sud,G227,ITF,ITF3,ITF32,062045,45.469,41.181009,14.895066,3524,77.5
062046,Pago Veiano,15,Campania,062,Benevento,BN,4,Sud,G243,ITF,ITF3,ITF32,062046,23.502,41.233743,14.874853,2167,92.2
062047,Pannarano,15,Campania,062,Benevento,BN,4,Sud,G311,ITF,ITF3,ITF32,062047,11.952,41.003146,14.697771,1962,164.16
062048,Paolisi,15,Campania,062,Benevento,BN,4,Sud,G318,ITF,ITF3,ITF32,062048,6.002,41.030501,14.567987,1940,323.23
062049,Paupisi,15,Campania,062,Benevento,BN,4,Sud,G386,ITF,ITF3,ITF32,062049,6.696,41.203389,14.65004,1381,206.24
062050,Pesco Sannita,15,Campania,062,Benevento,BN,4,Sud,G494,ITF,ITF3,ITF32,062050,23.986,41.237498,14.823657,1798,74.96
062051,Pietraroja,15,Campania,062,Benevento,BN,4,Sud,G626,ITF,ITF3,ITF32,062051,35.822,41.355211,14.570349,493,13.76
062052,Pietrelcina,15,Campania,062,Benevento,BN,4,Sud,G631,ITF,ITF3,ITF32,062052,28.065,41.199453,14.846368,2869,102.23
062053,Ponte,15,Campania,062,Benevento,BN,4,Sud,G827,ITF,ITF3,ITF32,062053,17.576,41.220146,14.684657,2388,135.87
062054,Pontelandolfo,15,Campania,062,Benevento,BN,4,Sud,G848,ITF,ITF3,ITF32,062054,29.097,41.291368,14.674309,1941,66.71
062055,Puglianello,15,Campania,062,Benevento,BN,4,Sud,H087,ITF,ITF3,ITF32,062055,8.564,41.228752,14.454721,1262,147.36
062056,Reino,15,Campania,062,Benevento,BN,4,Sud,H227,ITF,ITF3,ITF32,062056,23.585,41.295715,14.827469,1063,45.07
062057,San Bartolomeo in Galdo,15,Campania,062,Benevento,BN,4,Sud,H764,ITF,ITF3,ITF32,062057,81.866,41.425056,15.036221,4191,51.19
062059,San Giorgio La Molara,15,Campania,062,Benevento,BN,4,Sud,H898,ITF,ITF3,ITF32,062059,65.092,41.26852,14.934574,2645,40.63
062058,San Giorgio del Sannio,15,Campania,062,Benevento,BN,4,Sud,H894,ITF,ITF3,ITF32,062058,22.394,41.09933,14.869251,9633,430.16
062060,San Leucio del Sannio,15,Campania,062,Benevento,BN,4,Sud,H953,ITF,ITF3,ITF32,062060,10.074,41.081437,14.761527,2877,285.59
062061,San Lorenzello,15,Campania,062,Benevento,BN,4,Sud,H955,ITF,ITF3,ITF32,062061,13.764,41.265492,14.546641,2079,151.05
062062,San Lorenzo Maggiore,15,Campania,062,Benevento,BN,4,Sud,H967,ITF,ITF3,ITF32,062062,16.117,41.242342,14.627853,1855,115.1
062063,San Lupo,15,Campania,062,Benevento,BN,4,Sud,H973,ITF,ITF3,ITF32,062063,15.043,41.264077,14.641483,667,44.34
062064,San Marco dei Cavoti,15,Campania,062,Benevento,BN,4,Sud,H984,ITF,ITF3,ITF32,062064,48.914,41.315535,14.861956,2895,59.19
062065,San Martino Sannita,15,Campania,062,Benevento,BN,4,Sud,I002,ITF,ITF3,ITF32,062065,6.199,41.050899,14.83931,1136,183.26
062066,San Nazzaro,15,Campania,062,Benevento,BN,4,Sud,I049,ITF,ITF3,ITF32,062066,1.774,41.053484,14.858452,819,461.67
062067,San Nicola Manfredi,15,Campania,062,Benevento,BN,4,Sud,I062,ITF,ITF3,ITF32,062067,18.83,41.047358,14.818875,3373,179.13
062068,San Salvatore Telesino,15,Campania,062,Benevento,BN,4,Sud,I145,ITF,ITF3,ITF32,062068,18.271,41.233583,14.497525,3856,211.04
062070,Sant'Agata de' Goti,15,Campania,062,Benevento,BN,4,Sud,I197,ITF,ITF3,ITF32,062070,63.09,41.095492,14.481695,10007,158.61
062071,Sant'Angelo a Cupolo,15,Campania,062,Benevento,BN,4,Sud,I277,ITF,ITF3,ITF32,062071,11.043,41.079611,14.800515,3989,361.22
062078,Sant'Arcangelo Trimonte,15,Campania,062,Benevento,BN,4,Sud,F557,ITF,ITF3,ITF32,062078,9.912,41.168919,14.934546,460,46.41
062069,Santa Croce del Sannio,15,Campania,062,Benevento,BN,4,Sud,I179,ITF,ITF3,ITF32,062069,16.537,41.391681,14.733996,857,51.82
062072,Sassinoro,15,Campania,062,Benevento,BN,4,Sud,I455,ITF,ITF3,ITF32,062072,13.309,41.377316,14.647891,606,45.53
062073,Solopaca,15,Campania,062,Benevento,BN,4,Sud,I809,ITF,ITF3,ITF32,062073,30.837,41.189825,14.547849,3376,109.48
062074,Telese Terme,15,Campania,062,Benevento,BN,4,Sud,L086,ITF,ITF3,ITF32,062074,10.235,41.21073,14.515921,7607,743.23
062075,Tocco Caudio,15,Campania,062,Benevento,BN,4,Sud,L185,ITF,ITF3,ITF32,062075,27.048,41.117104,14.612613,1459,53.94
062076,Torrecuso,15,Campania,062,Benevento,BN,4,Sud,L254,ITF,ITF3,ITF32,062076,29.351,41.197124,14.698411,3224,109.84
062077,Vitulano,15,Campania,062,Benevento,BN,4,Sud,M093,ITF,ITF3,ITF32,062077,35.734,41.171892,14.615205,2662,74.49
061001,Ailano,15,Campania,061,Caserta,CE,4,Sud,A106,ITF,ITF3,ITF31,061001,15.872,41.379702,14.183413,1127,71.01
061002,Alife,15,Campania,061,Caserta,CE,4,Sud,A200,ITF,ITF3,ITF31,061002,64.132,41.32786,14.324176,7249,113.03
061003,Alvignano,15,Campania,061,Caserta,CE,4,Sud,A243,ITF,ITF3,ITF31,061003,38.042,41.245353,14.354644,4433,116.53
061004,Arienzo,15,Campania,061,Caserta,CE,4,Sud,A403,ITF,ITF3,ITF31,061004,14.105,41.031304,14.505666,5399,382.77
061005,Aversa,15,Campania,061,Caserta,CE,4,Sud,A512,ITF,ITF3,ITF31,061005,8.871,40.968582,14.211989,48860,5507.83
061006,Baia e Latina,15,Campania,061,Caserta,CE,4,Sud,A579,ITF,ITF3,ITF31,061006,24.256,41.300888,14.265176,1982,81.71
061007,Bellona,15,Campania,061,Caserta,CE,4,Sud,A755,ITF,ITF3,ITF31,061007,11.488,41.144434,14.238718,6055,527.07
061008,Caianello,15,Campania,061,Caserta,CE,4,Sud,B361,ITF,ITF3,ITF31,061008,15.441,41.302674,14.087369,1825,118.19
061009,Caiazzo,15,Campania,061,Caserta,CE,4,Sud,B362,ITF,ITF3,ITF31,061009,37.318,41.183372,14.37721,5077,136.05
061010,Calvi Risorta,15,Campania,061,Caserta,CE,4,Sud,B445,ITF,ITF3,ITF31,061010,16.014,41.188504,14.12775,5380,335.96
061011,Camigliano,15,Campania,061,Caserta,CE,4,Sud,B477,ITF,ITF3,ITF31,061011,5.858,41.18532,14.220049,1971,336.46
061012,Cancello ed Arnone,15,Campania,061,Caserta,CE,4,Sud,B581,ITF,ITF3,ITF31,061012,49.264,41.05846,14.035854,5783,117.39
061013,Capodrise,15,Campania,061,Caserta,CE,4,Sud,B667,ITF,ITF3,ITF31,061013,3.39,41.04376,14.303602,10003,2950.74
061014,Capriati a Volturno,15,Campania,061,Caserta,CE,4,Sud,B704,ITF,ITF3,ITF31,061014,17.897,41.482018,14.129432,1381,77.16
061015,Capua,15,Campania,061,Caserta,CE,4,Sud,B715,ITF,ITF3,ITF31,061015,48.382,41.122402,14.16423,18017,372.39
061016,Carinaro,15,Campania,061,Caserta,CE,4,Sud,B779,ITF,ITF3,ITF31,061016,6.305,41.005803,14.232937,7182,1139.1
061017,Carinola,15,Campania,061,Caserta,CE,4,Sud,B781,ITF,ITF3,ITF31,061017,59.382,41.175531,14.003065,7042,118.59
061018,Casagiove,15,Campania,061,Caserta,CE,4,Sud,B860,ITF,ITF3,ITF31,061018,6.352,41.086663,14.30857,12833,2020.31
061019,Casal di Principe,15,Campania,061,Caserta,CE,4,Sud,B872,ITF,ITF3,ITF31,061019,23.314,41.021653,14.116429,22004,943.81
061020,Casaluce,15,Campania,061,Caserta,CE,4,Sud,B916,ITF,ITF3,ITF31,061020,9.643,41.013602,14.199586,9396,974.39
061103,Casapesenna,15,Campania,061,Caserta,CE,4,Sud,M260,ITF,ITF3,ITF31,061103,3.061,40.988659,14.13624,7427,2426.33
061021,Casapulla,15,Campania,061,Caserta,CE,4,Sud,B935,ITF,ITF3,ITF31,061021,3.051,41.080659,14.290898,8264,2708.62
061022,Caserta,15,Campania,061,Caserta,CE,4,Sud,B963,ITF,ITF3,ITF31,061022,53.872,41.085889,14.362186,72757,1350.55
061023,Castel Campagnano,15,Campania,061,Caserta,CE,4,Sud,B494,ITF,ITF3,ITF31,061023,17.174,41.164299,14.435956,1415,82.39
061026,Castel Morrone,15,Campania,061,Caserta,CE,4,Sud,C211,ITF,ITF3,ITF31,061026,25.499,41.128936,14.350678,3574,140.16
061027,Castel Volturno,15,Campania,061,Caserta,CE,4,Sud,C291,ITF,ITF3,ITF31,061027,74.631,40.994834,13.975457,31230,418.46
061024,Castel di Sasso,15,Campania,061,Caserta,CE,4,Sud,C097,ITF,ITF3,ITF31,061024,20.594,41.181253,14.290265,995,48.32
061025,Castello del Matese,15,Campania,061,Caserta,CE,4,Sud,C178,ITF,ITF3,ITF31,061025,21.864,41.393229,14.439547,1322,60.46
061102,Cellole,15,Campania,061,Caserta,CE,4,Sud,M262,ITF,ITF3,ITF31,061102,36.873,41.195086,13.838379,8292,224.88
061028,Cervino,15,Campania,061,Caserta,CE,4,Sud,C558,ITF,ITF3,ITF31,061028,8.178,41.04104,14.436722,4719,577.04
061029,Cesa,15,Campania,061,Caserta,CE,4,Sud,C561,ITF,ITF3,ITF31,061029,2.71,40.96005,14.228998,9848,3633.95
061030,Ciorlano,15,Campania,061,Caserta,CE,4,Sud,C716,ITF,ITF3,ITF31,061030,28.469,41.446354,14.124652,347,12.19
061031,Conca della Campania,15,Campania,061,Caserta,CE,4,Sud,C939,ITF,ITF3,ITF31,061031,26.33,41.351585,13.996024,1126,42.76
061032,Curti,15,Campania,061,Caserta,CE,4,Sud,D228,ITF,ITF3,ITF31,061032,1.712,41.075373,14.274399,6617,3865.07
061033,Dragoni,15,Campania,061,Caserta,CE,4,Sud,D361,ITF,ITF3,ITF31,061033,25.798,41.263354,14.30384,1862,72.18
061101,Falciano del Massico,15,Campania,061,Caserta,CE,4,Sud,D471,ITF,ITF3,ITF31,061101,46.489,41.144594,13.958246,3429,73.76
061034,Fontegreca,15,Campania,061,Caserta,CE,4,Sud,D683,ITF,ITF3,ITF31,061034,9.706,41.456,14.189073,737,75.93
061035,Formicola,15,Campania,061,Caserta,CE,4,Sud,D709,ITF,ITF3,ITF31,061035,15.718,41.219829,14.221161,1393,88.62
061036,Francolise,15,Campania,061,Caserta,CE,4,Sud,D769,ITF,ITF3,ITF31,061036,40.601,41.162178,14.061254,4661,114.8
061037,Frignano,15,Campania,061,Caserta,CE,4,Sud,D799,ITF,ITF3,ITF31,061037,9.903,41.01272,14.178299,8974,906.19
061038,Gallo Matese,15,Campania,061,Caserta,CE,4,Sud,D884,ITF,ITF3,ITF31,061038,30.976,41.474517,14.221692,439,14.17
061039,Galluccio,15,Campania,061,Caserta,CE,4,Sud,D886,ITF,ITF3,ITF31,061039,31.799,41.344468,13.93615,1987,62.49
061040,Giano Vetusto,15,Campania,061,Caserta,CE,4,Sud,E011,ITF,ITF3,ITF31,061040,10.841,41.208071,14.189894,665,61.34
061041,Gioia Sannitica,15,Campania,061,Caserta,CE,4,Sud,E039,ITF,ITF3,ITF31,061041,54.043,41.296597,14.424381,3206,59.32
061042,Grazzanise,15,Campania,061,Caserta,CE,4,Sud,E158,ITF,ITF3,ITF31,061042,46.48,41.091244,14.072198,6805,146.41
061043,Gricignano di Aversa,15,Campania,061,Caserta,CE,4,Sud,E173,ITF,ITF3,ITF31,061043,9.933,40.996871,14.24401,13223,1331.22
061044,Letino,15,Campania,061,Caserta,CE,4,Sud,E554,ITF,ITF3,ITF31,061044,31.531,41.451785,14.295056,610,19.35
061045,Liberi,15,Campania,061,Caserta,CE,4,Sud,E570,ITF,ITF3,ITF31,061045,17.485,41.2336,14.282316,1008,57.65
061046,Lusciano,15,Campania,061,Caserta,CE,4,Sud,E754,ITF,ITF3,ITF31,061046,4.668,40.962997,14.183501,16371,3507.07
061047,Macerata Campania,15,Campania,061,Caserta,CE,4,Sud,E784,ITF,ITF3,ITF31,061047,7.652,41.053968,14.265518,10072,1316.26
061048,Maddaloni,15,Campania,061,Caserta,CE,4,Sud,E791,ITF,ITF3,ITF31,061048,36.252,41.027105,14.402574,36538,1007.89
061049,Marcianise,15,Campania,061,Caserta,CE,4,Sud,E932,ITF,ITF3,ITF31,061049,29.89,41.023351,14.291878,38044,1272.8
061050,Marzano Appio,15,Campania,061,Caserta,CE,4,Sud,E998,ITF,ITF3,ITF31,061050,28.357,41.317413,14.047721,1913,67.46
061051,Mignano Monte Lungo,15,Campania,061,Caserta,CE,4,Sud,F203,ITF,ITF3,ITF31,061051,52.833,41.403506,13.984266,2974,56.29
061052,Mondragone,15,Campania,061,Caserta,CE,4,Sud,F352,ITF,ITF3,ITF31,061052,55.532,41.104857,13.923963,28329,510.14
061053,Orta di Atella,15,Campania,061,Caserta,CE,4,Sud,G130,ITF,ITF3,ITF31,061053,10.91,40.981756,14.278769,27454,2516.41
061054,Parete,15,Campania,061,Caserta,CE,4,Sud,G333,ITF,ITF3,ITF31,061054,5.514,40.954986,14.155315,13271,2406.78
061055,Pastorano,15,Campania,061,Caserta,CE,4,Sud,G364,ITF,ITF3,ITF31,061055,13.746,41.163823,14.177917,2852,207.48
061056,Piana di Monte Verna,15,Campania,061,Caserta,CE,4,Sud,G541,ITF,ITF3,ITF31,061056,23.146,41.172197,14.321836,2074,89.61
061057,Piedimonte Matese,15,Campania,061,Caserta,CE,4,Sud,G596,ITF,ITF3,ITF31,061057,40.978,41.36569,14.356313,9988,243.74
061058,Pietramelara,15,Campania,061,Caserta,CE,4,Sud,G620,ITF,ITF3,ITF31,061058,23.861,41.268419,14.185483,4450,186.5
061059,Pietravairano,15,Campania,061,Caserta,CE,4,Sud,G630,ITF,ITF3,ITF31,061059,33.652,41.326187,14.190387,2782,82.67
061060,Pignataro Maggiore,15,Campania,061,Caserta,CE,4,Sud,G661,ITF,ITF3,ITF31,061060,32.355,41.169007,14.142431,5819,179.85
061061,Pontelatone,15,Campania,061,Caserta,CE,4,Sud,G849,ITF,ITF3,ITF31,061061,31.661,41.190952,14.250178,1520,48.01
061062,Portico di Caserta,15,Campania,061,Caserta,CE,4,Sud,G903,ITF,ITF3,ITF31,061062,1.985,41.0533,14.281019,7738,3898.24
061063,Prata Sannita,15,Campania,061,Caserta,CE,4,Sud,G991,ITF,ITF3,ITF31,061063,20.897,41.426819,14.19873,1321,63.21
061064,Pratella,15,Campania,061,Caserta,CE,4,Sud,G995,ITF,ITF3,ITF31,061064,33.494,41.397635,14.144122,1324,39.53
061065,Presenzano,15,Campania,061,Caserta,CE,4,Sud,H045,ITF,ITF3,ITF31,061065,31.874,41.371798,14.082051,1608,50.45
061066,Raviscanina,15,Campania,061,Caserta,CE,4,Sud,H202,ITF,ITF3,ITF31,061066,24.673,41.377628,14.232467,1129,45.76
061067,Recale,15,Campania,061,Caserta,CE,4,Sud,H210,ITF,ITF3,ITF31,061067,3.178,41.058821,14.307308,7708,2425.42
061068,Riardo,15,Campania,061,Caserta,CE,4,Sud,H268,ITF,ITF3,ITF31,061068,16.503,41.270102,14.143296,2170,131.49
061069,Rocca d'Evandro,15,Campania,061,Caserta,CE,4,Sud,H398,ITF,ITF3,ITF31,061069,50.175,41.373584,13.910598,2927,58.34
061070,Roccamonfina,15,Campania,061,Caserta,CE,4,Sud,H423,ITF,ITF3,ITF31,061070,30.883,41.28104,13.985668,3087,99.96
061071,Roccaromana,15,Campania,061,Caserta,CE,4,Sud,H436,ITF,ITF3,ITF31,061071,27.599,41.276021,14.24219,843,30.54
061072,Rocchetta e Croce,15,Campania,061,Caserta,CE,4,Sud,H459,ITF,ITF3,ITF31,061072,12.768,41.231988,14.16922,439,34.38
061073,Ruviano,15,Campania,061,Caserta,CE,4,Sud,H165,ITF,ITF3,ITF31,061073,24.152,41.218013,14.412969,1626,67.32
061074,San Cipriano d'Aversa,15,Campania,061,Caserta,CE,4,Sud,H798,ITF,ITF3,ITF31,061074,6.026,40.994099,14.110614,13496,2239.63
061075,San Felice a Cancello,15,Campania,061,Caserta,CE,4,Sud,H834,ITF,ITF3,ITF31,061075,27.115,41.002005,14.468768,16810,619.95
061076,San Gregorio Matese,15,Campania,061,Caserta,CE,4,Sud,H939,ITF,ITF3,ITF31,061076,56.189,41.411879,14.364373,842,14.99
061077,San Marcellino,15,Campania,061,Caserta,CE,4,Sud,H978,ITF,ITF3,ITF31,061077,4.628,40.988183,14.166243,14723,3181.29
061104,San Marco Evangelista,15,Campania,061,Caserta,CE,4,Sud,F043,ITF,ITF3,ITF31,061104,5.538,41.031428,14.341592,6474,1169.01
061078,San Nicola la Strada,15,Campania,061,Caserta,CE,4,Sud,I056,ITF,ITF3,ITF31,061078,4.938,41.051671,14.330976,21842,4423.25
061079,San Pietro Infine,15,Campania,061,Caserta,CE,4,Sud,I113,ITF,ITF3,ITF31,061079,13.817,41.447741,13.976094,775,56.09
061080,San Potito Sannitico,15,Campania,061,Caserta,CE,4,Sud,I130,ITF,ITF3,ITF31,061080,22.923,41.350299,14.422013,1947,84.94
061081,San Prisco,15,Campania,061,Caserta,CE,4,Sud,I131,ITF,ITF3,ITF31,061081,7.624,41.097596,14.276183,12094,1586.31
061085,San Tammaro,15,Campania,061,Caserta,CE,4,Sud,I261,ITF,ITF3,ITF31,061085,36.834,41.06506,14.196735,5752,156.16
061086,Sant'Angelo d'Alife,15,Campania,061,Caserta,CE,4,Sud,I273,ITF,ITF3,ITF31,061086,33.313,41.361839,14.274295,2047,61.45
061087,Sant'Arpino,15,Campania,061,Caserta,CE,4,Sud,I306,ITF,ITF3,ITF31,061087,3.281,40.955647,14.250675,15567,4744.59
061083,Santa Maria Capua Vetere,15,Campania,061,Caserta,CE,4,Sud,I234,ITF,ITF3,ITF31,061083,15.951,41.066847,14.245786,32055,2009.59
061082,Santa Maria a Vico,15,Campania,061,Caserta,CE,4,Sud,I233,ITF,ITF3,ITF31,061082,10.667,41.029401,14.470114,14375,1347.61
061084,Santa Maria la Fossa,15,Campania,061,Caserta,CE,4,Sud,I247,ITF,ITF3,ITF31,061084,29.919,41.071868,14.135761,2502,83.63
061088,Sessa Aurunca,15,Campania,061,Caserta,CE,4,Sud,I676,ITF,ITF3,ITF31,061088,161.59,41.229759,13.908136,20035,123.99
061089,Sparanise,15,Campania,061,Caserta,CE,4,Sud,I885,ITF,ITF3,ITF31,061089,18.81,41.170206,14.106092,7299,388.04
061090,Succivo,15,Campania,061,Caserta,CE,4,Sud,I993,ITF,ITF3,ITF31,061090,6.932,40.989159,14.259669,8918,1286.5
061091,Teano,15,Campania,061,Caserta,CE,4,Sud,L083,ITF,ITF3,ITF31,061091,89.286,41.235968,14.050808,10951,122.65
061092,Teverola,15,Campania,061,Caserta,CE,4,Sud,L155,ITF,ITF3,ITF31,061092,6.491,41.013709,14.219332,15043,2317.52
061093,Tora e Piccilli,15,Campania,061,Caserta,CE,4,Sud,L205,ITF,ITF3,ITF31,061093,12.366,41.342625,14.030354,735,59.44
061094,Trentola Ducenta,15,Campania,061,Caserta,CE,4,Sud,L379,ITF,ITF3,ITF31,061094,6.533,40.976005,14.166447,20897,3198.68
061095,Vairano Patenora,15,Campania,061,Caserta,CE,4,Sud,L540,ITF,ITF3,ITF31,061095,43.246,41.336402,14.128496,6416,148.36
061096,Valle Agricola,15,Campania,061,Caserta,CE,4,Sud,L594,ITF,ITF3,ITF31,061096,24.648,41.419547,14.266043,706,28.64
061097,Valle di Maddaloni,15,Campania,061,Caserta,CE,4,Sud,L591,ITF,ITF3,ITF31,061097,10.856,41.078715,14.416905,2573,237.01
061099,Villa Literno,15,Campania,061,Caserta,CE,4,Sud,L844,ITF,ITF3,ITF31,061099,61.685,40.990518,14.045979,13030,211.23
061098,Villa di Briano,15,Campania,061,Caserta,CE,4,Sud,D801,ITF,ITF3,ITF31,061098,8.589,41.013017,14.157461,7562,880.43
061100,Vitulazio,15,Campania,061,Caserta,CE,4,Sud,M092,ITF,ITF3,ITF31,061100,23.164,41.148192,14.195275,7725,333.49
063001,Acerra,15,Campania,063,Napoli,NA,4,Sud,A024,ITF,ITF3,ITF33,063001,54.52,40.961708,14.392686,58585,1074.56
063002,Afragola,15,Campania,063,Napoli,NA,4,Sud,A064,ITF,ITF3,ITF33,063002,17.681,40.922363,14.321894,61581,3482.89
063003,Agerola,15,Campania,063,Napoli,NA,4,Sud,A068,ITF,ITF3,ITF33,063003,19.833,40.644513,14.539946,7844,395.5
063004,Anacapri,15,Campania,063,Napoli,NA,4,Sud,A268,ITF,ITF3,ITF33,063004,6.164,40.549296,14.213979,6746,1094.42
063005,Arzano,15,Campania,063,Napoli,NA,4,Sud,A455,ITF,ITF3,ITF33,063005,4.778,40.912732,14.266032,31613,6616.37
063006,Bacoli,15,Campania,063,Napoli,NA,4,Sud,A535,ITF,ITF3,ITF33,063006,13.726,40.812589,14.063586,24783,1805.55
063007,Barano d'Ischia,15,Campania,063,Napoli,NA,4,Sud,A617,ITF,ITF3,ITF33,063007,10.714,40.717058,13.923138,9953,928.97
063008,Boscoreale,15,Campania,063,Napoli,NA,4,Sud,B076,ITF,ITF3,ITF33,063008,11.404,40.77702,14.508648,25645,2248.77
063009,Boscotrecase,15,Campania,063,Napoli,NA,4,Sud,B077,ITF,ITF3,ITF33,063009,7.334,40.790117,14.452936,9796,1335.7
063010,Brusciano,15,Campania,063,Napoli,NA,4,Sud,B227,ITF,ITF3,ITF33,063010,5.601,40.926704,14.423049,16149,2883.24
063011,Caivano,15,Campania,063,Napoli,NA,4,Sud,B371,ITF,ITF3,ITF33,063011,26.981,40.97201,14.321298,35886,1330.05
063012,Calvizzano,15,Campania,063,Napoli,NA,4,Sud,B452,ITF,ITF3,ITF33,063012,4.018,40.909274,14.174218,12869,3202.84
063013,Camposano,15,Campania,063,Napoli,NA,4,Sud,B565,ITF,ITF3,ITF33,063013,3.395,40.953351,14.525224,5010,1475.7
063014,Capri,15,Campania,063,Napoli,NA,4,Sud,B696,ITF,ITF3,ITF33,063014,4.281,40.549764,14.245072,6705,1566.22
063015,Carbonara di Nola,15,Campania,063,Napoli,NA,4,Sud,B740,ITF,ITF3,ITF33,063015,3.729,40.871082,14.58064,2463,660.5
063016,Cardito,15,Campania,063,Napoli,NA,4,Sud,B759,ITF,ITF3,ITF33,063016,3.211,40.936956,14.293574,21434,6675.18
063017,Casalnuovo di Napoli,15,Campania,063,Napoli,NA,4,Sud,B905,ITF,ITF3,ITF33,063017,7.557,40.904204,14.347597,46663,6174.8
063018,Casamarciano,15,Campania,063,Napoli,NA,4,Sud,B922,ITF,ITF3,ITF33,063018,6.563,40.935495,14.560157,2990,455.58
063019,Casamicciola Terme,15,Campania,063,Napoli,NA,4,Sud,B924,ITF,ITF3,ITF33,063019,6.035,40.740416,13.909164,7361,1219.72
063020,Casandrino,15,Campania,063,Napoli,NA,4,Sud,B925,ITF,ITF3,ITF33,063020,3.28,40.926609,14.24738,13055,3980.18
063021,Casavatore,15,Campania,063,Napoli,NA,4,Sud,B946,ITF,ITF3,ITF33,063021,1.489,40.897845,14.276448,18244,12252.52
063022,Casola di Napoli,15,Campania,063,Napoli,NA,4,Sud,B980,ITF,ITF3,ITF33,063022,2.712,40.697759,14.534458,3598,1326.7
063023,Casoria,15,Campania,063,Napoli,NA,4,Sud,B990,ITF,ITF3,ITF33,063023,12.202,40.903555,14.30442,73257,6003.69
063024,Castellammare di Stabia,15,Campania,063,Napoli,NA,4,Sud,C129,ITF,ITF3,ITF33,063024,18.096,40.703383,14.49168,61937,3422.69
063025,Castello di Cisterna,15,Campania,063,Napoli,NA,4,Sud,C188,ITF,ITF3,ITF33,063025,3.935,40.918314,14.409831,7855,1996.19
063026,Cercola,15,Campania,063,Napoli,NA,4,Sud,C495,ITF,ITF3,ITF33,063026,3.795,40.862226,14.357114,16702,4401.05
063027,Cicciano,15,Campania,063,Napoli,NA,4,Sud,C675,ITF,ITF3,ITF33,063027,7.485,40.967991,14.521009,12342,1648.9
063028,Cimitile,15,Campania,063,Napoli,NA,4,Sud,C697,ITF,ITF3,ITF33,063028,2.675,40.945708,14.518571,6907,2582.06
063029,Comiziano,15,Campania,063,Napoli,NA,4,Sud,C929,ITF,ITF3,ITF33,063029,2.347,40.947606,14.550607,1665,709.42
063030,Crispano,15,Campania,063,Napoli,NA,4,Sud,D170,ITF,ITF3,ITF33,063030,2.158,40.956892,14.28907,11566,5359.59
063064,Ercolano,15,Campania,063,Napoli,NA,4,Sud,H243,ITF,ITF3,ITF33,063064,19.737,40.814295,14.374906,49179,2491.72
063031,Forio,15,Campania,063,Napoli,NA,4,Sud,D702,ITF,ITF3,ITF33,063031,12.809,40.728361,13.874203,17464,1363.42
063032,Frattamaggiore,15,Campania,063,Napoli,NA,4,Sud,D789,ITF,ITF3,ITF33,063032,5.479,40.933552,14.276141,28677,5233.98
063033,Frattaminore,15,Campania,063,Napoli,NA,4,Sud,D790,ITF,ITF3,ITF33,063033,2.017,40.954725,14.271049,15412,7641.05
063034,Giugliano in Campania,15,Campania,063,Napoli,NA,4,Sud,E054,ITF,ITF3,ITF33,063034,94.289,40.92635,14.069045,125018,1325.9
063035,Gragnano,15,Campania,063,Napoli,NA,4,Sud,E131,ITF,ITF3,ITF33,063035,14.67,40.689779,14.52977,27420,1869.12
063036,Grumo Nevano,15,Campania,063,Napoli,NA,4,Sud,E224,ITF,ITF3,ITF33,063036,2.983,40.932141,14.260269,17057,5718.07
063037,Ischia,15,Campania,063,Napoli,NA,4,Sud,E329,ITF,ITF3,ITF33,063037,8.441,40.726349,13.947539,19415,2300.08
063038,Lacco Ameno,15,Campania,063,Napoli,NA,4,Sud,E396,ITF,ITF3,ITF33,063038,2.105,40.748307,13.888818,4469,2123.04
063039,Lettere,15,Campania,063,Napoli,NA,4,Sud,E557,ITF,ITF3,ITF33,063039,11.952,40.70508,14.547369,6019,503.6
063040,Liveri,15,Campania,063,Napoli,NA,4,Sud,E620,ITF,ITF3,ITF33,063040,3.025,40.898137,14.563993,1474,487.27
063041,Marano di Napoli,15,Campania,063,Napoli,NA,4,Sud,E906,ITF,ITF3,ITF33,063041,15.298,40.889232,14.17816,57631,3767.22
063042,Mariglianella,15,Campania,063,Napoli,NA,4,Sud,E954,ITF,ITF3,ITF33,063042,3.323,40.92685,14.436883,8047,2421.61
063043,Marigliano,15,Campania,063,Napoli,NA,4,Sud,E955,ITF,ITF3,ITF33,063043,22.602,40.936221,14.460485,29496,1305.02
063044,Massa Lubrense,15,Campania,063,Napoli,NA,4,Sud,F030,ITF,ITF3,ITF33,063044,19.956,40.598414,14.360614,14116,707.36
063092,Massa di Somma,15,Campania,063,Napoli,NA,4,Sud,M289,ITF,ITF3,ITF33,063092,3.108,40.843328,14.385498,4933,1587.19
063045,Melito di Napoli,15,Campania,063,Napoli,NA,4,Sud,F111,ITF,ITF3,ITF33,063045,3.801,40.920513,14.230049,36156,9512.23
063046,Meta,15,Campania,063,Napoli,NA,4,Sud,F162,ITF,ITF3,ITF33,063046,2.48,40.639803,14.418133,7855,3167.34
063047,Monte di Procida,15,Campania,063,Napoli,NA,4,Sud,F488,ITF,ITF3,ITF33,063047,3.678,40.800334,14.05166,11735,3190.59
063048,Mugnano di Napoli,15,Campania,063,Napoli,NA,4,Sud,F799,ITF,ITF3,ITF33,063048,5.073,40.90984,14.209499,35506,6999.01
063049,Napoli,15,Campania,063,Napoli,NA,4,Sud,F839,ITF,ITF3,ITF33,063049,118.553,40.852235,14.241199,905050,7634.14
063050,Nola,15,Campania,063,Napoli,NA,4,Sud,F924,ITF,ITF3,ITF33,063050,38.617,40.918371,14.527112,34064,882.1
063051,Ottaviano,15,Campania,063,Napoli,NA,4,Sud,G190,ITF,ITF3,ITF33,063051,19.778,40.835888,14.462126,23364,1181.31
063052,Palma Campania,15,Campania,063,Napoli,NA,4,Sud,G283,ITF,ITF3,ITF33,063052,20.311,40.860444,14.563052,16254,800.26
063053,Piano di Sorrento,15,Campania,063,Napoli,NA,4,Sud,G568,ITF,ITF3,ITF33,063053,7.267,40.627056,14.42599,12136,1670.02
063054,Pimonte,15,Campania,063,Napoli,NA,4,Sud,G670,ITF,ITF3,ITF33,063054,12.047,40.666856,14.520153,5883,488.34
063055,Poggiomarino,15,Campania,063,Napoli,NA,4,Sud,G762,ITF,ITF3,ITF33,063055,12.903,40.809432,14.544875,22803,1767.26
063056,Pollena Trocchia,15,Campania,063,Napoli,NA,4,Sud,G795,ITF,ITF3,ITF33,063056,7.841,40.85963,14.377627,12654,1613.82
063057,Pomigliano d'Arco,15,Campania,063,Napoli,NA,4,Sud,G812,ITF,ITF3,ITF33,063057,11.95,40.911313,14.386515,39607,3314.39
063058,Pompei,15,Campania,063,Napoli,NA,4,Sud,G813,ITF,ITF3,ITF33,063058,12.411,40.746332,14.495622,23517,1894.85
063059,Portici,15,Campania,063,Napoli,NA,4,Sud,G902,ITF,ITF3,ITF33,063059,4.622,40.817844,14.341503,51213,11080.27
063060,Pozzuoli,15,Campania,063,Napoli,NA,4,Sud,G964,ITF,ITF3,ITF33,063060,43.369,40.848934,14.103569,74665,1721.62
063061,Procida,15,Campania,063,Napoli,NA,4,Sud,H072,ITF,ITF3,ITF33,063061,4.209,40.755032,14.013602,9971,2368.97
063062,Qualiano,15,Campania,063,Napoli,NA,4,Sud,H101,ITF,ITF3,ITF33,063062,7.56,40.922913,14.137335,24799,3280.29
063063,Quarto,15,Campania,063,Napoli,NA,4,Sud,H114,ITF,ITF3,ITF33,063063,14.262,40.885764,14.128269,41531,2912.0
063065,Roccarainola,15,Campania,063,Napoli,NA,4,Sud,H433,ITF,ITF3,ITF33,063065,28.205,40.990199,14.553719,6463,229.14
063066,San Gennaro Vesuviano,15,Campania,063,Napoli,NA,4,Sud,H860,ITF,ITF3,ITF33,063066,7.033,40.850778,14.530459,12164,1729.56
063067,San Giorgio a Cremano,15,Campania,063,Napoli,NA,4,Sud,H892,ITF,ITF3,ITF33,063067,4.149,40.834668,14.340223,41585,10022.9
063068,San Giuseppe Vesuviano,15,Campania,063,Napoli,NA,4,Sud,H931,ITF,ITF3,ITF33,063068,14.407,40.824805,14.488784,30550,2120.5
063069,San Paolo Bel Sito,15,Campania,063,Napoli,NA,4,Sud,I073,ITF,ITF3,ITF33,063069,2.753,40.910087,14.55006,3358,1219.76
063070,San Sebastiano al Vesuvio,15,Campania,063,Napoli,NA,4,Sud,I151,ITF,ITF3,ITF33,063070,2.804,40.83994,14.369614,8571,3056.7
063075,San Vitaliano,15,Campania,063,Napoli,NA,4,Sud,I391,ITF,ITF3,ITF33,063075,5.062,40.934533,14.487743,6580,1299.88
063071,Sant'Agnello,15,Campania,063,Napoli,NA,4,Sud,I208,ITF,ITF3,ITF33,063071,4.04,40.618178,14.405801,8425,2085.4
063072,Sant'Anastasia,15,Campania,063,Napoli,NA,4,Sud,I262,ITF,ITF3,ITF33,063072,18.621,40.866252,14.400366,25999,1396.22
063073,Sant'Antimo,15,Campania,063,Napoli,NA,4,Sud,I293,ITF,ITF3,ITF33,063073,5.897,40.94411,14.233925,32516,5513.99
063074,Sant'Antonio Abate,15,Campania,063,Napoli,NA,4,Sud,I300,ITF,ITF3,ITF33,063074,8.063,40.721845,14.541527,18766,2327.42
063090,Santa Maria la Carità,15,Campania,063,Napoli,NA,4,Sud,M273,ITF,ITF3,ITF33,063090,4.094,40.720805,14.510162,11902,2907.18
063076,Saviano,15,Campania,063,Napoli,NA,4,Sud,I469,ITF,ITF3,ITF33,063076,13.853,40.900888,14.503134,16063,1159.53
063077,Scisciano,15,Campania,063,Napoli,NA,4,Sud,I540,ITF,ITF3,ITF33,063077,5.345,40.901572,14.473498,6371,1191.96
063078,Serrara Fontana,15,Campania,063,Napoli,NA,4,Sud,I652,ITF,ITF3,ITF33,063078,6.374,40.713655,13.893437,3065,480.86
063079,Somma Vesuviana,15,Campania,063,Napoli,NA,4,Sud,I820,ITF,ITF3,ITF33,063079,30.8,40.86994,14.447591,33225,1078.73
063080,Sorrento,15,Campania,063,Napoli,NA,4,Sud,I862,ITF,ITF3,ITF33,063080,10.081,40.614941,14.379592,14949,1482.89
063081,Striano,15,Campania,063,Napoli,NA,4,Sud,I978,ITF,ITF3,ITF33,063081,7.756,40.816898,14.574607,9266,1194.69
063082,Terzigno,15,Campania,063,Napoli,NA,4,Sud,L142,ITF,ITF3,ITF33,063082,23.513,40.799444,14.483126,17373,738.87
063083,Torre Annunziata,15,Campania,063,Napoli,NA,4,Sud,L245,ITF,ITF3,ITF33,063083,7.564,40.747078,14.466411,39496,5221.58
063084,Torre del Greco,15,Campania,063,Napoli,NA,4,Sud,L259,ITF,ITF3,ITF33,063084,30.518,40.787168,14.395263,78839,2583.36
063091,Trecase,15,Campania,063,Napoli,NA,4,Sud,M280,ITF,ITF3,ITF33,063091,6.271,40.791142,14.437642,8522,1358.95
063085,Tufino,15,Campania,063,Napoli,NA,4,Sud,L460,ITF,ITF3,ITF33,063085,5.163,40.949391,14.569795,3350,648.85
063086,Vico Equense,15,Campania,063,Napoli,NA,4,Sud,L845,ITF,ITF3,ITF33,063086,28.815,40.65009,14.453894,20133,698.7
063087,Villaricca,15,Campania,063,Napoli,NA,4,Sud,G309,ITF,ITF3,ITF33,063087,6.91,40.917378,14.182002,31482,4556.01
063088,Visciano,15,Campania,063,Napoli,NA,4,Sud,M072,ITF,ITF3,ITF33,063088,10.651,40.920541,14.593864,4119,386.72
063089,Volla,15,Campania,063,Napoli,NA,4,Sud,M115,ITF,ITF3,ITF33,063089,6.271,40.88184,14.344836,25921,4133.47
065001,Acerno,15,Campania,065,Salerno,SA,4,Sud,A023,ITF,ITF3,ITF35,065001,71.99,40.736954,15.075547,2418,33.59
065002,Agropoli,15,Campania,065,Salerno,SA,4,Sud,A091,ITF,ITF3,ITF35,065002,32.34,40.353837,15.013785,21418,662.28
065003,Albanella,15,Campania,065,Salerno,SA,4,Sud,A128,ITF,ITF3,ITF35,065003,40.435,40.491295,15.105537,6339,156.77
065004,Alfano,15,Campania,065,Salerno,SA,4,Sud,A186,ITF,ITF3,ITF35,065004,4.84,40.175544,15.43276,891,184.09
065005,Altavilla Silentina,15,Campania,065,Salerno,SA,4,Sud,A230,ITF,ITF3,ITF35,065005,52.196,40.531122,15.116286,7058,135.22
065006,Amalfi,15,Campania,065,Salerno,SA,4,Sud,A251,ITF,ITF3,ITF35,065006,5.691,40.63034,14.586617,4572,803.37
065007,Angri,15,Campania,065,Salerno,SA,4,Sud,A294,ITF,ITF3,ITF35,065007,13.459,40.740455,14.564904,34353,2552.42
065008,Aquara,15,Campania,065,Salerno,SA,4,Sud,A343,ITF,ITF3,ITF35,065008,32.63,40.446158,15.24905,1237,37.91
065009,Ascea,15,Campania,065,Salerno,SA,4,Sud,A460,ITF,ITF3,ITF35,065009,37.171,40.156443,15.204152,5914,159.1
065010,Atena Lucana,15,Campania,065,Salerno,SA,4,Sud,A484,ITF,ITF3,ITF35,065010,25.785,40.456453,15.551057,2400,93.08
065011,Atrani,15,Campania,065,Salerno,SA,4,Sud,A487,ITF,ITF3,ITF35,065011,0.105,40.637639,14.607435,751,7152.38
065012,Auletta,15,Campania,065,Salerno,SA,4,Sud,A495,ITF,ITF3,ITF35,065012,35.233,40.545,15.41817,2106,59.77
065013,Baronissi,15,Campania,065,Salerno,SA,4,Sud,A674,ITF,ITF3,ITF35,065013,17.708,40.740327,14.771892,16788,948.05
065014,Battipaglia,15,Campania,065,Salerno,SA,4,Sud,A717,ITF,ITF3,ITF35,065014,56.927,40.592701,14.957077,49504,869.6
065158,Bellizzi,15,Campania,065,Salerno,SA,4,Sud,M294,ITF,ITF3,ITF35,065158,8.007,40.619876,14.939869,13330,1664.79
065015,Bellosguardo,15,Campania,065,Salerno,SA,4,Sud,A756,ITF,ITF3,ITF35,065015,16.985,40.419099,15.307946,639,37.62
065016,Bracigliano,15,Campania,065,Salerno,SA,4,Sud,B115,ITF,ITF3,ITF35,065016,14.247,40.823615,14.702862,5343,375.03
065017,Buccino,15,Campania,065,Salerno,SA,4,Sud,B242,ITF,ITF3,ITF35,065017,65.416,40.643518,15.359027,4462,68.21
065018,Buonabitacolo,15,Campania,065,Salerno,SA,4,Sud,B266,ITF,ITF3,ITF35,065018,15.519,40.284798,15.622045,2454,158.13
065019,Caggiano,15,Campania,065,Salerno,SA,4,Sud,B351,ITF,ITF3,ITF35,065019,35.089,40.559218,15.490031,2486,70.85
065020,Calvanico,15,Campania,065,Salerno,SA,4,Sud,B437,ITF,ITF3,ITF35,065020,14.721,40.777178,14.844769,1407,95.58
065021,Camerota,15,Campania,065,Salerno,SA,4,Sud,B476,ITF,ITF3,ITF35,065021,70.338,40.0367,15.365077,6741,95.84
065022,Campagna,15,Campania,065,Salerno,SA,4,Sud,B492,ITF,ITF3,ITF35,065022,135.224,40.662983,15.132645,17194,127.15
065023,Campora,15,Campania,065,Salerno,SA,4,Sud,B555,ITF,ITF3,ITF35,065023,28.951,40.301169,15.302685,297,10.26
065024,Cannalonga,15,Campania,065,Salerno,SA,4,Sud,B608,ITF,ITF3,ITF35,065024,17.622,40.247468,15.316132,939,53.29
065025,Capaccio Paestum,15,Campania,065,Salerno,SA,4,Sud,B644,ITF,ITF3,ITF35,065025,112.454,40.441661,15.038243,22463,199.75
065028,Casal Velino,15,Campania,065,Salerno,SA,4,Sud,B895,ITF,ITF3,ITF35,065028,31.736,40.203251,15.132791,5368,169.15
065026,Casalbuono,15,Campania,065,Salerno,SA,4,Sud,B868,ITF,ITF3,ITF35,065026,34.681,40.216559,15.691067,1013,29.21
065027,Casaletto Spartano,15,Campania,065,Salerno,SA,4,Sud,B888,ITF,ITF3,ITF35,065027,86.204,40.16868,15.646716,1222,14.18
065029,Caselle in Pittari,15,Campania,065,Salerno,SA,4,Sud,B959,ITF,ITF3,ITF35,065029,45.003,40.183953,15.542235,1860,41.33
065034,Castel San Giorgio,15,Campania,065,Salerno,SA,4,Sud,C259,ITF,ITF3,ITF35,065034,13.676,40.782593,14.685756,13758,1006.0
065035,Castel San Lorenzo,15,Campania,065,Salerno,SA,4,Sud,C262,ITF,ITF3,ITF35,065035,13.987,40.42042,15.225618,2182,156.0
065030,Castelcivita,15,Campania,065,Salerno,SA,4,Sud,C069,ITF,ITF3,ITF35,065030,57.047,40.507309,15.247939,1370,24.02
065031,Castellabate,15,Campania,065,Salerno,SA,4,Sud,C125,ITF,ITF3,ITF35,065031,37.167,40.282805,14.955183,8672,233.33
065032,Castelnuovo Cilento,15,Campania,065,Salerno,SA,4,Sud,C231,ITF,ITF3,ITF35,065032,17.942,40.213693,15.178053,2849,158.79
065033,Castelnuovo di Conza,15,Campania,065,Salerno,SA,4,Sud,C235,ITF,ITF3,ITF35,065033,14.079,40.818958,15.306972,557,39.56
065036,Castiglione del Genovesi,15,Campania,065,Salerno,SA,4,Sud,C306,ITF,ITF3,ITF35,065036,10.122,40.729813,14.841076,1280,126.46
065037,Cava de' Tirreni,15,Campania,065,Salerno,SA,4,Sud,C361,ITF,ITF3,ITF35,065037,36.198,40.71168,14.705746,49330,1362.78
065038,Celle di Bulgheria,15,Campania,065,Salerno,SA,4,Sud,C444,ITF,ITF3,ITF35,065038,31.229,40.10939,15.381167,1677,53.7
065039,Centola,15,Campania,065,Salerno,SA,4,Sud,C470,ITF,ITF3,ITF35,065039,47.638,40.076531,15.312498,5020,105.38
065040,Ceraso,15,Campania,065,Salerno,SA,4,Sud,C485,ITF,ITF3,ITF35,065040,46.372,40.184503,15.235916,2195,47.33
065041,Cetara,15,Campania,065,Salerno,SA,4,Sud,C584,ITF,ITF3,ITF35,065041,5.193,40.657664,14.694038,1886,363.18
065042,Cicerale,15,Campania,065,Salerno,SA,4,Sud,C676,ITF,ITF3,ITF35,065042,41.37,40.349773,15.127724,1178,28.47
065043,Colliano,15,Campania,065,Salerno,SA,4,Sud,C879,ITF,ITF3,ITF35,065043,54.907,40.714158,15.29694,3387,61.69
065044,Conca dei Marini,15,Campania,065,Salerno,SA,4,Sud,C940,ITF,ITF3,ITF35,065044,1.059,40.61721,14.5668,635,599.62
065045,Controne,15,Campania,065,Salerno,SA,4,Sud,C973,ITF,ITF3,ITF35,065045,7.622,40.515339,15.202314,757,99.32
065046,Contursi Terme,15,Campania,065,Salerno,SA,4,Sud,C974,ITF,ITF3,ITF35,065046,28.595,40.65618,15.243651,3158,110.44
065047,Corbara,15,Campania,065,Salerno,SA,4,Sud,C984,ITF,ITF3,ITF35,065047,6.788,40.711338,14.595647,2518,370.95
065048,Corleto Monforte,15,Campania,065,Salerno,SA,4,Sud,D011,ITF,ITF3,ITF35,065048,58.507,40.449733,15.399272,462,7.9
065049,Cuccaro Vetere,15,Campania,065,Salerno,SA,4,Sud,D195,ITF,ITF3,ITF35,065049,17.431,40.180367,15.30457,510,29.26
065050,Eboli,15,Campania,065,Salerno,SA,4,Sud,D390,ITF,ITF3,ITF35,065050,136.775,40.566804,14.99998,37656,275.31
065051,Felitto,15,Campania,065,Salerno,SA,4,Sud,D527,ITF,ITF3,ITF35,065051,41.242,40.386419,15.24528,1140,27.64
065052,Fisciano,15,Campania,065,Salerno,SA,4,Sud,D615,ITF,ITF3,ITF35,065052,31.606,40.769977,14.794067,14237,450.45
065053,Furore,15,Campania,065,Salerno,SA,4,Sud,D826,ITF,ITF3,ITF35,065053,1.803,40.617562,14.547518,678,376.04
065054,Futani,15,Campania,065,Salerno,SA,4,Sud,D832,ITF,ITF3,ITF35,065054,14.756,40.168178,15.339702,1048,71.02
065055,Giffoni Sei Casali,15,Campania,065,Salerno,SA,4,Sud,E026,ITF,ITF3,ITF35,065055,35.247,40.734921,14.888405,4951,140.47
065056,Giffoni Valle Piana,15,Campania,065,Salerno,SA,4,Sud,E027,ITF,ITF3,ITF35,065056,87.913,40.728698,14.946526,11461,130.37
065057,Gioi,15,Campania,065,Salerno,SA,4,Sud,E037,ITF,ITF3,ITF35,065057,28.102,40.277145,15.223261,1058,37.65
065058,Giungano,15,Campania,065,Salerno,SA,4,Sud,E060,ITF,ITF3,ITF35,065058,11.713,40.38968,15.095938,1305,111.41
065059,Ispani,15,Campania,065,Salerno,SA,4,Sud,E365,ITF,ITF3,ITF35,065059,8.306,40.089384,15.555396,971,116.9
065060,Laureana Cilento,15,Campania,065,Salerno,SA,4,Sud,E480,ITF,ITF3,ITF35,065060,13.949,40.306831,15.022763,1255,89.97
065061,Laurino,15,Campania,065,Salerno,SA,4,Sud,E485,ITF,ITF3,ITF35,065061,69.366,40.314033,15.347268,1200,17.3
065062,Laurito,15,Campania,065,Salerno,SA,4,Sud,E486,ITF,ITF3,ITF35,065062,19.979,40.170369,15.397144,647,32.38
065063,Laviano,15,Campania,065,Salerno,SA,4,Sud,E498,ITF,ITF3,ITF35,065063,55.357,40.772723,15.334815,1261,22.78
065064,Lustra,15,Campania,065,Salerno,SA,4,Sud,E767,ITF,ITF3,ITF35,065064,14.874,40.281325,15.090662,1005,67.57
065065,Magliano Vetere,15,Campania,065,Salerno,SA,4,Sud,E814,ITF,ITF3,ITF35,065065,22.957,40.351453,15.244466,573,24.96
065066,Maiori,15,Campania,065,Salerno,SA,4,Sud,E839,ITF,ITF3,ITF35,065066,16.491,40.655129,14.657447,5211,315.99
065067,Mercato San Severino,15,Campania,065,Salerno,SA,4,Sud,F138,ITF,ITF3,ITF35,065067,30.29,40.783404,14.737939,21309,703.5
065068,Minori,15,Campania,065,Salerno,SA,4,Sud,F223,ITF,ITF3,ITF35,065068,2.744,40.661573,14.624926,2528,921.28
065069,Moio della Civitella,15,Campania,065,Salerno,SA,4,Sud,F278,ITF,ITF3,ITF35,065069,17.316,40.259273,15.274836,1810,104.53
065070,Montano Antilia,15,Campania,065,Salerno,SA,4,Sud,F426,ITF,ITF3,ITF35,065070,33.08,40.162222,15.367941,1644,49.7
065075,Monte San Giacomo,15,Campania,065,Salerno,SA,4,Sud,F618,ITF,ITF3,ITF35,065075,51.17,40.327261,15.51068,1354,26.46
065071,Montecorice,15,Campania,065,Salerno,SA,4,Sud,F479,ITF,ITF3,ITF35,065071,22.319,40.24127,14.986964,2592,116.13
065072,Montecorvino Pugliano,15,Campania,065,Salerno,SA,4,Sud,F480,ITF,ITF3,ITF35,065072,28.984,40.655302,14.941038,11212,386.83
065073,Montecorvino Rovella,15,Campania,065,Salerno,SA,4,Sud,F481,ITF,ITF3,ITF35,065073,42.082,40.680877,14.989202,12308,292.48
065074,Monteforte Cilento,15,Campania,065,Salerno,SA,4,Sud,F507,ITF,ITF3,ITF35,065074,21.974,40.365541,15.185395,531,24.16
065076,Montesano sulla Marcellana,15,Campania,065,Salerno,SA,4,Sud,F625,ITF,ITF3,ITF35,065076,109.023,40.261519,15.722514,6281,57.61
065077,Morigerati,15,Campania,065,Salerno,SA,4,Sud,F731,ITF,ITF3,ITF35,065077,21.344,40.149947,15.558165,577,27.03
065078,Nocera Inferiore,15,Campania,065,Salerno,SA,4,Sud,F912,ITF,ITF3,ITF35,065078,20.833,40.756589,14.639227,43291,2078.0
065079,Nocera Superiore,15,Campania,065,Salerno,SA,4,Sud,F913,ITF,ITF3,ITF35,065079,14.756,40.738403,14.676499,23396,1585.52
065080,Novi Velia,15,Campania,065,Salerno,SA,4,Sud,F967,ITF,ITF3,ITF35,065080,34.418,40.233438,15.370517,2328,67.64
065081,Ogliastro Cilento,15,Campania,065,Salerno,SA,4,Sud,G011,ITF,ITF3,ITF35,065081,13.187,40.361855,15.057505,2307,174.95
065082,Olevano sul Tusciano,15,Campania,065,Salerno,SA,4,Sud,G023,ITF,ITF3,ITF35,065082,26.809,40.661948,15.030661,6571,245.1
065083,Oliveto Citra,15,Campania,065,Salerno,SA,4,Sud,G039,ITF,ITF3,ITF35,065083,31.719,40.690015,15.209737,3601,113.53
065084,Omignano,15,Campania,065,Salerno,SA,4,Sud,G063,ITF,ITF3,ITF35,065084,10.01,40.250083,15.106362,1636,163.44
065085,Orria,15,Campania,065,Salerno,SA,4,Sud,G121,ITF,ITF3,ITF35,065085,26.324,40.299386,15.186622,887,33.7
065086,Ottati,15,Campania,065,Salerno,SA,4,Sud,G192,ITF,ITF3,ITF35,065086,53.4,40.48325,15.297669,564,10.56
065087,Padula,15,Campania,065,Salerno,SA,4,Sud,G226,ITF,ITF3,ITF35,065087,66.458,40.339864,15.660331,4775,71.85
065088,Pagani,15,Campania,065,Salerno,SA,4,Sud,G230,ITF,ITF3,ITF35,065088,12.648,40.753234,14.604894,35117,2776.49
065089,Palomonte,15,Campania,065,Salerno,SA,4,Sud,G292,ITF,ITF3,ITF35,065089,28.061,40.652069,15.301626,3772,134.42
065090,Pellezzano,15,Campania,065,Salerno,SA,4,Sud,G426,ITF,ITF3,ITF35,065090,14.045,40.716685,14.757474,10824,770.67
065091,Perdifumo,15,Campania,065,Salerno,SA,4,Sud,G447,ITF,ITF3,ITF35,065091,23.871,40.281347,15.001996,1802,75.49
065092,Perito,15,Campania,065,Salerno,SA,4,Sud,G455,ITF,ITF3,ITF35,065092,23.592,40.296759,15.137914,763,32.34
065093,Pertosa,15,Campania,065,Salerno,SA,4,Sud,G476,ITF,ITF3,ITF35,065093,6.406,40.543632,15.453205,632,98.66
065094,Petina,15,Campania,065,Salerno,SA,4,Sud,G509,ITF,ITF3,ITF35,065094,35.271,40.531873,15.376085,984,27.9
065095,Piaggine,15,Campania,065,Salerno,SA,4,Sud,G538,ITF,ITF3,ITF35,065095,62.491,40.331008,15.423702,1056,16.9
065096,Pisciotta,15,Campania,065,Salerno,SA,4,Sud,G707,ITF,ITF3,ITF35,065096,31.149,40.105649,15.252829,2416,77.56
065097,Polla,15,Campania,065,Salerno,SA,4,Sud,G793,ITF,ITF3,ITF35,065097,47.955,40.510934,15.495144,5084,106.02
065098,Pollica,15,Campania,065,Salerno,SA,4,Sud,G796,ITF,ITF3,ITF35,065098,28.5,40.200676,15.067469,2048,71.86
065099,Pontecagnano Faiano,15,Campania,065,Salerno,SA,4,Sud,G834,ITF,ITF3,ITF35,065099,36.772,40.629488,14.88372,26334,716.14
065100,Positano,15,Campania,065,Salerno,SA,4,Sud,G932,ITF,ITF3,ITF35,065100,8.999,40.633774,14.49042,3643,404.82
065101,Postiglione,15,Campania,065,Salerno,SA,4,Sud,G939,ITF,ITF3,ITF35,065101,48.164,40.576773,15.21937,2019,41.92
065102,Praiano,15,Campania,065,Salerno,SA,4,Sud,G976,ITF,ITF3,ITF35,065102,2.867,40.615369,14.52751,1920,669.69
065103,Prignano Cilento,15,Campania,065,Salerno,SA,4,Sud,H062,ITF,ITF3,ITF35,065103,11.977,40.328928,15.079439,1111,92.76
065104,Ravello,15,Campania,065,Salerno,SA,4,Sud,H198,ITF,ITF3,ITF35,065104,8.045,40.660641,14.613246,2335,290.24
065105,Ricigliano,15,Campania,065,Salerno,SA,4,Sud,H277,ITF,ITF3,ITF35,065105,27.891,40.671112,15.457828,1039,37.25
065106,Roccadaspide,15,Campania,065,Salerno,SA,4,Sud,H394,ITF,ITF3,ITF35,065106,63.955,40.440971,15.158905,6900,107.89
065107,Roccagloriosa,15,Campania,065,Salerno,SA,4,Sud,H412,ITF,ITF3,ITF35,065107,40.716,40.121786,15.438773,1535,37.7
065108,Roccapiemonte,15,Campania,065,Salerno,SA,4,Sud,H431,ITF,ITF3,ITF35,065108,5.193,40.757803,14.687648,8676,1670.71
065109,Rofrano,15,Campania,065,Salerno,SA,4,Sud,H485,ITF,ITF3,ITF35,065109,63.236,40.207202,15.435336,1222,19.32
065110,Romagnano al Monte,15,Campania,065,Salerno,SA,4,Sud,H503,ITF,ITF3,ITF35,065110,9.543,40.624638,15.441194,369,38.67
065111,Roscigno,15,Campania,065,Salerno,SA,4,Sud,H564,ITF,ITF3,ITF35,065111,15.198,40.407356,15.355393,570,37.5
065112,Rutino,15,Campania,065,Salerno,SA,4,Sud,H644,ITF,ITF3,ITF35,065112,9.648,40.300258,15.091692,744,77.11
065113,Sacco,15,Campania,065,Salerno,SA,4,Sud,H654,ITF,ITF3,ITF35,065113,23.633,40.384101,15.391898,394,16.67
065114,Sala Consilina,15,Campania,065,Salerno,SA,4,Sud,H683,ITF,ITF3,ITF35,065114,59.361,40.397171,15.60847,12103,203.89
065115,Salento,15,Campania,065,Salerno,SA,4,Sud,H686,ITF,ITF3,ITF35,065115,23.479,40.247038,15.172651,1734,73.85
065116,Salerno,15,Campania,065,Salerno,SA,4,Sud,H703,ITF,ITF3,ITF35,065116,59.664,40.677501,14.794624,125323,2100.48
065117,Salvitelle,15,Campania,065,Salerno,SA,4,Sud,H732,ITF,ITF3,ITF35,065117,9.449,40.597408,15.443888,457,48.36
065118,San Cipriano Picentino,15,Campania,065,Salerno,SA,4,Sud,H800,ITF,ITF3,ITF35,065118,17.219,40.698104,14.871736,6738,391.31
065119,San Giovanni a Piro,15,Campania,065,Salerno,SA,4,Sud,H907,ITF,ITF3,ITF35,065119,37.828,40.056963,15.457072,3591,94.93
065120,San Gregorio Magno,15,Campania,065,Salerno,SA,4,Sud,H943,ITF,ITF3,ITF35,065120,49.94,40.674955,15.387593,3798,76.05
065121,San Mango Piemonte,15,Campania,065,Salerno,SA,4,Sud,H977,ITF,ITF3,ITF35,065121,6.191,40.704092,14.840331,2616,422.55
065122,San Marzano sul Sarno,15,Campania,065,Salerno,SA,4,Sud,I019,ITF,ITF3,ITF35,065122,5.255,40.776026,14.583192,10209,1942.72
065123,San Mauro Cilento,15,Campania,065,Salerno,SA,4,Sud,I031,ITF,ITF3,ITF35,065123,15.059,40.220197,15.036876,824,54.72
065124,San Mauro la Bruca,15,Campania,065,Salerno,SA,4,Sud,I032,ITF,ITF3,ITF35,065124,19.109,40.124387,15.288156,500,26.17
065125,San Pietro al Tanagro,15,Campania,065,Salerno,SA,4,Sud,I089,ITF,ITF3,ITF35,065125,15.505,40.450693,15.487067,1699,109.58
065126,San Rufo,15,Campania,065,Salerno,SA,4,Sud,I143,ITF,ITF3,ITF35,065126,32.009,40.425937,15.469866,1585,49.52
065132,San Valentino Torio,15,Campania,065,Salerno,SA,4,Sud,I377,ITF,ITF3,ITF35,065132,9.012,40.793883,14.602026,10994,1219.93
065128,Sant'Angelo a Fasanella,15,Campania,065,Salerno,SA,4,Sud,I278,ITF,ITF3,ITF35,065128,32.109,40.46816,15.357412,498,15.51
065129,Sant'Arsenio,15,Campania,065,Salerno,SA,4,Sud,I307,ITF,ITF3,ITF35,065129,19.804,40.473751,15.481525,2639,133.26
065130,Sant'Egidio del Monte Albino,15,Campania,065,Salerno,SA,4,Sud,I317,ITF,ITF3,ITF35,065130,6.159,40.738666,14.594983,7683,1247.44
065127,Santa Marina,15,Campania,065,Salerno,SA,4,Sud,I253,ITF,ITF3,ITF35,065127,28.096,40.097621,15.520752,3220,114.61
065131,Santomenna,15,Campania,065,Salerno,SA,4,Sud,I260,ITF,ITF3,ITF35,065131,8.912,40.813251,15.343539,368,41.29
065133,Sanza,15,Campania,065,Salerno,SA,4,Sud,I410,ITF,ITF3,ITF35,065133,127.923,40.250264,15.547512,2313,18.08
065134,Sapri,15,Campania,065,Salerno,SA,4,Sud,I422,ITF,ITF3,ITF35,065134,14.282,40.064397,15.652384,6261,438.38
065135,Sarno,15,Campania,065,Salerno,SA,4,Sud,I438,ITF,ITF3,ITF35,065135,39.894,40.814384,14.629222,30937,775.48
065136,Sassano,15,Campania,065,Salerno,SA,4,Sud,I451,ITF,ITF3,ITF35,065136,47.332,40.328601,15.58139,4680,98.88
065137,Scafati,15,Campania,065,Salerno,SA,4,Sud,I483,ITF,ITF3,ITF35,065137,19.945,40.763977,14.530765,47574,2385.26
065138,Scala,15,Campania,065,Salerno,SA,4,Sud,I486,ITF,ITF3,ITF35,065138,13.812,40.663098,14.581639,1507,109.11
065139,Serramezzana,15,Campania,065,Salerno,SA,4,Sud,I648,ITF,ITF3,ITF35,065139,7.262,40.238789,15.020398,272,37.46
065140,Serre,15,Campania,065,Salerno,SA,4,Sud,I666,ITF,ITF3,ITF35,065140,66.441,40.563742,15.111134,3671,55.25
065141,Sessa Cilento,15,Campania,065,Salerno,SA,4,Sud,I677,ITF,ITF3,ITF35,065141,17.889,40.261411,15.073473,1129,63.11
065142,Siano,15,Campania,065,Salerno,SA,4,Sud,I720,ITF,ITF3,ITF35,065142,8.302,40.807652,14.690301,9226,1111.3
065143,Sicignano degli Alburni,15,Campania,065,Salerno,SA,4,Sud,M253,ITF,ITF3,ITF35,065143,80.697,40.582677,15.302296,3057,37.88
065144,Stella Cilento,15,Campania,065,Salerno,SA,4,Sud,G887,ITF,ITF3,ITF35,065144,14.335,40.226345,15.092916,612,42.69
065145,Stio,15,Campania,065,Salerno,SA,4,Sud,I960,ITF,ITF3,ITF35,065145,24.249,40.314942,15.254196,759,31.3
065146,Teggiano,15,Campania,065,Salerno,SA,4,Sud,D292,ITF,ITF3,ITF35,065146,61.422,40.394673,15.521274,6967,113.43
065147,Torchiara,15,Campania,065,Salerno,SA,4,Sud,L212,ITF,ITF3,ITF35,065147,8.434,40.316217,15.058198,1908,226.23
065148,Torraca,15,Campania,065,Salerno,SA,4,Sud,L233,ITF,ITF3,ITF35,065148,16.052,40.103151,15.639821,1214,75.63
065149,Torre Orsaia,15,Campania,065,Salerno,SA,4,Sud,L274,ITF,ITF3,ITF35,065149,20.647,40.129615,15.484316,1928,93.38
065150,Tortorella,15,Campania,065,Salerno,SA,4,Sud,L306,ITF,ITF3,ITF35,065150,33.813,40.115449,15.606797,462,13.66
065151,Tramonti,15,Campania,065,Salerno,SA,4,Sud,L323,ITF,ITF3,ITF35,065151,24.846,40.697477,14.632273,4209,169.4
065152,Trentinara,15,Campania,065,Salerno,SA,4,Sud,L377,ITF,ITF3,ITF35,065152,23.275,40.398999,15.13673,1573,67.58
065153,Valle dell'Angelo,15,Campania,065,Salerno,SA,4,Sud,G540,ITF,ITF3,ITF35,065153,36.661,40.302818,15.395842,217,5.92
065154,Vallo della Lucania,15,Campania,065,Salerno,SA,4,Sud,L628,ITF,ITF3,ITF35,065154,24.901,40.227076,15.245725,7779,312.4
065155,Valva,15,Campania,065,Salerno,SA,4,Sud,L656,ITF,ITF3,ITF35,065155,26.373,40.752213,15.270027,1539,58.36
065156,Vibonati,15,Campania,065,Salerno,SA,4,Sud,L835,ITF,ITF3,ITF35,065156,20.206,40.0999,15.588278,3235,160.1
065157,Vietri sul Mare,15,Campania,065,Salerno,SA,4,Sud,L860,ITF,ITF3,ITF35,065157,8.897,40.672495,14.706683,6878,773.07
037062,Alto Reno Terme,08,Emilia-Romagna,037,Bologna,BO,2,Nord-est,M369,ITH,ITH5,ITH55,037062,73.481,44.122058,10.935038,7179,97.7
037001,Anzola dell'Emilia,08,Emilia-Romagna,037,Bologna,BO,2,Nord-est,A324,ITH,ITH5,ITH55,037001,36.676,44.569265,11.184699,12414,338.48
037002,Argelato,08,Emilia-Romagna,037,Bologna,BO,2,Nord-est,A392,ITH,ITH5,ITH55,037002,34.834,44.628482,11.324968,9573,274.82
037003,Baricella,08,Emilia-Romagna,037,Bologna,BO,2,Nord-est,A665,ITH,ITH5,ITH55,037003,45.4,44.67341,11.583015,7207,158.74
037005,Bentivoglio,08,Emilia-Romagna,037,Bologna,BO,2,Nord-est,A785,ITH,ITH5,ITH55,037005,51.449,44.636635,11.422287,5855,113.8
037006,Bologna,08,Emilia-Romagna,037,Bologna,BO,2,Nord-est,A944,ITH,ITH5,ITH55,037006,140.594,44.487307,11.360283,391473,2784.42
037007,Borgo Tossignano,08,Emilia-Romagna,037,Bologna,BO,2,Nord-est,B044,ITH,ITH5,ITH55,037007,29.442,44.270481,11.603617,3231,109.74
037008,Budrio,08,Emilia-Romagna,037,Bologna,BO,2,Nord-est,B249,ITH,ITH5,ITH55,037008,119.995,44.563751,11.543823,18494,154.12
037009,Calderara di Reno,08,Emilia-Romagna,037,Bologna,BO,2,Nord-est,B399,ITH,ITH5,ITH55,037009,40.23,44.57116,11.267139,13767,342.21
037010,Camugnano,08,Emilia-Romagna,037,Bologna,BO,2,Nord-est,B572,ITH,ITH5,ITH55,037010,96.656,44.15147,11.103261,1911,19.77
037011,Casalecchio di Reno,08,Emilia-Romagna,037,Bologna,BO,2,Nord-est,B880,ITH,ITH5,ITH55,037011,17.421,44.471755,11.266183,35359,2029.68
037012,Casalfiumanese,08,Emilia-Romagna,037,Bologna,BO,2,Nord-est,B892,ITH,ITH5,ITH55,037012,82.021,44.290157,11.560397,3361,40.98
037016,Castel Guelfo di Bologna,08,Emilia-Romagna,037,Bologna,BO,2,Nord-est,C121,ITH,ITH5,ITH55,037016,29.098,44.455081,11.639517,4473,153.72
037019,Castel Maggiore,08,Emilia-Romagna,037,Bologna,BO,2,Nord-est,C204,ITH,ITH5,ITH55,037019,30.963,44.573537,11.362366,18479,596.81
037020,Castel San Pietro Terme,08,Emilia-Romagna,037,Bologna,BO,2,Nord-est,C265,ITH,ITH5,ITH55,037020,148.136,44.392974,11.555344,20702,139.75
037013,Castel d'Aiano,08,Emilia-Romagna,037,Bologna,BO,2,Nord-est,C075,ITH,ITH5,ITH55,037013,45.474,44.283991,11.01589,1969,43.3
037014,Castel del Rio,08,Emilia-Romagna,037,Bologna,BO,2,Nord-est,C086,ITH,ITH5,ITH55,037014,52.576,44.201648,11.499879,1224,23.28
037015,Castel di Casio,08,Emilia-Romagna,037,Bologna,BO,2,Nord-est,B969,ITH,ITH5,ITH55,037015,47.53,44.151659,11.01207,3348,70.44
037017,Castello d'Argile,08,Emilia-Romagna,037,Bologna,BO,2,Nord-est,C185,ITH,ITH5,ITH55,037017,29.226,44.689932,11.310558,6694,229.04
037021,Castenaso,08,Emilia-Romagna,037,Bologna,BO,2,Nord-est,C292,ITH,ITH5,ITH55,037021,35.736,44.511421,11.473654,16670,466.48
037022,Castiglione dei Pepoli,08,Emilia-Romagna,037,Bologna,BO,2,Nord-est,C296,ITH,ITH5,ITH55,037022,66.039,44.167145,11.188876,5499,83.27
037024,Crevalcore,08,Emilia-Romagna,037,Bologna,BO,2,Nord-est,D166,ITH,ITH5,ITH55,037024,102.832,44.746987,11.1684,14210,138.19
037025,Dozza,08,Emilia-Romagna,037,Bologna,BO,2,Nord-est,D360,ITH,ITH5,ITH55,037025,24.347,44.382137,11.641724,6513,267.51
037026,Fontanelice,08,Emilia-Romagna,037,Bologna,BO,2,Nord-est,D668,ITH,ITH5,ITH55,037026,36.528,44.256967,11.537233,1910,52.29
037027,Gaggio Montano,08,Emilia-Romagna,037,Bologna,BO,2,Nord-est,D847,ITH,ITH5,ITH55,037027,58.646,44.222568,10.982736,4931,84.08
037028,Galliera,08,Emilia-Romagna,037,Bologna,BO,2,Nord-est,D878,ITH,ITH5,ITH55,037028,37.239,44.751253,11.412222,5776,155.11
037030,Granarolo dell'Emilia,08,Emilia-Romagna,037,Bologna,BO,2,Nord-est,E136,ITH,ITH5,ITH55,037030,34.456,44.561249,11.432019,13117,380.69
037031,Grizzana Morandi,08,Emilia-Romagna,037,Bologna,BO,2,Nord-est,E187,ITH,ITH5,ITH55,037031,77.579,44.256661,11.14891,3947,50.88
037032,Imola,08,Emilia-Romagna,037,Bologna,BO,2,Nord-est,E289,ITH,ITH5,ITH55,037032,204.621,44.426515,11.729655,69702,340.64
037033,Lizzano in Belvedere,08,Emilia-Romagna,037,Bologna,BO,2,Nord-est,A771,ITH,ITH5,ITH55,037033,85.419,44.165149,10.860964,2295,26.87
037034,Loiano,08,Emilia-Romagna,037,Bologna,BO,2,Nord-est,E655,ITH,ITH5,ITH55,037034,52.604,44.28176,11.328292,4589,87.24
037035,Malalbergo,08,Emilia-Romagna,037,Bologna,BO,2,Nord-est,E844,ITH,ITH5,ITH55,037035,53.792,44.677057,11.509973,9403,174.8
037036,Marzabotto,08,Emilia-Romagna,037,Bologna,BO,2,Nord-est,B689,ITH,ITH5,ITH55,037036,74.236,44.333534,11.202899,6926,93.3
037037,Medicina,08,Emilia-Romagna,037,Bologna,BO,2,Nord-est,F083,ITH,ITH5,ITH55,037037,158.656,44.517143,11.668291,16817,106.0
037038,Minerbio,08,Emilia-Romagna,037,Bologna,BO,2,Nord-est,F219,ITH,ITH5,ITH55,037038,43.179,44.61636,11.500723,8959,207.49
037039,Molinella,08,Emilia-Romagna,037,Bologna,BO,2,Nord-est,F288,ITH,ITH5,ITH55,037039,127.388,44.60574,11.697977,15910,124.89
037040,Monghidoro,08,Emilia-Romagna,037,Bologna,BO,2,Nord-est,F363,ITH,ITH5,ITH55,037040,48.134,44.211857,11.333827,3934,81.73
037042,Monte San Pietro,08,Emilia-Romagna,037,Bologna,BO,2,Nord-est,F627,ITH,ITH5,ITH55,037042,74.286,44.430899,11.152126,10845,145.99
037041,Monterenzio,08,Emilia-Romagna,037,Bologna,BO,2,Nord-est,F597,ITH,ITH5,ITH55,037041,105.054,44.295019,11.423725,6169,58.72
037044,Monzuno,08,Emilia-Romagna,037,Bologna,BO,2,Nord-est,F706,ITH,ITH5,ITH55,037044,65.198,44.288798,11.249509,6433,98.67
037045,Mordano,08,Emilia-Romagna,037,Bologna,BO,2,Nord-est,F718,ITH,ITH5,ITH55,037045,21.362,44.408743,11.795897,4588,214.77
037046,Ozzano dell'Emilia,08,Emilia-Romagna,037,Bologna,BO,2,Nord-est,G205,ITH,ITH5,ITH55,037046,65.377,44.424462,11.475827,14416,220.51
037047,Pianoro,08,Emilia-Romagna,037,Bologna,BO,2,Nord-est,G570,ITH,ITH5,ITH55,037047,106.353,44.377607,11.342254,17852,167.86
037048,Pieve di Cento,08,Emilia-Romagna,037,Bologna,BO,2,Nord-est,G643,ITH,ITH5,ITH55,037048,16.069,44.740697,11.323952,7431,462.44
037050,Sala Bolognese,08,Emilia-Romagna,037,Bologna,BO,2,Nord-est,H678,ITH,ITH5,ITH55,037050,46.175,44.629079,11.272374,8451,183.02
037051,San Benedetto Val di Sambro,08,Emilia-Romagna,037,Bologna,BO,2,Nord-est,G566,ITH,ITH5,ITH55,037051,66.447,44.200577,11.236708,4268,64.23
037052,San Giorgio di Piano,08,Emilia-Romagna,037,Bologna,BO,2,Nord-est,H896,ITH,ITH5,ITH55,037052,30.37,44.654678,11.380265,9771,321.73
037053,San Giovanni in Persiceto,08,Emilia-Romagna,037,Bologna,BO,2,Nord-est,G467,ITH,ITH5,ITH55,037053,114.028,44.66358,11.19827,28195,247.26
037054,San Lazzaro di Savena,08,Emilia-Romagna,037,Bologna,BO,2,Nord-est,H945,ITH,ITH5,ITH55,037054,45.268,44.447619,11.409993,32950,727.89
037055,San Pietro in Casale,08,Emilia-Romagna,037,Bologna,BO,2,Nord-est,I110,ITH,ITH5,ITH55,037055,65.91,44.710282,11.399115,13206,200.36
037056,Sant'Agata Bolognese,08,Emilia-Romagna,037,Bologna,BO,2,Nord-est,I191,ITH,ITH5,ITH55,037056,34.828,44.665806,11.121365,7345,210.89
037057,Sasso Marconi,08,Emilia-Romagna,037,Bologna,BO,2,Nord-est,G972,ITH,ITH5,ITH55,037057,97.158,44.39867,11.240605,14829,152.63
037061,Valsamoggia,08,Emilia-Romagna,037,Bologna,BO,2,Nord-est,M320,ITH,ITH5,ITH55,037061,177.936,44.440268,11.05901,32258,181.29
037059,Vergato,08,Emilia-Romagna,037,Bologna,BO,2,Nord-est,L762,ITH,ITH5,ITH55,037059,60.089,44.28486,11.096215,7946,132.24
037060,Zola Predosa,08,Emilia-Romagna,037,Bologna,BO,2,Nord-est,M185,ITH,ITH5,ITH55,037060,37.915,44.496467,11.212491,19516,514.73
038001,Argenta,08,Emilia-Romagna,038,Ferrara,FE,2,Nord-est,A393,ITH,ITH5,ITH56,038001,311.55,44.637591,11.907328,21295,68.35
038003,Bondeno,08,Emilia-Romagna,038,Ferrara,FE,2,Nord-est,A965,ITH,ITH5,ITH56,038003,174.314,44.895835,11.3777,14179,81.34
038004,Cento,08,Emilia-Romagna,038,Ferrara,FE,2,Nord-est,C469,ITH,ITH5,ITH56,038004,65.074,44.770635,11.29706,35836,550.7
038005,Codigoro,08,Emilia-Romagna,038,Ferrara,FE,2,Nord-est,C814,ITH,ITH5,ITH56,038005,168.799,44.856408,12.118449,10932,64.76
038006,Comacchio,08,Emilia-Romagna,038,Ferrara,FE,2,Nord-est,C912,ITH,ITH5,ITH56,038006,283.426,44.683442,12.173087,22003,77.63
038007,Copparo,08,Emilia-Romagna,038,Ferrara,FE,2,Nord-est,C980,ITH,ITH5,ITH56,038007,157.401,44.892467,11.858559,15657,99.47
038008,Ferrara,08,Emilia-Romagna,038,Ferrara,FE,2,Nord-est,D548,ITH,ITH5,ITH56,038008,405.313,44.805357,11.636072,129048,318.39
038027,Fiscaglia,08,Emilia-Romagna,038,Ferrara,FE,2,Nord-est,M323,ITH,ITH5,ITH56,038027,116.365,44.789684,12.006922,8563,73.59
038025,Goro,08,Emilia-Romagna,038,Ferrara,FE,2,Nord-est,E107,ITH,ITH5,ITH56,038025,26.418,44.837075,12.332747,3353,126.92
038010,Jolanda di Savoia,08,Emilia-Romagna,038,Ferrara,FE,2,Nord-est,E320,ITH,ITH5,ITH56,038010,108.427,44.883293,11.970544,2595,23.93
038011,Lagosanto,08,Emilia-Romagna,038,Ferrara,FE,2,Nord-est,E410,ITH,ITH5,ITH56,038011,34.267,44.770545,12.144437,4658,135.93
038012,Masi Torello,08,Emilia-Romagna,038,Ferrara,FE,2,Nord-est,F016,ITH,ITH5,ITH56,038012,22.746,44.784098,11.800104,2241,98.52
038014,Mesola,08,Emilia-Romagna,038,Ferrara,FE,2,Nord-est,F156,ITH,ITH5,ITH56,038014,84.618,44.891772,12.217727,6315,74.63
038017,Ostellato,08,Emilia-Romagna,038,Ferrara,FE,2,Nord-est,G184,ITH,ITH5,ITH56,038017,173.188,44.726942,11.980324,5609,32.39
038018,Poggio Renatico,08,Emilia-Romagna,038,Ferrara,FE,2,Nord-est,G768,ITH,ITH5,ITH56,038018,79.735,44.76285,11.483476,9720,121.9
038019,Portomaggiore,08,Emilia-Romagna,038,Ferrara,FE,2,Nord-est,G916,ITH,ITH5,ITH56,038019,126.363,44.704427,11.825424,12433,98.39
038029,Riva del Po,08,Emilia-Romagna,038,Ferrara,FE,2,Nord-est,M410,ITH,ITH5,ITH56,038029,111.232,44.942332,11.794713,7401,66.54
038028,Terre del Reno,08,Emilia-Romagna,038,Ferrara,FE,2,Nord-est,M381,ITH,ITH5,ITH56,038028,51.465,44.802432,11.40022,10457,203.19
038030,Tresignana,08,Emilia-Romagna,038,Ferrara,FE,2,Nord-est,M409,ITH,ITH5,ITH56,038030,42.643,44.822943,11.882999,6956,163.12
038022,Vigarano Mainarda,08,Emilia-Romagna,038,Ferrara,FE,2,Nord-est,L868,ITH,ITH5,ITH56,038022,41.985,44.855517,11.483953,7637,181.9
038023,Voghiera,08,Emilia-Romagna,038,Ferrara,FE,2,Nord-est,M110,ITH,ITH5,ITH56,038023,40.348,44.75828,11.744733,3594,89.08
040001,Bagno di Romagna,08,Emilia-Romagna,040,Forlì-Cesena,FC,2,Nord-est,A565,ITH,ITH5,ITH58,040001,232.887,43.870411,11.951815,5584,23.98
040003,Bertinoro,08,Emilia-Romagna,040,Forlì-Cesena,FC,2,Nord-est,A809,ITH,ITH5,ITH58,040003,57.465,44.166024,12.151536,11193,194.78
040004,Borghi,08,Emilia-Romagna,040,Forlì-Cesena,FC,2,Nord-est,B001,ITH,ITH5,ITH58,040004,30.319,44.019888,12.351767,2915,96.14
040005,Castrocaro Terme e Terra del Sole,08,Emilia-Romagna,040,Forlì-Cesena,FC,2,Nord-est,C339,ITH,ITH5,ITH58,040005,39.13,44.171974,11.932107,6530,166.88
040007,Cesena,08,Emilia-Romagna,040,Forlì-Cesena,FC,2,Nord-est,C573,ITH,ITH5,ITH58,040007,249.294,44.126464,12.247814,95620,383.56
040008,Cesenatico,08,Emilia-Romagna,040,Forlì-Cesena,FC,2,Nord-est,C574,ITH,ITH5,ITH58,040008,45.099,44.177352,12.38348,26042,577.44
040009,Civitella di Romagna,08,Emilia-Romagna,040,Forlì-Cesena,FC,2,Nord-est,C777,ITH,ITH5,ITH58,040009,117.677,44.013925,12.002339,3626,30.81
040011,Dovadola,08,Emilia-Romagna,040,Forlì-Cesena,FC,2,Nord-est,D357,ITH,ITH5,ITH58,040011,39.126,44.123454,11.875294,1591,40.66
040013,Forlimpopoli,08,Emilia-Romagna,040,Forlì-Cesena,FC,2,Nord-est,D705,ITH,ITH5,ITH58,040013,24.341,44.186852,12.128117,13140,539.83
040012,Forlì,08,Emilia-Romagna,040,Forlì-Cesena,FC,2,Nord-est,D704,ITH,ITH5,ITH58,040012,227.748,44.227939,12.059889,118053,518.35
040014,Galeata,08,Emilia-Romagna,040,Forlì-Cesena,FC,2,Nord-est,D867,ITH,ITH5,ITH58,040014,62.925,43.994938,11.899046,2556,40.62
040015,Gambettola,08,Emilia-Romagna,040,Forlì-Cesena,FC,2,Nord-est,D899,ITH,ITH5,ITH58,040015,7.919,44.118484,12.344965,10963,1384.39
040016,Gatteo,08,Emilia-Romagna,040,Forlì-Cesena,FC,2,Nord-est,D935,ITH,ITH5,ITH58,040016,14.006,44.138682,12.391528,9469,676.07
040018,Longiano,08,Emilia-Romagna,040,Forlì-Cesena,FC,2,Nord-est,E675,ITH,ITH5,ITH58,040018,23.529,44.082322,12.339658,7194,305.75
040019,Meldola,08,Emilia-Romagna,040,Forlì-Cesena,FC,2,Nord-est,F097,ITH,ITH5,ITH58,040019,79.022,44.091591,12.065343,10037,127.02
040020,Mercato Saraceno,08,Emilia-Romagna,040,Forlì-Cesena,FC,2,Nord-est,F139,ITH,ITH5,ITH58,040020,99.263,43.983422,12.148303,6826,68.77
040022,Modigliana,08,Emilia-Romagna,040,Forlì-Cesena,FC,2,Nord-est,F259,ITH,ITH5,ITH58,040022,101.507,44.140749,11.790633,4301,42.37
040028,Montiano,08,Emilia-Romagna,040,Forlì-Cesena,FC,2,Nord-est,F668,ITH,ITH5,ITH58,040028,9.55,44.075133,12.301872,1695,177.49
040031,Portico e San Benedetto,08,Emilia-Romagna,040,Forlì-Cesena,FC,2,Nord-est,G904,ITH,ITH5,ITH58,040031,61.254,44.003212,11.719354,716,11.69
040032,Predappio,08,Emilia-Romagna,040,Forlì-Cesena,FC,2,Nord-est,H017,ITH,ITH5,ITH58,040032,91.253,44.094548,11.95885,6364,69.74
040033,Premilcuore,08,Emilia-Romagna,040,Forlì-Cesena,FC,2,Nord-est,H034,ITH,ITH5,ITH58,040033,98.204,43.968464,11.787218,675,6.87
040036,Rocca San Casciano,08,Emilia-Romagna,040,Forlì-Cesena,FC,2,Nord-est,H437,ITH,ITH5,ITH58,040036,50.078,44.061743,11.86062,1823,36.4
040037,Roncofreddo,08,Emilia-Romagna,040,Forlì-Cesena,FC,2,Nord-est,H542,ITH,ITH5,ITH58,040037,51.447,44.047372,12.287833,3558,69.16
040041,San Mauro Pascoli,08,Emilia-Romagna,040,Forlì-Cesena,FC,2,Nord-est,I027,ITH,ITH5,ITH58,040041,16.894,44.126235,12.428351,12458,737.42
040043,Santa Sofia,08,Emilia-Romagna,040,Forlì-Cesena,FC,2,Nord-est,I310,ITH,ITH5,ITH58,040043,148.751,43.913322,11.805307,4033,27.11
040044,Sarsina,08,Emilia-Romagna,040,Forlì-Cesena,FC,2,Nord-est,I444,ITH,ITH5,ITH58,040044,101.245,43.904725,12.115771,3287,32.47
040045,Savignano sul Rubicone,08,Emilia-Romagna,040,Forlì-Cesena,FC,2,Nord-est,I472,ITH,ITH5,ITH58,040045,23.336,44.115302,12.403026,18147,777.64
040046,Sogliano al Rubicone,08,Emilia-Romagna,040,Forlì-Cesena,FC,2,Nord-est,I779,ITH,ITH5,ITH58,040046,93.065,43.980409,12.284333,3145,33.79
040049,Tredozio,08,Emilia-Romagna,040,Forlì-Cesena,FC,2,Nord-est,L361,ITH,ITH5,ITH58,040049,62.769,44.065061,11.767996,1075,17.13
040050,Verghereto,08,Emilia-Romagna,040,Forlì-Cesena,FC,2,Nord-est,L764,ITH,ITH5,ITH58,040050,117.539,43.80605,12.048258,1721,14.64
036001,Bastiglia,08,Emilia-Romagna,036,Modena,MO,2,Nord-est,A713,ITH,ITH5,ITH54,036001,10.566,44.71844,10.992058,4244,401.67
036002,Bomporto,08,Emilia-Romagna,036,Modena,MO,2,Nord-est,A959,ITH,ITH5,ITH54,036002,38.745,44.747006,11.021276,10398,268.37
036003,Campogalliano,08,Emilia-Romagna,036,Modena,MO,2,Nord-est,B539,ITH,ITH5,ITH54,036003,36.047,44.701968,10.843213,8516,236.25
036004,Camposanto,08,Emilia-Romagna,036,Modena,MO,2,Nord-est,B566,ITH,ITH5,ITH54,036004,22.66,44.799253,11.148797,3397,149.91
036005,Carpi,08,Emilia-Romagna,036,Modena,MO,2,Nord-est,B819,ITH,ITH5,ITH54,036005,131.21,44.801302,10.885044,74041,564.29
036006,Castelfranco Emilia,08,Emilia-Romagna,036,Modena,MO,2,Nord-est,C107,ITH,ITH5,ITH54,036006,102.539,44.595834,11.090166,33625,327.92
036007,Castelnuovo Rangone,08,Emilia-Romagna,036,Modena,MO,2,Nord-est,C242,ITH,ITH5,ITH54,036007,22.673,44.564172,10.912433,15116,666.7
036008,Castelvetro di Modena,08,Emilia-Romagna,036,Modena,MO,2,Nord-est,C287,ITH,ITH5,ITH54,036008,49.945,44.499276,10.933704,10960,219.44
036009,Cavezzo,08,Emilia-Romagna,036,Modena,MO,2,Nord-est,C398,ITH,ITH5,ITH54,036009,27.053,44.843085,11.002831,7236,267.47
036010,Concordia sulla Secchia,08,Emilia-Romagna,036,Modena,MO,2,Nord-est,C951,ITH,ITH5,ITH54,036010,40.935,44.917239,10.997998,8541,208.65
036011,Fanano,08,Emilia-Romagna,036,Modena,MO,2,Nord-est,D486,ITH,ITH5,ITH54,036011,90.004,44.182635,10.763144,2984,33.15
036012,Finale Emilia,08,Emilia-Romagna,036,Modena,MO,2,Nord-est,D599,ITH,ITH5,ITH54,036012,104.535,44.850716,11.275822,15570,148.95
036013,Fiorano Modenese,08,Emilia-Romagna,036,Modena,MO,2,Nord-est,D607,ITH,ITH5,ITH54,036013,26.304,44.528796,10.826614,16610,631.46
036014,Fiumalbo,08,Emilia-Romagna,036,Modena,MO,2,Nord-est,D617,ITH,ITH5,ITH54,036014,39.013,44.160423,10.656516,1177,30.17
036015,Formigine,08,Emilia-Romagna,036,Modena,MO,2,Nord-est,D711,ITH,ITH5,ITH54,036015,46.227,44.582194,10.840392,34496,746.23
036016,Frassinoro,08,Emilia-Romagna,036,Modena,MO,2,Nord-est,D783,ITH,ITH5,ITH54,036016,95.235,44.265579,10.543684,1697,17.82
036017,Guiglia,08,Emilia-Romagna,036,Modena,MO,2,Nord-est,E264,ITH,ITH5,ITH54,036017,48.669,44.39801,10.95808,4356,89.5
036018,Lama Mocogno,08,Emilia-Romagna,036,Modena,MO,2,Nord-est,E426,ITH,ITH5,ITH54,036018,63.934,44.30537,10.716571,2679,41.9
036019,Maranello,08,Emilia-Romagna,036,Modena,MO,2,Nord-est,E904,ITH,ITH5,ITH54,036019,32.227,44.503285,10.858597,17360,538.68
036020,Marano sul Panaro,08,Emilia-Romagna,036,Modena,MO,2,Nord-est,E905,ITH,ITH5,ITH54,036020,45.392,44.433849,10.899728,5319,117.18
036021,Medolla,08,Emilia-Romagna,036,Modena,MO,2,Nord-est,F087,ITH,ITH5,ITH54,036021,27.026,44.840408,11.078652,6531,241.66
036022,Mirandola,08,Emilia-Romagna,036,Modena,MO,2,Nord-est,F240,ITH,ITH5,ITH54,036022,137.124,44.901961,11.134167,24921,181.74
036023,Modena,08,Emilia-Romagna,036,Modena,MO,2,Nord-est,F257,ITH,ITH5,ITH54,036023,183.161,44.644429,10.890784,184361,1006.55
036024,Montecreto,08,Emilia-Romagna,036,Modena,MO,2,Nord-est,F484,ITH,ITH5,ITH54,036024,31.42,44.249762,10.712239,951,30.27
036025,Montefiorino,08,Emilia-Romagna,036,Modena,MO,2,Nord-est,F503,ITH,ITH5,ITH54,036025,45.262,44.340295,10.58778,2119,46.82
036026,Montese,08,Emilia-Romagna,036,Modena,MO,2,Nord-est,F642,ITH,ITH5,ITH54,036026,80.377,44.265734,10.915183,3374,41.98
036027,Nonantola,08,Emilia-Romagna,036,Modena,MO,2,Nord-est,F930,ITH,ITH5,ITH54,036027,55.351,44.685313,11.055609,16186,292.42
036028,Novi di Modena,08,Emilia-Romagna,036,Modena,MO,2,Nord-est,F966,ITH,ITH5,ITH54,036028,51.882,44.863749,10.942143,10413,200.71
036029,Palagano,08,Emilia-Romagna,036,Modena,MO,2,Nord-est,G250,ITH,ITH5,ITH54,036029,60.012,44.324258,10.649614,2034,33.89
036030,Pavullo nel Frignano,08,Emilia-Romagna,036,Modena,MO,2,Nord-est,G393,ITH,ITH5,ITH54,036030,143.278,44.336928,10.849023,18405,128.46
036031,Pievepelago,08,Emilia-Romagna,036,Modena,MO,2,Nord-est,G649,ITH,ITH5,ITH54,036031,76.929,44.177492,10.569285,2096,27.25
036032,Polinago,08,Emilia-Romagna,036,Modena,MO,2,Nord-est,G789,ITH,ITH5,ITH54,036032,54.044,44.374023,10.725003,1604,29.68
036033,Prignano sulla Secchia,08,Emilia-Romagna,036,Modena,MO,2,Nord-est,H061,ITH,ITH5,ITH54,036033,79.858,44.448463,10.705487,3898,48.81
036034,Ravarino,08,Emilia-Romagna,036,Modena,MO,2,Nord-est,H195,ITH,ITH5,ITH54,036034,28.675,44.747429,11.088934,6388,222.77
036035,Riolunato,08,Emilia-Romagna,036,Modena,MO,2,Nord-est,H303,ITH,ITH5,ITH54,036035,44.61,44.234547,10.649017,657,14.73
036036,San Cesario sul Panaro,08,Emilia-Romagna,036,Modena,MO,2,Nord-est,H794,ITH,ITH5,ITH54,036036,27.349,44.57878,11.01639,6676,244.1
036037,San Felice sul Panaro,08,Emilia-Romagna,036,Modena,MO,2,Nord-est,H835,ITH,ITH5,ITH54,036037,51.676,44.846189,11.149843,11049,213.81
036038,San Possidonio,08,Emilia-Romagna,036,Modena,MO,2,Nord-est,I128,ITH,ITH5,ITH54,036038,16.882,44.881908,10.988192,3577,211.88
036039,San Prospero,08,Emilia-Romagna,036,Modena,MO,2,Nord-est,I133,ITH,ITH5,ITH54,036039,34.731,44.786414,11.033861,6261,180.27
036040,Sassuolo,08,Emilia-Romagna,036,Modena,MO,2,Nord-est,I462,ITH,ITH5,ITH54,036040,38.482,44.54684,10.786489,41123,1068.63
036041,Savignano sul Panaro,08,Emilia-Romagna,036,Modena,MO,2,Nord-est,I473,ITH,ITH5,ITH54,036041,25.644,44.48381,11.042063,9591,374.01
036042,Serramazzoni,08,Emilia-Romagna,036,Modena,MO,2,Nord-est,F357,ITH,ITH5,ITH54,036042,94.433,44.436582,10.80993,8980,95.09
036043,Sestola,08,Emilia-Romagna,036,Modena,MO,2,Nord-est,I689,ITH,ITH5,ITH54,036043,53.025,44.243454,10.766485,2401,45.28
036044,Soliera,08,Emilia-Romagna,036,Modena,MO,2,Nord-est,I802,ITH,ITH5,ITH54,036044,51.126,44.749166,10.942004,15460,302.39
036045,Spilamberto,08,Emilia-Romagna,036,Modena,MO,2,Nord-est,I903,ITH,ITH5,ITH54,036045,29.804,44.541737,10.995532,12968,435.11
036046,Vignola,08,Emilia-Romagna,036,Modena,MO,2,Nord-est,L885,ITH,ITH5,ITH54,036046,23.122,44.485558,10.997086,26310,1137.88
036047,Zocca,08,Emilia-Romagna,036,Modena,MO,2,Nord-est,M183,ITH,ITH5,ITH54,036047,69.364,44.363187,10.997533,4846,69.86
034001,Albareto,08,Emilia-Romagna,034,Parma,PR,2,Nord-est,A138,ITH,ITH5,ITH52,034001,104.028,44.438903,9.693818,2038,19.59
034002,Bardi,08,Emilia-Romagna,034,Parma,PR,2,Nord-est,A646,ITH,ITH5,ITH52,034002,189.912,44.616887,9.664232,1947,10.25
034003,Bedonia,08,Emilia-Romagna,034,Parma,PR,2,Nord-est,A731,ITH,ITH5,ITH52,034003,169.653,44.526284,9.585554,3103,18.29
034004,Berceto,08,Emilia-Romagna,034,Parma,PR,2,Nord-est,A788,ITH,ITH5,ITH52,034004,131.67,44.534352,9.981097,1917,14.56
034005,Bore,08,Emilia-Romagna,034,Parma,PR,2,Nord-est,A987,ITH,ITH5,ITH52,034005,42.983,44.719596,9.820012,619,14.4
034006,Borgo Val di Taro,08,Emilia-Romagna,034,Parma,PR,2,Nord-est,B042,ITH,ITH5,ITH52,034006,151.521,44.486872,9.819597,6736,44.46
034007,Busseto,08,Emilia-Romagna,034,Parma,PR,2,Nord-est,B293,ITH,ITH5,ITH52,034007,76.448,44.94861,10.055643,6902,90.28
034008,Calestano,08,Emilia-Romagna,034,Parma,PR,2,Nord-est,B408,ITH,ITH5,ITH52,034008,57.495,44.593542,10.135687,2183,37.97
034009,Collecchio,08,Emilia-Romagna,034,Parma,PR,2,Nord-est,C852,ITH,ITH5,ITH52,034009,58.791,44.748056,10.219791,14911,253.63
034010,Colorno,08,Emilia-Romagna,034,Parma,PR,2,Nord-est,C904,ITH,ITH5,ITH52,034010,48.604,44.941886,10.375101,9174,188.75
034011,Compiano,08,Emilia-Romagna,034,Parma,PR,2,Nord-est,C934,ITH,ITH5,ITH52,034011,37.628,44.530061,9.683696,1047,27.83
034012,Corniglio,08,Emilia-Romagna,034,Parma,PR,2,Nord-est,D026,ITH,ITH5,ITH52,034012,165.827,44.471745,10.068855,1779,10.73
034013,Felino,08,Emilia-Romagna,034,Parma,PR,2,Nord-est,D526,ITH,ITH5,ITH52,034013,38.56,44.680708,10.243642,9278,240.61
034014,Fidenza,08,Emilia-Romagna,034,Parma,PR,2,Nord-est,B034,ITH,ITH5,ITH52,034014,94.926,44.855211,10.04508,27573,290.47
034015,Fontanellato,08,Emilia-Romagna,034,Parma,PR,2,Nord-est,D673,ITH,ITH5,ITH52,034015,53.76,44.879375,10.172278,7095,131.98
034016,Fontevivo,08,Emilia-Romagna,034,Parma,PR,2,Nord-est,D685,ITH,ITH5,ITH52,034016,26.187,44.844622,10.199874,5529,211.14
034017,Fornovo di Taro,08,Emilia-Romagna,034,Parma,PR,2,Nord-est,D728,ITH,ITH5,ITH52,034017,57.946,44.666445,10.118746,6039,104.22
034018,Langhirano,08,Emilia-Romagna,034,Parma,PR,2,Nord-est,E438,ITH,ITH5,ITH52,034018,70.875,44.623137,10.244936,10964,154.69
034019,Lesignano de' Bagni,08,Emilia-Romagna,034,Parma,PR,2,Nord-est,E547,ITH,ITH5,ITH52,034019,47.682,44.618501,10.302994,5142,107.84
034020,Medesano,08,Emilia-Romagna,034,Parma,PR,2,Nord-est,F082,ITH,ITH5,ITH52,034020,88.922,44.736384,10.074672,10762,121.03
034022,Monchio delle Corti,08,Emilia-Romagna,034,Parma,PR,2,Nord-est,F340,ITH,ITH5,ITH52,034022,69.228,44.39721,10.10846,836,12.08
034023,Montechiarugolo,08,Emilia-Romagna,034,Parma,PR,2,Nord-est,F473,ITH,ITH5,ITH52,034023,48.443,44.706367,10.40559,11444,236.24
034024,Neviano degli Arduini,08,Emilia-Romagna,034,Parma,PR,2,Nord-est,F882,ITH,ITH5,ITH52,034024,106.043,44.536169,10.306461,3465,32.68
034025,Noceto,08,Emilia-Romagna,034,Parma,PR,2,Nord-est,F914,ITH,ITH5,ITH52,034025,79.245,44.807015,10.154372,13367,168.68
034026,Palanzano,08,Emilia-Romagna,034,Parma,PR,2,Nord-est,G255,ITH,ITH5,ITH52,034026,69.245,44.436279,10.19345,999,14.43
034027,Parma,08,Emilia-Romagna,034,Parma,PR,2,Nord-est,G337,ITH,ITH5,ITH52,034027,260.056,44.781673,10.330633,199450,766.95
034028,Pellegrino Parmense,08,Emilia-Romagna,034,Parma,PR,2,Nord-est,G424,ITH,ITH5,ITH52,034028,81.697,44.753304,9.907225,967,11.84
034050,Polesine Zibello,08,Emilia-Romagna,034,Parma,PR,2,Nord-est,M367,ITH,ITH5,ITH52,034050,48.58,45.013773,10.109121,3137,64.57
034030,Roccabianca,08,Emilia-Romagna,034,Parma,PR,2,Nord-est,H384,ITH,ITH5,ITH52,034030,40.534,44.998134,10.203795,2938,72.48
034031,Sala Baganza,08,Emilia-Romagna,034,Parma,PR,2,Nord-est,H682,ITH,ITH5,ITH52,034031,30.599,44.68831,10.19805,6105,199.52
034032,Salsomaggiore Terme,08,Emilia-Romagna,034,Parma,PR,2,Nord-est,H720,ITH,ITH5,ITH52,034032,81.627,44.802791,9.971482,20640,252.86
034033,San Secondo Parmense,08,Emilia-Romagna,034,Parma,PR,2,Nord-est,I153,ITH,ITH5,ITH52,034033,37.849,44.930928,10.216729,5921,156.44
034049,Sissa Trecasali,08,Emilia-Romagna,034,Parma,PR,2,Nord-est,M325,ITH,ITH5,ITH52,034049,72.692,44.940288,10.283682,7995,109.98
034035,Solignano,08,Emilia-Romagna,034,Parma,PR,2,Nord-est,I803,ITH,ITH5,ITH52,034035,72.766,44.637675,9.978566,1664,22.87
034036,Soragna,08,Emilia-Romagna,034,Parma,PR,2,Nord-est,I840,ITH,ITH5,ITH52,034036,45.963,44.935047,10.1344,4797,104.37
034051,Sorbolo Mezzani,08,Emilia-Romagna,034,Parma,PR,2,Nord-est,M411,ITH,ITH5,ITH52,034051,66.749,44.890068,10.435899,13175,197.38
034038,Terenzo,08,Emilia-Romagna,034,Parma,PR,2,Nord-est,E548,ITH,ITH5,ITH52,034038,72.711,44.607951,10.044318,1138,15.65
034039,Tizzano Val Parma,08,Emilia-Romagna,034,Parma,PR,2,Nord-est,L183,ITH,ITH5,ITH52,034039,78.258,44.514998,10.183202,2226,28.44
034040,Tornolo,08,Emilia-Romagna,034,Parma,PR,2,Nord-est,L229,ITH,ITH5,ITH52,034040,67.785,44.450583,9.492096,846,12.48
034041,Torrile,08,Emilia-Romagna,034,Parma,PR,2,Nord-est,L299,ITH,ITH5,ITH52,034041,37.314,44.909386,10.323542,7709,206.6
034042,Traversetolo,08,Emilia-Romagna,034,Parma,PR,2,Nord-est,L346,ITH,ITH5,ITH52,034042,54.953,44.635448,10.379111,9687,176.28
034044,Valmozzola,08,Emilia-Romagna,034,Parma,PR,2,Nord-est,L641,ITH,ITH5,ITH52,034044,67.864,44.577366,9.874579,527,7.77
034045,Varano de' Melegari,08,Emilia-Romagna,034,Parma,PR,2,Nord-est,L672,ITH,ITH5,ITH52,034045,65.155,44.694932,9.982703,2589,39.74
034046,Varsi,08,Emilia-Romagna,034,Parma,PR,2,Nord-est,L689,ITH,ITH5,ITH52,034046,79.963,44.646187,9.865631,1149,14.37
033001,Agazzano,08,Emilia-Romagna,033,Piacenza,PC,2,Nord-est,A067,ITH,ITH5,ITH51,033001,36.222,44.969526,9.500846,2054,56.71
033002,Alseno,08,Emilia-Romagna,033,Piacenza,PC,2,Nord-est,A223,ITH,ITH5,ITH51,033002,54.72,44.894094,9.971013,4785,87.45
033049,Alta Val Tidone,08,Emilia-Romagna,033,Piacenza,PC,2,Nord-est,M386,ITH,ITH5,ITH51,033049,101.03,44.897781,9.33005,2927,28.97
033003,Besenzone,08,Emilia-Romagna,033,Piacenza,PC,2,Nord-est,A823,ITH,ITH5,ITH51,033003,24.027,44.96858,9.969367,936,38.96
033004,Bettola,08,Emilia-Romagna,033,Piacenza,PC,2,Nord-est,A831,ITH,ITH5,ITH51,033004,122.165,44.777685,9.576502,2627,21.5
033005,Bobbio,08,Emilia-Romagna,033,Piacenza,PC,2,Nord-est,A909,ITH,ITH5,ITH51,033005,106.864,44.790889,9.369848,3344,31.29
033006,Borgonovo Val Tidone,08,Emilia-Romagna,033,Piacenza,PC,2,Nord-est,B025,ITH,ITH5,ITH51,033006,51.205,45.00033,9.461745,8305,162.19
033007,Cadeo,08,Emilia-Romagna,033,Piacenza,PC,2,Nord-est,B332,ITH,ITH5,ITH51,033007,38.627,44.976621,9.850778,6116,158.33
033008,Calendasco,08,Emilia-Romagna,033,Piacenza,PC,2,Nord-est,B405,ITH,ITH5,ITH51,033008,36.794,45.095053,9.602252,2465,66.99
033010,Caorso,08,Emilia-Romagna,033,Piacenza,PC,2,Nord-est,B643,ITH,ITH5,ITH51,033010,41.344,45.058131,9.871042,4797,116.03
033011,Carpaneto Piacentino,08,Emilia-Romagna,033,Piacenza,PC,2,Nord-est,B812,ITH,ITH5,ITH51,033011,62.997,44.896125,9.797464,7775,123.42
033013,Castel San Giovanni,08,Emilia-Romagna,033,Piacenza,PC,2,Nord-est,C261,ITH,ITH5,ITH51,033013,44.021,45.05907,9.427132,14402,327.16
033012,Castell'Arquato,08,Emilia-Romagna,033,Piacenza,PC,2,Nord-est,C145,ITH,ITH5,ITH51,033012,53.021,44.864356,9.8718,4712,88.87
033014,Castelvetro Piacentino,08,Emilia-Romagna,033,Piacenza,PC,2,Nord-est,C288,ITH,ITH5,ITH51,033014,35.126,45.092933,9.996491,5430,154.59
033015,Cerignale,08,Emilia-Romagna,033,Piacenza,PC,2,Nord-est,C513,ITH,ITH5,ITH51,033015,31.121,44.652921,9.377173,109,3.5
033016,Coli,08,Emilia-Romagna,033,Piacenza,PC,2,Nord-est,C838,ITH,ITH5,ITH51,033016,71.53,44.758405,9.454217,877,12.26
033017,Corte Brugnatella,08,Emilia-Romagna,033,Piacenza,PC,2,Nord-est,D054,ITH,ITH5,ITH51,033017,46.657,44.706887,9.367583,501,10.74
033018,Cortemaggiore,08,Emilia-Romagna,033,Piacenza,PC,2,Nord-est,D061,ITH,ITH5,ITH51,033018,36.179,44.995058,9.946258,4757,131.49
033019,Farini,08,Emilia-Romagna,033,Piacenza,PC,2,Nord-est,D502,ITH,ITH5,ITH51,033019,113.026,44.694537,9.619488,1044,9.24
033020,Ferriere,08,Emilia-Romagna,033,Piacenza,PC,2,Nord-est,D555,ITH,ITH5,ITH51,033020,178.384,44.627665,9.500758,1081,6.06
033021,Fiorenzuola d'Arda,08,Emilia-Romagna,033,Piacenza,PC,2,Nord-est,D611,ITH,ITH5,ITH51,033021,59.77,44.939187,9.917221,15048,251.77
033022,Gazzola,08,Emilia-Romagna,033,Piacenza,PC,2,Nord-est,D958,ITH,ITH5,ITH51,033022,44.393,44.936579,9.558172,2201,49.58
033023,Gossolengo,08,Emilia-Romagna,033,Piacenza,PC,2,Nord-est,E114,ITH,ITH5,ITH51,033023,31.545,44.994307,9.629531,5695,180.54
033024,Gragnano Trebbiense,08,Emilia-Romagna,033,Piacenza,PC,2,Nord-est,E132,ITH,ITH5,ITH51,033024,34.651,45.011261,9.552853,4515,130.3
033025,Gropparello,08,Emilia-Romagna,033,Piacenza,PC,2,Nord-est,E196,ITH,ITH5,ITH51,033025,56.577,44.806523,9.7105,2173,38.41
033026,Lugagnano Val d'Arda,08,Emilia-Romagna,033,Piacenza,PC,2,Nord-est,E726,ITH,ITH5,ITH51,033026,54.792,44.818762,9.796008,3927,71.67
033027,Monticelli d'Ongina,08,Emilia-Romagna,033,Piacenza,PC,2,Nord-est,F671,ITH,ITH5,ITH51,033027,46.471,45.088415,9.931482,5223,112.39
033028,Morfasso,08,Emilia-Romagna,033,Piacenza,PC,2,Nord-est,F724,ITH,ITH5,ITH51,033028,83.71,44.727294,9.71368,849,10.14
033030,Ottone,08,Emilia-Romagna,033,Piacenza,PC,2,Nord-est,G195,ITH,ITH5,ITH51,033030,98.279,44.623923,9.287142,390,3.97
033032,Piacenza,08,Emilia-Romagna,033,Piacenza,PC,2,Nord-est,G535,ITH,ITH5,ITH51,033032,117.921,45.052631,9.726941,103737,879.72
033033,Pianello Val Tidone,08,Emilia-Romagna,033,Piacenza,PC,2,Nord-est,G557,ITH,ITH5,ITH51,033033,36.366,44.929513,9.414146,2179,59.92
033034,Piozzano,08,Emilia-Romagna,033,Piacenza,PC,2,Nord-est,G696,ITH,ITH5,ITH51,033034,43.821,44.908796,9.464128,581,13.26
033035,Podenzano,08,Emilia-Romagna,033,Piacenza,PC,2,Nord-est,G747,ITH,ITH5,ITH51,033035,44.206,44.967734,9.706143,9045,204.61
033036,Ponte dell'Olio,08,Emilia-Romagna,033,Piacenza,PC,2,Nord-est,G842,ITH,ITH5,ITH51,033036,44.404,44.864919,9.672337,4694,105.71
033037,Pontenure,08,Emilia-Romagna,033,Piacenza,PC,2,Nord-est,G852,ITH,ITH5,ITH51,033037,33.971,44.988617,9.787942,6719,197.79
033038,Rivergaro,08,Emilia-Romagna,033,Piacenza,PC,2,Nord-est,H350,ITH,ITH5,ITH51,033038,44.216,44.912751,9.614016,7172,162.2
033039,Rottofreno,08,Emilia-Romagna,033,Piacenza,PC,2,Nord-est,H593,ITH,ITH5,ITH51,033039,35.274,45.076574,9.550913,12320,349.27
033040,San Giorgio Piacentino,08,Emilia-Romagna,033,Piacenza,PC,2,Nord-est,H887,ITH,ITH5,ITH51,033040,48.933,44.924568,9.733734,5586,114.16
033041,San Pietro in Cerro,08,Emilia-Romagna,033,Piacenza,PC,2,Nord-est,G788,ITH,ITH5,ITH51,033041,27.373,45.034562,9.938862,739,27.0
033042,Sarmato,08,Emilia-Romagna,033,Piacenza,PC,2,Nord-est,I434,ITH,ITH5,ITH51,033042,27.34,45.068892,9.504727,3108,113.68
033043,Travo,08,Emilia-Romagna,033,Piacenza,PC,2,Nord-est,L348,ITH,ITH5,ITH51,033043,80.763,44.85816,9.513561,2165,26.81
033044,Vernasca,08,Emilia-Romagna,033,Piacenza,PC,2,Nord-est,L772,ITH,ITH5,ITH51,033044,72.705,44.783668,9.835162,2029,27.91
033045,Vigolzone,08,Emilia-Romagna,033,Piacenza,PC,2,Nord-est,L897,ITH,ITH5,ITH51,033045,42.056,44.889804,9.636319,4324,102.82
033046,Villanova sull'Arda,08,Emilia-Romagna,033,Piacenza,PC,2,Nord-est,L980,ITH,ITH5,ITH51,033046,36.29,45.02416,10.012571,1666,45.91
033047,Zerba,08,Emilia-Romagna,033,Piacenza,PC,2,Nord-est,M165,ITH,ITH5,ITH51,033047,24.212,44.679768,9.229373,66,2.73
033048,Ziano Piacentino,08,Emilia-Romagna,033,Piacenza,PC,2,Nord-est,L848,ITH,ITH5,ITH51,033048,32.793,44.9896,9.383746,2550,77.76
039001,Alfonsine,08,Emilia-Romagna,039,Ravenna,RA,2,Nord-est,A191,ITH,ITH5,ITH57,039001,107.241,44.546291,12.03562,11667,108.79
039002,Bagnacavallo,08,Emilia-Romagna,039,Ravenna,RA,2,Nord-est,A547,ITH,ITH5,ITH57,039002,79.478,44.437249,11.997573,16519,207.84
039003,Bagnara di Romagna,08,Emilia-Romagna,039,Ravenna,RA,2,Nord-est,A551,ITH,ITH5,ITH57,039003,10.116,44.395334,11.838146,2317,229.04
039004,Brisighella,08,Emilia-Romagna,039,Ravenna,RA,2,Nord-est,B188,ITH,ITH5,ITH57,039004,193.607,44.189567,11.699539,7181,37.09
039005,Casola Valsenio,08,Emilia-Romagna,039,Ravenna,RA,2,Nord-est,B982,ITH,ITH5,ITH57,039005,84.347,44.205109,11.606965,2489,29.51
039006,Castel Bolognese,08,Emilia-Romagna,039,Ravenna,RA,2,Nord-est,C065,ITH,ITH5,ITH57,039006,32.22,44.325426,11.801165,9484,294.35
039007,Cervia,08,Emilia-Romagna,039,Ravenna,RA,2,Nord-est,C553,ITH,ITH5,ITH57,039007,82.204,44.249848,12.309614,29075,353.69
039008,Conselice,08,Emilia-Romagna,039,Ravenna,RA,2,Nord-est,C963,ITH,ITH5,ITH57,039008,60.199,44.525935,11.825775,9734,161.7
039009,Cotignola,08,Emilia-Romagna,039,Ravenna,RA,2,Nord-est,D121,ITH,ITH5,ITH57,039009,34.928,44.377081,11.900594,7337,210.06
039010,Faenza,08,Emilia-Romagna,039,Ravenna,RA,2,Nord-est,D458,ITH,ITH5,ITH57,039010,215.888,44.293578,11.890609,58750,272.13
039011,Fusignano,08,Emilia-Romagna,039,Ravenna,RA,2,Nord-est,D829,ITH,ITH5,ITH57,039011,24.433,44.479717,11.965006,8258,337.99
039012,Lugo,08,Emilia-Romagna,039,Ravenna,RA,2,Nord-est,E730,ITH,ITH5,ITH57,039012,116.72,44.477475,11.895723,32128,275.26
039013,Massa Lombarda,08,Emilia-Romagna,039,Ravenna,RA,2,Nord-est,F029,ITH,ITH5,ITH57,039013,37.403,44.463527,11.819512,10928,292.17
039014,Ravenna,08,Emilia-Romagna,039,Ravenna,RA,2,Nord-est,H199,ITH,ITH5,ITH57,039014,653.085,44.422403,12.173189,156475,239.59
039015,Riolo Terme,08,Emilia-Romagna,039,Ravenna,RA,2,Nord-est,H302,ITH,ITH5,ITH57,039015,44.427,44.278558,11.713926,5824,131.09
039016,Russi,08,Emilia-Romagna,039,Ravenna,RA,2,Nord-est,H642,ITH,ITH5,ITH57,039016,46.105,44.370329,12.036612,12282,266.39
039017,Sant'Agata sul Santerno,08,Emilia-Romagna,039,Ravenna,RA,2,Nord-est,I196,ITH,ITH5,ITH57,039017,9.55,44.446956,11.861219,2834,296.75
039018,Solarolo,08,Emilia-Romagna,039,Ravenna,RA,2,Nord-est,I787,ITH,ITH5,ITH57,039018,26.051,44.35525,11.835523,4461,171.24
035001,Albinea,08,Emilia-Romagna,035,Reggio nell'Emilia,RE,2,Nord-est,A162,ITH,ITH5,ITH53,035001,43.627,44.609321,10.612414,8986,205.97
035002,Bagnolo in Piano,08,Emilia-Romagna,035,Reggio nell'Emilia,RE,2,Nord-est,A573,ITH,ITH5,ITH53,035002,26.898,44.784778,10.68471,9588,356.46
035003,Baiso,08,Emilia-Romagna,035,Reggio nell'Emilia,RE,2,Nord-est,A586,ITH,ITH5,ITH53,035003,75.148,44.474673,10.623329,3268,43.49
035004,Bibbiano,08,Emilia-Romagna,035,Reggio nell'Emilia,RE,2,Nord-est,A850,ITH,ITH5,ITH53,035004,28.293,44.680791,10.479224,10199,360.48
035005,Boretto,08,Emilia-Romagna,035,Reggio nell'Emilia,RE,2,Nord-est,A988,ITH,ITH5,ITH53,035005,18.142,44.894431,10.561377,5456,300.74
035006,Brescello,08,Emilia-Romagna,035,Reggio nell'Emilia,RE,2,Nord-est,B156,ITH,ITH5,ITH53,035006,24.34,44.876868,10.481594,5556,228.27
035008,Cadelbosco di Sopra,08,Emilia-Romagna,035,Reggio nell'Emilia,RE,2,Nord-est,B328,ITH,ITH5,ITH53,035008,43.619,44.806578,10.628347,10727,245.92
035009,Campagnola Emilia,08,Emilia-Romagna,035,Reggio nell'Emilia,RE,2,Nord-est,B499,ITH,ITH5,ITH53,035009,24.351,44.853351,10.769122,5551,227.96
035010,Campegine,08,Emilia-Romagna,035,Reggio nell'Emilia,RE,2,Nord-est,B502,ITH,ITH5,ITH53,035010,22.444,44.777219,10.52322,5414,241.22
035018,Canossa,08,Emilia-Romagna,035,Reggio nell'Emilia,RE,2,Nord-est,C669,ITH,ITH5,ITH53,035018,53.518,44.557844,10.432651,3796,70.93
035011,Carpineti,08,Emilia-Romagna,035,Reggio nell'Emilia,RE,2,Nord-est,B825,ITH,ITH5,ITH53,035011,89.738,44.455117,10.541487,3905,43.52
035012,Casalgrande,08,Emilia-Romagna,035,Reggio nell'Emilia,RE,2,Nord-est,B893,ITH,ITH5,ITH53,035012,37.82,44.588687,10.750398,19039,503.41
035013,Casina,08,Emilia-Romagna,035,Reggio nell'Emilia,RE,2,Nord-est,B967,ITH,ITH5,ITH53,035013,63.701,44.529603,10.478617,4619,72.51
035014,Castellarano,08,Emilia-Romagna,035,Reggio nell'Emilia,RE,2,Nord-est,C141,ITH,ITH5,ITH53,035014,58.132,44.516273,10.706734,15160,260.79
035015,Castelnovo di Sotto,08,Emilia-Romagna,035,Reggio nell'Emilia,RE,2,Nord-est,C218,ITH,ITH5,ITH53,035015,35.09,44.833221,10.592382,8707,248.13
035016,Castelnovo ne' Monti,08,Emilia-Romagna,035,Reggio nell'Emilia,RE,2,Nord-est,C219,ITH,ITH5,ITH53,035016,97.106,44.455139,10.4332,10407,107.17
035017,Cavriago,08,Emilia-Romagna,035,Reggio nell'Emilia,RE,2,Nord-est,C405,ITH,ITH5,ITH53,035017,16.986,44.698858,10.528505,9947,585.6
035020,Correggio,08,Emilia-Romagna,035,Reggio nell'Emilia,RE,2,Nord-est,D037,ITH,ITH5,ITH53,035020,77.824,44.756399,10.762376,25234,324.24
035021,Fabbrico,08,Emilia-Romagna,035,Reggio nell'Emilia,RE,2,Nord-est,D450,ITH,ITH5,ITH53,035021,23.932,44.876575,10.808204,6931,289.61
035022,Gattatico,08,Emilia-Romagna,035,Reggio nell'Emilia,RE,2,Nord-est,D934,ITH,ITH5,ITH53,035022,42.418,44.791354,10.461806,5823,137.28
035023,Gualtieri,08,Emilia-Romagna,035,Reggio nell'Emilia,RE,2,Nord-est,E232,ITH,ITH5,ITH53,035023,35.485,44.880797,10.616564,6364,179.34
035024,Guastalla,08,Emilia-Romagna,035,Reggio nell'Emilia,RE,2,Nord-est,E253,ITH,ITH5,ITH53,035024,52.868,44.901299,10.690332,14675,277.58
035026,Luzzara,08,Emilia-Romagna,035,Reggio nell'Emilia,RE,2,Nord-est,E772,ITH,ITH5,ITH53,035026,38.669,44.957365,10.700588,8577,221.81
035027,Montecchio Emilia,08,Emilia-Romagna,035,Reggio nell'Emilia,RE,2,Nord-est,F463,ITH,ITH5,ITH53,035027,24.503,44.709513,10.466833,10441,426.11
035028,Novellara,08,Emilia-Romagna,035,Reggio nell'Emilia,RE,2,Nord-est,F960,ITH,ITH5,ITH53,035028,58.187,44.845171,10.700834,13406,230.4
035029,Poviglio,08,Emilia-Romagna,035,Reggio nell'Emilia,RE,2,Nord-est,G947,ITH,ITH5,ITH53,035029,43.324,44.850446,10.521262,7240,167.11
035030,Quattro Castella,08,Emilia-Romagna,035,Reggio nell'Emilia,RE,2,Nord-est,H122,ITH,ITH5,ITH53,035030,46.098,44.623498,10.51084,13226,286.91
035033,Reggio nell'Emilia,08,Emilia-Romagna,035,Reggio nell'Emilia,RE,2,Nord-est,H223,ITH,ITH5,ITH53,035033,230.341,44.697514,10.645534,172921,750.72
035032,Reggiolo,08,Emilia-Romagna,035,Reggio nell'Emilia,RE,2,Nord-est,H225,ITH,ITH5,ITH53,035032,42.761,44.913915,10.810568,9318,217.91
035034,Rio Saliceto,08,Emilia-Romagna,035,Reggio nell'Emilia,RE,2,Nord-est,H298,ITH,ITH5,ITH53,035034,22.669,44.828282,10.802592,6099,269.05
035035,Rolo,08,Emilia-Romagna,035,Reggio nell'Emilia,RE,2,Nord-est,H500,ITH,ITH5,ITH53,035035,13.968,44.893601,10.859598,4040,289.23
035036,Rubiera,08,Emilia-Romagna,035,Reggio nell'Emilia,RE,2,Nord-est,H628,ITH,ITH5,ITH53,035036,25.084,44.665928,10.786921,14522,578.93
035037,San Martino in Rio,08,Emilia-Romagna,035,Reggio nell'Emilia,RE,2,Nord-est,I011,ITH,ITH5,ITH53,035037,22.563,44.714285,10.791532,8246,365.47
035038,San Polo d'Enza,08,Emilia-Romagna,035,Reggio nell'Emilia,RE,2,Nord-est,I123,ITH,ITH5,ITH53,035038,32.143,44.627258,10.433881,6140,191.02
035039,Sant'Ilario d'Enza,08,Emilia-Romagna,035,Reggio nell'Emilia,RE,2,Nord-est,I342,ITH,ITH5,ITH53,035039,20.252,44.752243,10.473537,11423,564.04
035040,Scandiano,08,Emilia-Romagna,035,Reggio nell'Emilia,RE,2,Nord-est,I496,ITH,ITH5,ITH53,035040,50.19,44.592132,10.684384,25979,517.61
035041,Toano,08,Emilia-Romagna,035,Reggio nell'Emilia,RE,2,Nord-est,L184,ITH,ITH5,ITH53,035041,67.423,44.380652,10.546865,4189,62.13
035046,Ventasso,08,Emilia-Romagna,035,Reggio nell'Emilia,RE,2,Nord-est,M364,ITH,ITH5,ITH53,035046,258.441,44.355667,10.24002,3824,14.8
035042,Vetto,08,Emilia-Romagna,035,Reggio nell'Emilia,RE,2,Nord-est,L815,ITH,ITH5,ITH53,035042,52.96,44.479146,10.369206,1802,34.03
035043,Vezzano sul Crostolo,08,Emilia-Romagna,035,Reggio nell'Emilia,RE,2,Nord-est,L820,ITH,ITH5,ITH53,035043,37.702,44.574522,10.512054,4433,117.58
035044,Viano,08,Emilia-Romagna,035,Reggio nell'Emilia,RE,2,Nord-est,L831,ITH,ITH5,ITH53,035044,45.253,44.545301,10.599157,3472,76.72
035045,Villa Minozzo,08,Emilia-Romagna,035,Reggio nell'Emilia,RE,2,Nord-est,L969,ITH,ITH5,ITH53,035045,168.071,44.316074,10.459397,3507,20.87
099001,Bellaria-Igea Marina,08,Emilia-Romagna,099,Rimini,RN,2,Nord-est,A747,ITH,ITH5,ITH59,099001,18.595,44.13513,12.46175,19562,1052.0
099021,Casteldelci,08,Emilia-Romagna,099,Rimini,RN,2,Nord-est,C080,ITH,ITH5,ITH59,099021,49.863,43.78285,12.143631,349,7.0
099002,Cattolica,08,Emilia-Romagna,099,Rimini,RN,2,Nord-est,C357,ITH,ITH5,ITH59,099002,6.034,43.9558,12.736417,16614,2753.4
099003,Coriano,08,Emilia-Romagna,099,Rimini,RN,2,Nord-est,D004,ITH,ITH5,ITH59,099003,46.752,43.965239,12.575479,10487,224.31
099004,Gemmano,08,Emilia-Romagna,099,Rimini,RN,2,Nord-est,D961,ITH,ITH5,ITH59,099004,18.695,43.891682,12.564999,1156,61.83
099022,Maiolo,08,Emilia-Romagna,099,Rimini,RN,2,Nord-est,E838,ITH,ITH5,ITH59,099022,24.159,43.881535,12.316096,783,32.41
099005,Misano Adriatico,08,Emilia-Romagna,099,Rimini,RN,2,Nord-est,F244,ITH,ITH5,ITH59,099005,22.553,43.959702,12.671274,14171,628.34
099006,Mondaino,08,Emilia-Romagna,099,Rimini,RN,2,Nord-est,F346,ITH,ITH5,ITH59,099006,19.538,43.84807,12.659517,1357,69.45
099030,Montecopiolo,08,Emilia-Romagna,099,Rimini,RN,2,Nord-est,F478,ITH,ITH5,ITH59,099030,35.547,43.844961,12.368615,1029,28.95
099008,Montefiore Conca,08,Emilia-Romagna,099,Rimini,RN,2,Nord-est,F502,ITH,ITH5,ITH59,099008,22.304,43.879755,12.61659,2312,103.66
099009,Montegridolfo,08,Emilia-Romagna,099,Rimini,RN,2,Nord-est,F523,ITH,ITH5,ITH59,099009,7.053,43.868209,12.71195,1025,145.33
099029,Montescudo-Monte Colombo,08,Emilia-Romagna,099,Rimini,RN,2,Nord-est,M368,ITH,ITH5,ITH59,099029,32.417,43.926476,12.553343,7004,216.06
099011,Morciano di Romagna,08,Emilia-Romagna,099,Rimini,RN,2,Nord-est,F715,ITH,ITH5,ITH59,099011,5.444,43.91428,12.657616,7282,1337.62
099023,Novafeltria,08,Emilia-Romagna,099,Rimini,RN,2,Nord-est,F137,ITH,ITH5,ITH59,099023,41.923,43.880088,12.267628,7031,167.71
099024,Pennabilli,08,Emilia-Romagna,099,Rimini,RN,2,Nord-est,G433,ITH,ITH5,ITH59,099024,69.607,43.806015,12.27396,2692,38.67
099028,Poggio Torriana,08,Emilia-Romagna,099,Rimini,RN,2,Nord-est,M324,ITH,ITH5,ITH59,099028,35.059,44.000751,12.393875,5097,145.38
099013,Riccione,08,Emilia-Romagna,099,Rimini,RN,2,Nord-est,H274,ITH,ITH5,ITH59,099013,17.369,43.99702,12.64551,34367,1978.64
099014,Rimini,08,Emilia-Romagna,099,Rimini,RN,2,Nord-est,H294,ITH,ITH5,ITH59,099014,135.829,44.040682,12.549277,150774,1110.03
099015,Saludecio,08,Emilia-Romagna,099,Rimini,RN,2,Nord-est,H724,ITH,ITH5,ITH59,099015,34.669,43.888714,12.68597,3274,94.44
099016,San Clemente,08,Emilia-Romagna,099,Rimini,RN,2,Nord-est,H801,ITH,ITH5,ITH59,099016,20.505,43.930485,12.639825,5749,280.37
099017,San Giovanni in Marignano,08,Emilia-Romagna,099,Rimini,RN,2,Nord-est,H921,ITH,ITH5,ITH59,099017,21.168,43.936921,12.709963,9425,445.25
099025,San Leo,08,Emilia-Romagna,099,Rimini,RN,2,Nord-est,H949,ITH,ITH5,ITH59,099025,53.336,43.916888,12.36336,2877,53.94
099026,Sant'Agata Feltria,08,Emilia-Romagna,099,Rimini,RN,2,Nord-est,I201,ITH,ITH5,ITH59,099026,79.553,43.863846,12.194047,1957,24.6
099018,Santarcangelo di Romagna,08,Emilia-Romagna,099,Rimini,RN,2,Nord-est,I304,ITH,ITH5,ITH59,099018,44.544,44.051744,12.380249,22366,502.11
099031,Sassofeltrio,08,Emilia-Romagna,099,Rimini,RN,2,Nord-est,I460,ITH,ITH5,ITH59,099031,21.244,43.893816,12.512678,1379,64.91
099027,Talamello,08,Emilia-Romagna,099,Rimini,RN,2,Nord-est,L034,ITH,ITH5,ITH59,099027,10.661,43.9122,12.281765,1081,101.4
099020,Verucchio,08,Emilia-Romagna,099,Rimini,RN,2,Nord-est,L797,ITH,ITH5,ITH59,099020,27.302,43.994599,12.433612,10044,367.89
031001,Capriva del Friuli,06,Friuli-Venezia Giulia,031,Gorizia,GO,2,Nord-est,B712,ITH,ITH4,ITH43,031001,6.367,45.947229,13.512923,1566,245.96
031002,Cormons,06,Friuli-Venezia Giulia,031,Gorizia,GO,2,Nord-est,D014,ITH,ITH4,ITH43,031002,34.953,45.954449,13.464777,7001,200.3
031003,Doberdò del Lago,06,Friuli-Venezia Giulia,031,Gorizia,GO,2,Nord-est,D312,ITH,ITH4,ITH43,031003,27.096,45.845722,13.548192,1293,47.72
031004,Dolegna del Collio,06,Friuli-Venezia Giulia,031,Gorizia,GO,2,Nord-est,D321,ITH,ITH4,ITH43,031004,12.797,46.017039,13.483583,285,22.27
031005,Farra d'Isonzo,06,Friuli-Venezia Giulia,031,Gorizia,GO,2,Nord-est,D504,ITH,ITH4,ITH43,031005,10.218,45.905425,13.529753,1681,164.51
031006,Fogliano Redipuglia,06,Friuli-Venezia Giulia,031,Gorizia,GO,2,Nord-est,D645,ITH,ITH4,ITH43,031006,8.075,45.855174,13.493182,2966,367.31
031007,Gorizia,06,Friuli-Venezia Giulia,031,Gorizia,GO,2,Nord-est,E098,ITH,ITH4,ITH43,031007,41.27,45.951565,13.59489,33679,816.06
031008,Gradisca d'Isonzo,06,Friuli-Venezia Giulia,031,Gorizia,GO,2,Nord-est,E124,ITH,ITH4,ITH43,031008,11.074,45.891963,13.490009,6394,577.39
031009,Grado,06,Friuli-Venezia Giulia,031,Gorizia,GO,2,Nord-est,E125,ITH,ITH4,ITH43,031009,119.139,45.716359,13.375263,7454,62.57
031010,Mariano del Friuli,06,Friuli-Venezia Giulia,031,Gorizia,GO,2,Nord-est,E952,ITH,ITH4,ITH43,031010,8.605,45.912254,13.468289,1478,171.76
031011,Medea,06,Friuli-Venezia Giulia,031,Gorizia,GO,2,Nord-est,F081,ITH,ITH4,ITH43,031011,7.378,45.916798,13.42441,956,129.57
031012,Monfalcone,06,Friuli-Venezia Giulia,031,Gorizia,GO,2,Nord-est,F356,ITH,ITH4,ITH43,031012,20.609,45.795594,13.562371,30767,1492.89
031013,Moraro,06,Friuli-Venezia Giulia,031,Gorizia,GO,2,Nord-est,F710,ITH,ITH4,ITH43,031013,3.745,45.926917,13.498844,722,192.79
031014,Mossa,06,Friuli-Venezia Giulia,031,Gorizia,GO,2,Nord-est,F767,ITH,ITH4,ITH43,031014,6.392,45.939886,13.546474,1512,236.55
031015,Romans d'Isonzo,06,Friuli-Venezia Giulia,031,Gorizia,GO,2,Nord-est,H514,ITH,ITH4,ITH43,031015,15.731,45.893024,13.434279,3556,226.05
031016,Ronchi dei Legionari,06,Friuli-Venezia Giulia,031,Gorizia,GO,2,Nord-est,H531,ITH,ITH4,ITH43,031016,17.266,45.830645,13.510812,11859,686.84
031017,Sagrado,06,Friuli-Venezia Giulia,031,Gorizia,GO,2,Nord-est,H665,ITH,ITH4,ITH43,031017,13.895,45.880029,13.519577,2132,153.44
031018,San Canzian d'Isonzo,06,Friuli-Venezia Giulia,031,Gorizia,GO,2,Nord-est,H787,ITH,ITH4,ITH43,031018,33.567,45.781676,13.460829,6048,180.18
031019,San Floriano del Collio,06,Friuli-Venezia Giulia,031,Gorizia,GO,2,Nord-est,H845,ITH,ITH4,ITH43,031019,10.336,45.972138,13.586658,718,69.47
031020,San Lorenzo Isontino,06,Friuli-Venezia Giulia,031,Gorizia,GO,2,Nord-est,H964,ITH,ITH4,ITH43,031020,4.33,45.935116,13.526258,1479,341.57
031021,San Pier d'Isonzo,06,Friuli-Venezia Giulia,031,Gorizia,GO,2,Nord-est,I082,ITH,ITH4,ITH43,031021,8.83,45.846097,13.459264,1914,216.76
031022,Savogna d'Isonzo,06,Friuli-Venezia Giulia,031,Gorizia,GO,2,Nord-est,I479,ITH,ITH4,ITH43,031022,16.66,45.891528,13.573897,1678,100.72
031023,Staranzano,06,Friuli-Venezia Giulia,031,Gorizia,GO,2,Nord-est,I939,ITH,ITH4,ITH43,031023,18.78,45.77234,13.50691,7130,379.66
031024,Turriaco,06,Friuli-Venezia Giulia,031,Gorizia,GO,2,Nord-est,L474,ITH,ITH4,ITH43,031024,5.3,45.82088,13.443038,2784,525.28
031025,Villesse,06,Friuli-Venezia Giulia,031,Gorizia,GO,2,Nord-est,M043,ITH,ITH4,ITH43,031025,11.826,45.858762,13.435877,1665,140.79
093001,Andreis,06,Friuli-Venezia Giulia,093,Pordenone,PN,2,Nord-est,A283,ITH,ITH4,ITH41,093001,27.119,46.212867,12.622204,243,8.96
093002,Arba,06,Friuli-Venezia Giulia,093,Pordenone,PN,2,Nord-est,A354,ITH,ITH4,ITH41,093002,15.436,46.146942,12.793061,1344,87.07
093004,Aviano,06,Friuli-Venezia Giulia,093,Pordenone,PN,2,Nord-est,A516,ITH,ITH4,ITH41,093004,113.247,46.082595,12.597057,8973,79.23
093005,Azzano Decimo,06,Friuli-Venezia Giulia,093,Pordenone,PN,2,Nord-est,A530,ITH,ITH4,ITH41,093005,51.501,45.877192,12.704835,15760,306.01
093006,Barcis,06,Friuli-Venezia Giulia,093,Pordenone,PN,2,Nord-est,A640,ITH,ITH4,ITH41,093006,103.466,46.186406,12.525228,225,2.17
093007,Brugnera,06,Friuli-Venezia Giulia,093,Pordenone,PN,2,Nord-est,B215,ITH,ITH4,ITH41,093007,29.324,45.901207,12.546672,9192,313.46
093008,Budoia,06,Friuli-Venezia Giulia,093,Pordenone,PN,2,Nord-est,B247,ITH,ITH4,ITH41,093008,37.215,46.063704,12.504461,2561,68.82
093009,Caneva,06,Friuli-Venezia Giulia,093,Pordenone,PN,2,Nord-est,B598,ITH,ITH4,ITH41,093009,41.85,46.001714,12.455333,6194,148.0
093010,Casarsa della Delizia,06,Friuli-Venezia Giulia,093,Pordenone,PN,2,Nord-est,B940,ITH,ITH4,ITH41,093010,20.506,45.951349,12.835176,8314,405.44
093011,Castelnovo del Friuli,06,Friuli-Venezia Giulia,093,Pordenone,PN,2,Nord-est,C217,ITH,ITH4,ITH41,093011,22.632,46.21303,12.887301,800,35.35
093012,Cavasso Nuovo,06,Friuli-Venezia Giulia,093,Pordenone,PN,2,Nord-est,C385,ITH,ITH4,ITH41,093012,10.604,46.189072,12.780208,1463,137.97
093013,Chions,06,Friuli-Venezia Giulia,093,Pordenone,PN,2,Nord-est,C640,ITH,ITH4,ITH41,093013,33.086,45.872496,12.768691,4991,150.85
093014,Cimolais,06,Friuli-Venezia Giulia,093,Pordenone,PN,2,Nord-est,C699,ITH,ITH4,ITH41,093014,100.889,46.32609,12.455447,343,3.4
093015,Claut,06,Friuli-Venezia Giulia,093,Pordenone,PN,2,Nord-est,C790,ITH,ITH4,ITH41,093015,165.757,46.28577,12.557115,855,5.16
093016,Clauzetto,06,Friuli-Venezia Giulia,093,Pordenone,PN,2,Nord-est,C791,ITH,ITH4,ITH41,093016,28.681,46.253418,12.892646,385,13.42
093017,Cordenons,06,Friuli-Venezia Giulia,093,Pordenone,PN,2,Nord-est,C991,ITH,ITH4,ITH41,093017,56.389,46.00326,12.723789,17701,313.91
093018,Cordovado,06,Friuli-Venezia Giulia,093,Pordenone,PN,2,Nord-est,C993,ITH,ITH4,ITH41,093018,12.111,45.844022,12.895564,2671,220.54
093019,Erto e Casso,06,Friuli-Venezia Giulia,093,Pordenone,PN,2,Nord-est,D426,ITH,ITH4,ITH41,093019,52.196,46.276327,12.365201,359,6.88
093020,Fanna,06,Friuli-Venezia Giulia,093,Pordenone,PN,2,Nord-est,D487,ITH,ITH4,ITH41,093020,10.248,46.174561,12.760883,1467,143.15
093021,Fiume Veneto,06,Friuli-Venezia Giulia,093,Pordenone,PN,2,Nord-est,D621,ITH,ITH4,ITH41,093021,35.32,45.923395,12.740058,11806,334.26
093022,Fontanafredda,06,Friuli-Venezia Giulia,093,Pordenone,PN,2,Nord-est,D670,ITH,ITH4,ITH41,093022,46.3,45.980149,12.54343,12952,279.74
093024,Frisanco,06,Friuli-Venezia Giulia,093,Pordenone,PN,2,Nord-est,D804,ITH,ITH4,ITH41,093024,60.745,46.225116,12.691205,599,9.86
093025,Maniago,06,Friuli-Venezia Giulia,093,Pordenone,PN,2,Nord-est,E889,ITH,ITH4,ITH41,093025,69.126,46.137982,12.738808,11444,165.55
093026,Meduno,06,Friuli-Venezia Giulia,093,Pordenone,PN,2,Nord-est,F089,ITH,ITH4,ITH41,093026,31.838,46.217206,12.796515,1480,46.49
093027,Montereale Valcellina,06,Friuli-Venezia Giulia,093,Pordenone,PN,2,Nord-est,F596,ITH,ITH4,ITH41,093027,67.622,46.130273,12.652752,4187,61.92
093028,Morsano al Tagliamento,06,Friuli-Venezia Giulia,093,Pordenone,PN,2,Nord-est,F750,ITH,ITH4,ITH41,093028,32.26,45.857039,12.942864,2754,85.37
093029,Pasiano di Pordenone,06,Friuli-Venezia Giulia,093,Pordenone,PN,2,Nord-est,G353,ITH,ITH4,ITH41,093029,45.438,45.857674,12.623835,7890,173.64
093030,Pinzano al Tagliamento,06,Friuli-Venezia Giulia,093,Pordenone,PN,2,Nord-est,G680,ITH,ITH4,ITH41,093030,21.595,46.179262,12.942602,1493,69.14
093031,Polcenigo,06,Friuli-Venezia Giulia,093,Pordenone,PN,2,Nord-est,G780,ITH,ITH4,ITH41,093031,49.849,46.042341,12.467447,3060,61.39
093032,Porcia,06,Friuli-Venezia Giulia,093,Pordenone,PN,2,Nord-est,G886,ITH,ITH4,ITH41,093032,29.322,45.946876,12.6087,14947,509.75
093033,Pordenone,06,Friuli-Venezia Giulia,093,Pordenone,PN,2,Nord-est,G888,ITH,ITH4,ITH41,093033,38.355,45.951196,12.672586,52744,1375.15
093034,Prata di Pordenone,06,Friuli-Venezia Giulia,093,Pordenone,PN,2,Nord-est,G994,ITH,ITH4,ITH41,093034,22.831,45.872822,12.583227,8353,365.86
093035,Pravisdomini,06,Friuli-Venezia Giulia,093,Pordenone,PN,2,Nord-est,H010,ITH,ITH4,ITH41,093035,16.546,45.816073,12.681211,3471,209.78
093036,Roveredo in Piano,06,Friuli-Venezia Giulia,093,Pordenone,PN,2,Nord-est,H609,ITH,ITH4,ITH41,093036,15.868,46.008982,12.603732,5760,362.99
093037,Sacile,06,Friuli-Venezia Giulia,093,Pordenone,PN,2,Nord-est,H657,ITH,ITH4,ITH41,093037,32.883,45.940084,12.495517,19947,606.61
093038,San Giorgio della Richinvelda,06,Friuli-Venezia Giulia,093,Pordenone,PN,2,Nord-est,H891,ITH,ITH4,ITH41,093038,47.859,46.038195,12.883885,4541,94.88
093039,San Martino al Tagliamento,06,Friuli-Venezia Giulia,093,Pordenone,PN,2,Nord-est,H999,ITH,ITH4,ITH41,093039,17.918,46.020802,12.874253,1517,84.66
093040,San Quirino,06,Friuli-Venezia Giulia,093,Pordenone,PN,2,Nord-est,I136,ITH,ITH4,ITH41,093040,51.521,46.033527,12.679214,4333,84.1
093041,San Vito al Tagliamento,06,Friuli-Venezia Giulia,093,Pordenone,PN,2,Nord-est,I403,ITH,ITH4,ITH41,093041,60.85,45.920412,12.853472,15293,251.32
093042,Sequals,06,Friuli-Venezia Giulia,093,Pordenone,PN,2,Nord-est,I621,ITH,ITH4,ITH41,093042,27.488,46.153174,12.858595,2212,80.47
093043,Sesto al Reghena,06,Friuli-Venezia Giulia,093,Pordenone,PN,2,Nord-est,I686,ITH,ITH4,ITH41,093043,40.167,45.8563,12.830754,6299,156.82
093044,Spilimbergo,06,Friuli-Venezia Giulia,093,Pordenone,PN,2,Nord-est,I904,ITH,ITH4,ITH41,093044,71.943,46.113149,12.874043,11799,164.0
093045,Tramonti di Sopra,06,Friuli-Venezia Giulia,093,Pordenone,PN,2,Nord-est,L324,ITH,ITH4,ITH41,093045,124.667,46.305808,12.711666,274,2.2
093046,Tramonti di Sotto,06,Friuli-Venezia Giulia,093,Pordenone,PN,2,Nord-est,L325,ITH,ITH4,ITH41,093046,85.677,46.290401,12.841451,335,3.91
093047,Travesio,06,Friuli-Venezia Giulia,093,Pordenone,PN,2,Nord-est,L347,ITH,ITH4,ITH41,093047,28.231,46.208764,12.844217,1809,64.08
093052,Vajont,06,Friuli-Venezia Giulia,093,Pordenone,PN,2,Nord-est,M265,ITH,ITH4,ITH41,093052,1.684,46.143661,12.691224,1599,949.52
093053,Valvasone Arzene,06,Friuli-Venezia Giulia,093,Pordenone,PN,2,Nord-est,M346,ITH,ITH4,ITH41,093053,29.539,45.995167,12.86317,3960,134.06
093049,Vito d'Asio,06,Friuli-Venezia Giulia,093,Pordenone,PN,2,Nord-est,M085,ITH,ITH4,ITH41,093049,53.45,46.276619,12.952563,705,13.19
093050,Vivaro,06,Friuli-Venezia Giulia,093,Pordenone,PN,2,Nord-est,M096,ITH,ITH4,ITH41,093050,37.593,46.082896,12.774885,1350,35.91
093051,Zoppola,06,Friuli-Venezia Giulia,093,Pordenone,PN,2,Nord-est,M190,ITH,ITH4,ITH41,093051,45.43,45.979866,12.787406,8360,184.02
032001,Duino Aurisina,06,Friuli-Venezia Giulia,032,Trieste,TS,2,Nord-est,D383,ITH,ITH4,ITH44,032001,45.21,45.769621,13.66487,8185,181.04
032002,Monrupino,06,Friuli-Venezia Giulia,032,Trieste,TS,2,Nord-est,F378,ITH,ITH4,ITH44,032002,12.749,45.718433,13.797429,836,65.57
032003,Muggia,06,Friuli-Venezia Giulia,032,Trieste,TS,2,Nord-est,F795,ITH,ITH4,ITH44,032003,13.801,45.596211,13.780601,12627,914.93
032004,San Dorligo della Valle,06,Friuli-Venezia Giulia,032,Trieste,TS,2,Nord-est,D324,ITH,ITH4,ITH44,032004,24.22,45.612635,13.852182,5622,232.12
032005,Sgonico,06,Friuli-Venezia Giulia,032,Trieste,TS,2,Nord-est,I715,ITH,ITH4,ITH44,032005,31.157,45.735492,13.743687,1948,62.52
032006,Trieste,06,Friuli-Venezia Giulia,032,Trieste,TS,2,Nord-est,L424,ITH,ITH4,ITH44,032006,84.825,45.672401,13.804255,198622,2341.55
030001,Aiello del Friuli,06,Friuli-Venezia Giulia,030,Udine,UD,2,Nord-est,A103,ITH,ITH4,ITH42,030001,13.411,45.872321,13.356103,2086,155.54
030002,Amaro,06,Friuli-Venezia Giulia,030,Udine,UD,2,Nord-est,A254,ITH,ITH4,ITH42,030002,33.184,46.390533,13.09834,854,25.74
030003,Ampezzo,06,Friuli-Venezia Giulia,030,Udine,UD,2,Nord-est,A267,ITH,ITH4,ITH42,030003,73.233,46.411592,12.750215,877,11.98
030004,Aquileia,06,Friuli-Venezia Giulia,030,Udine,UD,2,Nord-est,A346,ITH,ITH4,ITH42,030004,37.506,45.763564,13.364441,3124,83.29
030005,Arta Terme,06,Friuli-Venezia Giulia,030,Udine,UD,2,Nord-est,A447,ITH,ITH4,ITH42,030005,42.696,46.478988,13.070501,1971,46.16
030006,Artegna,06,Friuli-Venezia Giulia,030,Udine,UD,2,Nord-est,A448,ITH,ITH4,ITH42,030006,11.364,46.23955,13.142887,2898,255.02
030007,Attimis,06,Friuli-Venezia Giulia,030,Udine,UD,2,Nord-est,A491,ITH,ITH4,ITH42,030007,33.431,46.187649,13.321959,1664,49.77
030008,Bagnaria Arsa,06,Friuli-Venezia Giulia,030,Udine,UD,2,Nord-est,A553,ITH,ITH4,ITH42,030008,18.761,45.859803,13.289744,3403,181.39
030009,Basiliano,06,Friuli-Venezia Giulia,030,Udine,UD,2,Nord-est,A700,ITH,ITH4,ITH42,030009,42.528,46.01843,13.08929,5148,121.05
030010,Bertiolo,06,Friuli-Venezia Giulia,030,Udine,UD,2,Nord-est,A810,ITH,ITH4,ITH42,030010,26.532,45.934908,13.054609,2330,87.82
030011,Bicinicco,06,Friuli-Venezia Giulia,030,Udine,UD,2,Nord-est,A855,ITH,ITH4,ITH42,030011,15.97,45.928236,13.242813,1733,108.52
030012,Bordano,06,Friuli-Venezia Giulia,030,Udine,UD,2,Nord-est,A983,ITH,ITH4,ITH42,030012,14.87,46.326235,13.100675,689,46.33
030013,Buja,06,Friuli-Venezia Giulia,030,Udine,UD,2,Nord-est,B259,ITH,ITH4,ITH42,030013,25.646,46.213145,13.113064,6336,247.06
030014,Buttrio,06,Friuli-Venezia Giulia,030,Udine,UD,2,Nord-est,B309,ITH,ITH4,ITH42,030014,17.621,46.013527,13.336948,3898,221.21
030015,Camino al Tagliamento,06,Friuli-Venezia Giulia,030,Udine,UD,2,Nord-est,B483,ITH,ITH4,ITH42,030015,22.391,45.921862,12.93603,1508,67.35
030016,Campoformido,06,Friuli-Venezia Giulia,030,Udine,UD,2,Nord-est,B536,ITH,ITH4,ITH42,030016,21.817,46.024689,13.172303,7832,358.99
030138,Campolongo Tapogliano,06,Friuli-Venezia Giulia,030,Udine,UD,2,Nord-est,M311,ITH,ITH4,ITH42,030138,10.836,45.869034,13.403654,1105,101.97
030018,Carlino,06,Friuli-Venezia Giulia,030,Udine,UD,2,Nord-est,B788,ITH,ITH4,ITH42,030018,29.906,45.797056,13.181885,2606,87.14
030019,Cassacco,06,Friuli-Venezia Giulia,030,Udine,UD,2,Nord-est,B994,ITH,ITH4,ITH42,030019,11.756,46.182807,13.191726,2787,237.07
030020,Castions di Strada,06,Friuli-Venezia Giulia,030,Udine,UD,2,Nord-est,C327,ITH,ITH4,ITH42,030020,32.552,45.875273,13.180582,3682,113.11
030021,Cavazzo Carnico,06,Friuli-Venezia Giulia,030,Udine,UD,2,Nord-est,C389,ITH,ITH4,ITH42,030021,39.455,46.357123,13.04066,959,24.31
030022,Cercivento,06,Friuli-Venezia Giulia,030,Udine,UD,2,Nord-est,C494,ITH,ITH4,ITH42,030022,15.812,46.543581,12.977355,604,38.2
030023,Cervignano del Friuli,06,Friuli-Venezia Giulia,030,Udine,UD,2,Nord-est,C556,ITH,ITH4,ITH42,030023,29.518,45.829045,13.331973,13743,465.58
030024,Chiopris-Viscone,06,Friuli-Venezia Giulia,030,Udine,UD,2,Nord-est,C641,ITH,ITH4,ITH42,030024,8.888,45.931082,13.393886,707,79.55
030025,Chiusaforte,06,Friuli-Venezia Giulia,030,Udine,UD,2,Nord-est,C656,ITH,ITH4,ITH42,030025,99.54,46.405553,13.382228,582,5.85
030026,Cividale del Friuli,06,Friuli-Venezia Giulia,030,Udine,UD,2,Nord-est,C758,ITH,ITH4,ITH42,030026,50.802,46.073078,13.437285,10804,212.67
030027,Codroipo,06,Friuli-Venezia Giulia,030,Udine,UD,2,Nord-est,C817,ITH,ITH4,ITH42,030027,74.784,45.954126,12.994477,15721,210.22
030028,Colloredo di Monte Albano,06,Friuli-Venezia Giulia,030,Udine,UD,2,Nord-est,C885,ITH,ITH4,ITH42,030028,21.864,46.166151,13.12628,2184,99.89
030029,Comeglians,06,Friuli-Venezia Giulia,030,Udine,UD,2,Nord-est,C918,ITH,ITH4,ITH42,030029,19.112,46.537498,12.879422,422,22.08
030030,Corno di Rosazzo,06,Friuli-Venezia Giulia,030,Udine,UD,2,Nord-est,D027,ITH,ITH4,ITH42,030030,12.673,45.99509,13.44494,3099,244.54
030031,Coseano,06,Friuli-Venezia Giulia,030,Udine,UD,2,Nord-est,D085,ITH,ITH4,ITH42,030031,23.78,46.079105,13.009739,1977,83.14
030032,Dignano,06,Friuli-Venezia Giulia,030,Udine,UD,2,Nord-est,D300,ITH,ITH4,ITH42,030032,27.843,46.094967,12.950063,2221,79.77
030033,Dogna,06,Friuli-Venezia Giulia,030,Udine,UD,2,Nord-est,D316,ITH,ITH4,ITH42,030033,70.268,46.453507,13.345357,148,2.11
030034,Drenchia,06,Friuli-Venezia Giulia,030,Udine,UD,2,Nord-est,D366,ITH,ITH4,ITH42,030034,12.416,46.173072,13.635182,88,7.09
030035,Enemonzo,06,Friuli-Venezia Giulia,030,Udine,UD,2,Nord-est,D408,ITH,ITH4,ITH42,030035,23.193,46.41071,12.88229,1231,53.08
030036,Faedis,06,Friuli-Venezia Giulia,030,Udine,UD,2,Nord-est,D455,ITH,ITH4,ITH42,030036,46.594,46.162072,13.374301,2731,58.61
030037,Fagagna,06,Friuli-Venezia Giulia,030,Udine,UD,2,Nord-est,D461,ITH,ITH4,ITH42,030037,36.995,46.103149,13.083633,6076,164.24
030190,Fiumicello Villa Vicentina,06,Friuli-Venezia Giulia,030,Udine,UD,2,Nord-est,M400,ITH,ITH4,ITH42,030190,28.64,45.782643,13.413163,6251,218.26
030039,Flaibano,06,Friuli-Venezia Giulia,030,Udine,UD,2,Nord-est,D630,ITH,ITH4,ITH42,030039,17.214,46.057986,12.963271,1113,64.66
030137,Forgaria nel Friuli,06,Friuli-Venezia Giulia,030,Udine,UD,2,Nord-est,D700,ITH,ITH4,ITH42,030137,28.582,46.233249,13.005468,1667,58.32
030040,Forni Avoltri,06,Friuli-Venezia Giulia,030,Udine,UD,2,Nord-est,D718,ITH,ITH4,ITH42,030040,80.604,46.594387,12.818415,495,6.14
030041,Forni di Sopra,06,Friuli-Venezia Giulia,030,Udine,UD,2,Nord-est,D719,ITH,ITH4,ITH42,030041,81.813,46.419417,12.556129,890,10.88
030042,Forni di Sotto,06,Friuli-Venezia Giulia,030,Udine,UD,2,Nord-est,D720,ITH,ITH4,ITH42,030042,93.417,46.399434,12.674746,518,5.55
030043,Gemona del Friuli,06,Friuli-Venezia Giulia,030,Udine,UD,2,Nord-est,D962,ITH,ITH4,ITH42,030043,56.231,46.284436,13.145583,10416,185.24
030044,Gonars,06,Friuli-Venezia Giulia,030,Udine,UD,2,Nord-est,E083,ITH,ITH4,ITH42,030044,19.699,45.895509,13.252032,4552,231.08
030045,Grimacco,06,Friuli-Venezia Giulia,030,Udine,UD,2,Nord-est,E179,ITH,ITH4,ITH42,030045,15.631,46.166869,13.581055,299,19.13
030046,Latisana,06,Friuli-Venezia Giulia,030,Udine,UD,2,Nord-est,E473,ITH,ITH4,ITH42,030046,37.543,45.737482,13.03549,13162,350.58
030047,Lauco,06,Friuli-Venezia Giulia,030,Udine,UD,2,Nord-est,E476,ITH,ITH4,ITH42,030047,34.866,46.449524,12.935622,626,17.95
030048,Lestizza,06,Friuli-Venezia Giulia,030,Udine,UD,2,Nord-est,E553,ITH,ITH4,ITH42,030048,34.405,45.96913,13.129121,3569,103.73
030049,Lignano Sabbiadoro,06,Friuli-Venezia Giulia,030,Udine,UD,2,Nord-est,E584,ITH,ITH4,ITH42,030049,15.682,45.671614,13.094678,6973,444.65
030051,Lusevera,06,Friuli-Venezia Giulia,030,Udine,UD,2,Nord-est,E760,ITH,ITH4,ITH42,030051,52.787,46.28934,13.247155,611,11.57
030052,Magnano in Riviera,06,Friuli-Venezia Giulia,030,Udine,UD,2,Nord-est,E820,ITH,ITH4,ITH42,030052,8.215,46.215743,13.170327,2232,271.7
030053,Majano,06,Friuli-Venezia Giulia,030,Udine,UD,2,Nord-est,E833,ITH,ITH4,ITH42,030053,28.55,46.186554,13.060394,5703,199.75
030054,Malborghetto Valbruna,06,Friuli-Venezia Giulia,030,Udine,UD,2,Nord-est,E847,ITH,ITH4,ITH42,030054,124.2,46.493624,13.431533,888,7.15
030055,Manzano,06,Friuli-Venezia Giulia,030,Udine,UD,2,Nord-est,E899,ITH,ITH4,ITH42,030055,31.015,45.98898,13.364569,6275,202.32
030056,Marano Lagunare,06,Friuli-Venezia Giulia,030,Udine,UD,2,Nord-est,E910,ITH,ITH4,ITH42,030056,86.557,45.728311,13.167285,1677,19.37
030057,Martignacco,06,Friuli-Venezia Giulia,030,Udine,UD,2,Nord-est,E982,ITH,ITH4,ITH42,030057,26.912,46.082918,13.150674,6835,253.98
030058,Mereto di Tomba,06,Friuli-Venezia Giulia,030,Udine,UD,2,Nord-est,F144,ITH,ITH4,ITH42,030058,27.445,46.041567,13.050609,2497,90.98
030059,Moggio Udinese,06,Friuli-Venezia Giulia,030,Udine,UD,2,Nord-est,F266,ITH,ITH4,ITH42,030059,142.038,46.468138,13.191161,1589,11.19
030060,Moimacco,06,Friuli-Venezia Giulia,030,Udine,UD,2,Nord-est,F275,ITH,ITH4,ITH42,030060,11.881,46.094683,13.371656,1567,131.89
030061,Montenars,06,Friuli-Venezia Giulia,030,Udine,UD,2,Nord-est,F574,ITH,ITH4,ITH42,030061,20.425,46.259988,13.192524,494,24.19
030062,Mortegliano,06,Friuli-Venezia Giulia,030,Udine,UD,2,Nord-est,F756,ITH,ITH4,ITH42,030062,30.289,45.949072,13.200436,4839,159.76
030063,Moruzzo,06,Friuli-Venezia Giulia,030,Udine,UD,2,Nord-est,F760,ITH,ITH4,ITH42,030063,17.695,46.130824,13.136996,2392,135.18
030064,Muzzana del Turgnano,06,Friuli-Venezia Giulia,030,Udine,UD,2,Nord-est,F832,ITH,ITH4,ITH42,030064,24.188,45.809826,13.136098,2320,95.92
030065,Nimis,06,Friuli-Venezia Giulia,030,Udine,UD,2,Nord-est,F898,ITH,ITH4,ITH42,030065,33.631,46.220603,13.308334,2628,78.14
030066,Osoppo,06,Friuli-Venezia Giulia,030,Udine,UD,2,Nord-est,G163,ITH,ITH4,ITH42,030066,22.327,46.246482,13.067083,2803,125.54
030067,Ovaro,06,Friuli-Venezia Giulia,030,Udine,UD,2,Nord-est,G198,ITH,ITH4,ITH42,030067,58.148,46.486787,12.851571,1686,28.99
030068,Pagnacco,06,Friuli-Venezia Giulia,030,Udine,UD,2,Nord-est,G238,ITH,ITH4,ITH42,030068,14.865,46.122314,13.18518,5080,341.74
030069,Palazzolo dello Stella,06,Friuli-Venezia Giulia,030,Udine,UD,2,Nord-est,G268,ITH,ITH4,ITH42,030069,34.92,45.782232,13.093503,2893,82.85
030070,Palmanova,06,Friuli-Venezia Giulia,030,Udine,UD,2,Nord-est,G284,ITH,ITH4,ITH42,030070,13.421,45.907357,13.324739,5282,393.56
030071,Paluzza,06,Friuli-Venezia Giulia,030,Udine,UD,2,Nord-est,G300,ITH,ITH4,ITH42,030071,69.867,46.55378,13.008804,1892,27.08
030072,Pasian di Prato,06,Friuli-Venezia Giulia,030,Udine,UD,2,Nord-est,G352,ITH,ITH4,ITH42,030072,15.534,46.06007,13.17139,9291,598.11
030073,Paularo,06,Friuli-Venezia Giulia,030,Udine,UD,2,Nord-est,G381,ITH,ITH4,ITH42,030073,84.031,46.536551,13.135071,2278,27.11
030074,Pavia di Udine,06,Friuli-Venezia Giulia,030,Udine,UD,2,Nord-est,G389,ITH,ITH4,ITH42,030074,34.726,45.979967,13.304502,5466,157.4
030075,Pocenia,06,Friuli-Venezia Giulia,030,Udine,UD,2,Nord-est,G743,ITH,ITH4,ITH42,030075,24.435,45.851053,13.11619,2287,93.6
030076,Pontebba,06,Friuli-Venezia Giulia,030,Udine,UD,2,Nord-est,G831,ITH,ITH4,ITH42,030076,99.786,46.519153,13.305347,1292,12.95
030077,Porpetto,06,Friuli-Venezia Giulia,030,Udine,UD,2,Nord-est,G891,ITH,ITH4,ITH42,030077,17.602,45.859477,13.212188,2425,137.77
030078,Povoletto,06,Friuli-Venezia Giulia,030,Udine,UD,2,Nord-est,G949,ITH,ITH4,ITH42,030078,38.229,46.141535,13.292894,5387,140.91
030079,Pozzuolo del Friuli,06,Friuli-Venezia Giulia,030,Udine,UD,2,Nord-est,G966,ITH,ITH4,ITH42,030079,33.962,45.996799,13.193668,6891,202.9
030080,Pradamano,06,Friuli-Venezia Giulia,030,Udine,UD,2,Nord-est,G969,ITH,ITH4,ITH42,030080,15.986,46.036497,13.295379,3536,221.19
030081,Prato Carnico,06,Friuli-Venezia Giulia,030,Udine,UD,2,Nord-est,H002,ITH,ITH4,ITH42,030081,81.772,46.513402,12.739223,796,9.73
030082,Precenicco,06,Friuli-Venezia Giulia,030,Udine,UD,2,Nord-est,H014,ITH,ITH4,ITH42,030082,27.183,45.758029,13.057457,1464,53.86
030083,Premariacco,06,Friuli-Venezia Giulia,030,Udine,UD,2,Nord-est,H029,ITH,ITH4,ITH42,030083,39.499,46.044069,13.380407,3919,99.22
030084,Preone,06,Friuli-Venezia Giulia,030,Udine,UD,2,Nord-est,H038,ITH,ITH4,ITH42,030084,22.358,46.367236,12.879478,247,11.05
030085,Prepotto,06,Friuli-Venezia Giulia,030,Udine,UD,2,Nord-est,H040,ITH,ITH4,ITH42,030085,33.005,46.062559,13.484661,696,21.09
030086,Pulfero,06,Friuli-Venezia Giulia,030,Udine,UD,2,Nord-est,H089,ITH,ITH4,ITH42,030086,48.288,46.178114,13.477732,832,17.23
030087,Ragogna,06,Friuli-Venezia Giulia,030,Udine,UD,2,Nord-est,H161,ITH,ITH4,ITH42,030087,22.169,46.180419,12.983759,2843,128.24
030088,Ravascletto,06,Friuli-Venezia Giulia,030,Udine,UD,2,Nord-est,H196,ITH,ITH4,ITH42,030088,26.551,46.538625,12.925266,497,18.72
030089,Raveo,06,Friuli-Venezia Giulia,030,Udine,UD,2,Nord-est,H200,ITH,ITH4,ITH42,030089,12.979,46.442435,12.855882,425,32.75
030090,Reana del Rojale,06,Friuli-Venezia Giulia,030,Udine,UD,2,Nord-est,H206,ITH,ITH4,ITH42,030090,20.078,46.15397,13.24744,4723,235.23
030091,Remanzacco,06,Friuli-Venezia Giulia,030,Udine,UD,2,Nord-est,H229,ITH,ITH4,ITH42,030091,30.623,46.08281,13.315195,5904,192.8
030092,Resia,06,Friuli-Venezia Giulia,030,Udine,UD,2,Nord-est,H242,ITH,ITH4,ITH42,030092,119.138,46.348332,13.336012,904,7.59
030093,Resiutta,06,Friuli-Venezia Giulia,030,Udine,UD,2,Nord-est,H244,ITH,ITH4,ITH42,030093,20.356,46.373763,13.216776,266,13.07
030094,Rigolato,06,Friuli-Venezia Giulia,030,Udine,UD,2,Nord-est,H289,ITH,ITH4,ITH42,030094,30.708,46.556793,12.830183,354,11.53
030095,Rive d'Arcano,06,Friuli-Venezia Giulia,030,Udine,UD,2,Nord-est,H347,ITH,ITH4,ITH42,030095,22.46,46.127154,13.02655,2400,106.86
030188,Rivignano Teor,06,Friuli-Venezia Giulia,030,Udine,UD,2,Nord-est,M317,ITH,ITH4,ITH42,030188,47.132,45.862711,13.053984,6309,133.86
030097,Ronchis,06,Friuli-Venezia Giulia,030,Udine,UD,2,Nord-est,H533,ITH,ITH4,ITH42,030097,18.503,45.823139,13.001631,1939,104.79
030098,Ruda,06,Friuli-Venezia Giulia,030,Udine,UD,2,Nord-est,H629,ITH,ITH4,ITH42,030098,19.456,45.833281,13.402826,2802,144.02
030099,San Daniele del Friuli,06,Friuli-Venezia Giulia,030,Udine,UD,2,Nord-est,H816,ITH,ITH4,ITH42,030099,34.101,46.16836,13.022158,7909,231.93
030100,San Giorgio di Nogaro,06,Friuli-Venezia Giulia,030,Udine,UD,2,Nord-est,H895,ITH,ITH4,ITH42,030100,26.534,45.799534,13.219508,7285,274.55
030101,San Giovanni al Natisone,06,Friuli-Venezia Giulia,030,Udine,UD,2,Nord-est,H906,ITH,ITH4,ITH42,030101,24.418,45.966619,13.41044,5995,245.52
030102,San Leonardo,06,Friuli-Venezia Giulia,030,Udine,UD,2,Nord-est,H951,ITH,ITH4,ITH42,030102,26.667,46.128174,13.538607,1021,38.29
030103,San Pietro al Natisone,06,Friuli-Venezia Giulia,030,Udine,UD,2,Nord-est,I092,ITH,ITH4,ITH42,030103,23.822,46.136512,13.494242,2069,86.85
030105,San Vito al Torre,06,Friuli-Venezia Giulia,030,Udine,UD,2,Nord-est,I404,ITH,ITH4,ITH42,030105,11.949,45.900003,13.379778,1223,102.35
030106,San Vito di Fagagna,06,Friuli-Venezia Giulia,030,Udine,UD,2,Nord-est,I405,ITH,ITH4,ITH42,030106,8.492,46.083053,13.054728,1668,196.42
030104,Santa Maria la Longa,06,Friuli-Venezia Giulia,030,Udine,UD,2,Nord-est,I248,ITH,ITH4,ITH42,030104,19.551,45.946039,13.283722,2303,117.79
030189,Sappada,06,Friuli-Venezia Giulia,030,Udine,UD,2,Nord-est,I421,ITH,ITH4,ITH42,030189,62.328,46.571271,12.686332,1301,20.87
030107,Sauris,06,Friuli-Venezia Giulia,030,Udine,UD,2,Nord-est,I464,ITH,ITH4,ITH42,030107,41.293,46.466122,12.712677,375,9.08
030108,Savogna,06,Friuli-Venezia Giulia,030,Udine,UD,2,Nord-est,I478,ITH,ITH4,ITH42,030108,22.422,46.179997,13.552411,349,15.57
030109,Sedegliano,06,Friuli-Venezia Giulia,030,Udine,UD,2,Nord-est,I562,ITH,ITH4,ITH42,030109,50.508,46.017493,12.966202,3695,73.16
030110,Socchieve,06,Friuli-Venezia Giulia,030,Udine,UD,2,Nord-est,I777,ITH,ITH4,ITH42,030110,66.615,46.402462,12.826242,846,12.7
030111,Stregna,06,Friuli-Venezia Giulia,030,Udine,UD,2,Nord-est,I974,ITH,ITH4,ITH42,030111,19.803,46.130456,13.601665,289,14.59
030112,Sutrio,06,Friuli-Venezia Giulia,030,Udine,UD,2,Nord-est,L018,ITH,ITH4,ITH42,030112,20.521,46.501095,12.96435,1191,58.04
030113,Taipana,06,Friuli-Venezia Giulia,030,Udine,UD,2,Nord-est,G736,ITH,ITH4,ITH42,030113,65.448,46.258206,13.346207,529,8.08
030114,Talmassons,06,Friuli-Venezia Giulia,030,Udine,UD,2,Nord-est,L039,ITH,ITH4,ITH42,030114,42.909,45.909012,13.119962,3821,89.05
030116,Tarcento,06,Friuli-Venezia Giulia,030,Udine,UD,2,Nord-est,L050,ITH,ITH4,ITH42,030116,35.337,46.223854,13.234138,8886,251.46
030117,Tarvisio,06,Friuli-Venezia Giulia,030,Udine,UD,2,Nord-est,L057,ITH,ITH4,ITH42,030117,207.698,46.462282,13.594908,3850,18.54
030118,Tavagnacco,06,Friuli-Venezia Giulia,030,Udine,UD,2,Nord-est,L065,ITH,ITH4,ITH42,030118,15.247,46.111872,13.226796,14583,956.45
030120,Terzo d'Aquileia,06,Friuli-Venezia Giulia,030,Udine,UD,2,Nord-est,L144,ITH,ITH4,ITH42,030120,28.159,45.78009,13.323758,2705,96.06
030121,Tolmezzo,06,Friuli-Venezia Giulia,030,Udine,UD,2,Nord-est,L195,ITH,ITH4,ITH42,030121,64.253,46.42593,13.033236,9638,150.0
030122,Torreano,06,Friuli-Venezia Giulia,030,Udine,UD,2,Nord-est,L246,ITH,ITH4,ITH42,030122,34.806,46.155265,13.429365,2043,58.7
030123,Torviscosa,06,Friuli-Venezia Giulia,030,Udine,UD,2,Nord-est,L309,ITH,ITH4,ITH42,030123,48.651,45.81591,13.270848,2572,52.87
030124,Trasaghis,06,Friuli-Venezia Giulia,030,Udine,UD,2,Nord-est,L335,ITH,ITH4,ITH42,030124,78.084,46.286927,13.028863,2060,26.38
030126,Treppo Grande,06,Friuli-Venezia Giulia,030,Udine,UD,2,Nord-est,L382,ITH,ITH4,ITH42,030126,11.204,46.189942,13.151439,1724,153.87
030191,Treppo Ligosullo,06,Friuli-Venezia Giulia,030,Udine,UD,2,Nord-est,M399,ITH,ITH4,ITH42,030191,35.584,46.543926,13.059743,654,18.38
030127,Tricesimo,06,Friuli-Venezia Giulia,030,Udine,UD,2,Nord-est,L421,ITH,ITH4,ITH42,030127,17.695,46.160429,13.200977,7605,429.78
030128,Trivignano Udinese,06,Friuli-Venezia Giulia,030,Udine,UD,2,Nord-est,L438,ITH,ITH4,ITH42,030128,18.641,45.937645,13.33843,1514,81.22
030129,Udine,06,Friuli-Venezia Giulia,030,Udine,UD,2,Nord-est,L483,ITH,ITH4,ITH42,030129,56.835,46.062798,13.238354,98501,1733.1
030130,Varmo,06,Friuli-Venezia Giulia,030,Udine,UD,2,Nord-est,L686,ITH,ITH4,ITH42,030130,34.5,45.872482,12.997804,2605,75.51
030131,Venzone,06,Friuli-Venezia Giulia,030,Udine,UD,2,Nord-est,L743,ITH,ITH4,ITH42,030131,54.278,46.351301,13.154631,1941,35.76
030132,Verzegnis,06,Friuli-Venezia Giulia,030,Udine,UD,2,Nord-est,L801,ITH,ITH4,ITH42,030132,39.207,46.369093,12.950537,834,21.27
030133,Villa Santina,06,Friuli-Venezia Giulia,030,Udine,UD,2,Nord-est,L909,ITH,ITH4,ITH42,030133,12.75,46.400231,12.934258,2153,168.86
030135,Visco,06,Friuli-Venezia Giulia,030,Udine,UD,2,Nord-est,M073,ITH,ITH4,ITH42,030135,3.51,45.897061,13.344848,838,238.75
030136,Zuglio,06,Friuli-Venezia Giulia,030,Udine,UD,2,Nord-est,M200,ITH,ITH4,ITH42,030136,18.288,46.46473,12.992437,535,29.25
060001,Acquafondata,12,Lazio,060,Frosinone,FR,3,Centro,A032,ITI,ITI4,ITI45,060001,25.591,41.545841,13.958401,253,9.89
060002,Acuto,12,Lazio,060,Frosinone,FR,3,Centro,A054,ITI,ITI4,ITI45,060002,13.254,41.794576,13.171623,1779,134.22
060003,Alatri,12,Lazio,060,Frosinone,FR,3,Centro,A123,ITI,ITI4,ITI45,060003,96.237,41.710039,13.344671,27436,285.09
060004,Alvito,12,Lazio,060,Frosinone,FR,3,Centro,A244,ITI,ITI4,ITI45,060004,51.433,41.711099,13.744717,2434,47.32
060005,Amaseno,12,Lazio,060,Frosinone,FR,3,Centro,A256,ITI,ITI4,ITI45,060005,77.672,41.455482,13.328651,4029,51.87
060006,Anagni,12,Lazio,060,Frosinone,FR,3,Centro,A269,ITI,ITI4,ITI45,060006,112.929,41.730255,13.159508,20630,182.68
060007,Aquino,12,Lazio,060,Frosinone,FR,3,Centro,A348,ITI,ITI4,ITI45,060007,19.412,41.476635,13.714236,4898,252.32
060008,Arce,12,Lazio,060,Frosinone,FR,3,Centro,A363,ITI,ITI4,ITI45,060008,39.296,41.563122,13.563392,5376,136.81
060009,Arnara,12,Lazio,060,Frosinone,FR,3,Centro,A421,ITI,ITI4,ITI45,060009,12.336,41.580187,13.382232,2136,173.15
060010,Arpino,12,Lazio,060,Frosinone,FR,3,Centro,A433,ITI,ITI4,ITI45,060010,55.909,41.649188,13.619168,6512,116.47
060011,Atina,12,Lazio,060,Frosinone,FR,3,Centro,A486,ITI,ITI4,ITI45,060011,30.048,41.620385,13.794975,4079,135.75
060012,Ausonia,12,Lazio,060,Frosinone,FR,3,Centro,A502,ITI,ITI4,ITI45,060012,19.466,41.342757,13.736017,2405,123.55
060013,Belmonte Castello,12,Lazio,060,Frosinone,FR,3,Centro,A763,ITI,ITI4,ITI45,060013,14.022,41.578993,13.811797,657,46.85
060014,Boville Ernica,12,Lazio,060,Frosinone,FR,3,Centro,A720,ITI,ITI4,ITI45,060014,28.278,41.639594,13.461688,8214,290.47
060015,Broccostella,12,Lazio,060,Frosinone,FR,3,Centro,B195,ITI,ITI4,ITI45,060015,11.952,41.703453,13.652939,2609,218.29
060016,Campoli Appennino,12,Lazio,060,Frosinone,FR,3,Centro,B543,ITI,ITI4,ITI45,060016,32.431,41.750842,13.709313,1596,49.21
060017,Casalattico,12,Lazio,060,Frosinone,FR,3,Centro,B862,ITI,ITI4,ITI45,060017,28.309,41.607138,13.726274,515,18.19
060018,Casalvieri,12,Lazio,060,Frosinone,FR,3,Centro,B919,ITI,ITI4,ITI45,060018,27.153,41.645112,13.717629,2385,87.84
060019,Cassino,12,Lazio,060,Frosinone,FR,3,Centro,C034,ITI,ITI4,ITI45,060019,83.457,41.480472,13.824772,34760,416.5
060020,Castelliri,12,Lazio,060,Frosinone,FR,3,Centro,C177,ITI,ITI4,ITI45,060020,15.225,41.686718,13.53326,3089,202.89
060021,Castelnuovo Parano,12,Lazio,060,Frosinone,FR,3,Centro,C223,ITI,ITI4,ITI45,060021,10.053,41.381108,13.747402,827,82.26
060023,Castro dei Volsci,12,Lazio,060,Frosinone,FR,3,Centro,C338,ITI,ITI4,ITI45,060023,57.976,41.502111,13.417702,4337,74.81
060022,Castrocielo,12,Lazio,060,Frosinone,FR,3,Centro,C340,ITI,ITI4,ITI45,060022,27.81,41.510679,13.697958,3727,134.02
060024,Ceccano,12,Lazio,060,Frosinone,FR,3,Centro,C413,ITI,ITI4,ITI45,060024,61.055,41.566769,13.329178,21962,359.71
060025,Ceprano,12,Lazio,060,Frosinone,FR,3,Centro,C479,ITI,ITI4,ITI45,060025,38.23,41.549526,13.495812,7940,207.69
060026,Cervaro,12,Lazio,060,Frosinone,FR,3,Centro,C545,ITI,ITI4,ITI45,060026,39.061,41.475213,13.89282,7708,197.33
060027,Colfelice,12,Lazio,060,Frosinone,FR,3,Centro,C836,ITI,ITI4,ITI45,060027,14.546,41.540573,13.596749,1747,120.1
060029,Colle San Magno,12,Lazio,060,Frosinone,FR,3,Centro,C870,ITI,ITI4,ITI45,060029,44.872,41.555809,13.713129,603,13.44
060028,Collepardo,12,Lazio,060,Frosinone,FR,3,Centro,C864,ITI,ITI4,ITI45,060028,24.789,41.771675,13.400049,855,34.49
060030,Coreno Ausonio,12,Lazio,060,Frosinone,FR,3,Centro,C998,ITI,ITI4,ITI45,060030,26.298,41.337602,13.789396,1464,55.67
060031,Esperia,12,Lazio,060,Frosinone,FR,3,Centro,D440,ITI,ITI4,ITI45,060031,107.832,41.372218,13.641714,3545,32.88
060032,Falvaterra,12,Lazio,060,Frosinone,FR,3,Centro,D483,ITI,ITI4,ITI45,060032,12.766,41.502273,13.52085,503,39.4
060033,Ferentino,12,Lazio,060,Frosinone,FR,3,Centro,D539,ITI,ITI4,ITI45,060033,80.882,41.681308,13.257117,19902,246.06
060034,Filettino,12,Lazio,060,Frosinone,FR,3,Centro,D591,ITI,ITI4,ITI45,060034,77.878,41.895511,13.328318,533,6.84
060035,Fiuggi,12,Lazio,060,Frosinone,FR,3,Centro,A310,ITI,ITI4,ITI45,060035,32.914,41.801752,13.217091,10180,309.29
060036,Fontana Liri,12,Lazio,060,Frosinone,FR,3,Centro,D667,ITI,ITI4,ITI45,060036,16.25,41.620171,13.572431,2589,159.32
060037,Fontechiari,12,Lazio,060,Frosinone,FR,3,Centro,D682,ITI,ITI4,ITI45,060037,15.934,41.672726,13.663667,1191,74.75
060038,Frosinone,12,Lazio,060,Frosinone,FR,3,Centro,D810,ITI,ITI4,ITI45,060038,46.491,41.633496,13.323604,42836,921.38
060039,Fumone,12,Lazio,060,Frosinone,FR,3,Centro,D819,ITI,ITI4,ITI45,060039,14.966,41.727642,13.277976,1929,128.89
060040,Gallinaro,12,Lazio,060,Frosinone,FR,3,Centro,D881,ITI,ITI4,ITI45,060040,17.503,41.663029,13.794716,1164,66.5
060041,Giuliano di Roma,12,Lazio,060,Frosinone,FR,3,Centro,E057,ITI,ITI4,ITI45,060041,33.093,41.549717,13.248716,2310,69.8
060042,Guarcino,12,Lazio,060,Frosinone,FR,3,Centro,E236,ITI,ITI4,ITI45,060042,40.192,41.80551,13.303291,1488,37.02
060043,Isola del Liri,12,Lazio,060,Frosinone,FR,3,Centro,E340,ITI,ITI4,ITI45,060043,16.074,41.687872,13.57661,10517,654.29
060044,Monte San Giovanni Campano,12,Lazio,060,Frosinone,FR,3,Centro,F620,ITI,ITI4,ITI45,060044,48.524,41.676184,13.510899,11794,243.05
060045,Morolo,12,Lazio,060,Frosinone,FR,3,Centro,F740,ITI,ITI4,ITI45,060045,26.438,41.6429,13.1932,3114,117.79
060046,Paliano,12,Lazio,060,Frosinone,FR,3,Centro,G276,ITI,ITI4,ITI45,060046,71.121,41.773939,13.045546,7852,110.4
060047,Pastena,12,Lazio,060,Frosinone,FR,3,Centro,G362,ITI,ITI4,ITI45,060047,42.217,41.469795,13.486569,1248,29.56
060048,Patrica,12,Lazio,060,Frosinone,FR,3,Centro,G374,ITI,ITI4,ITI45,060048,27.401,41.593781,13.259505,3049,111.27
060049,Pescosolido,12,Lazio,060,Frosinone,FR,3,Centro,G500,ITI,ITI4,ITI45,060049,44.552,41.768508,13.656357,1372,30.8
060050,Picinisco,12,Lazio,060,Frosinone,FR,3,Centro,G591,ITI,ITI4,ITI45,060050,62.084,41.659206,13.930585,1106,17.81
060051,Pico,12,Lazio,060,Frosinone,FR,3,Centro,G592,ITI,ITI4,ITI45,060051,32.795,41.444532,13.555328,2554,77.88
060052,Piedimonte San Germano,12,Lazio,060,Frosinone,FR,3,Centro,G598,ITI,ITI4,ITI45,060052,16.987,41.482024,13.753862,6326,372.4
060053,Piglio,12,Lazio,060,Frosinone,FR,3,Centro,G659,ITI,ITI4,ITI45,060053,35.155,41.816152,13.140866,4248,120.84
060054,Pignataro Interamna,12,Lazio,060,Frosinone,FR,3,Centro,G662,ITI,ITI4,ITI45,060054,24.341,41.434502,13.769149,2374,97.53
060055,Pofi,12,Lazio,060,Frosinone,FR,3,Centro,G749,ITI,ITI4,ITI45,060055,30.531,41.560675,13.420001,3847,126.0
060056,Pontecorvo,12,Lazio,060,Frosinone,FR,3,Centro,G838,ITI,ITI4,ITI45,060056,88.675,41.449309,13.658779,12067,136.08
060057,Posta Fibreno,12,Lazio,060,Frosinone,FR,3,Centro,G935,ITI,ITI4,ITI45,060057,9.734,41.699389,13.694488,1035,106.33
060058,Ripi,12,Lazio,060,Frosinone,FR,3,Centro,H324,ITI,ITI4,ITI45,060058,31.997,41.595429,13.438299,4991,155.98
060059,Rocca d'Arce,12,Lazio,060,Frosinone,FR,3,Centro,H393,ITI,ITI4,ITI45,060059,11.467,41.586939,13.5998,835,72.82
060060,Roccasecca,12,Lazio,060,Frosinone,FR,3,Centro,H443,ITI,ITI4,ITI45,060060,43.024,41.538722,13.647743,6671,155.05
060061,San Biagio Saracinisco,12,Lazio,060,Frosinone,FR,3,Centro,H779,ITI,ITI4,ITI45,060061,31.011,41.626243,13.950184,289,9.32
060062,San Donato Val di Comino,12,Lazio,060,Frosinone,FR,3,Centro,H824,ITI,ITI4,ITI45,060062,37.328,41.715081,13.809013,1852,49.61
060063,San Giorgio a Liri,12,Lazio,060,Frosinone,FR,3,Centro,H880,ITI,ITI4,ITI45,060063,15.777,41.399687,13.763236,2927,185.52
060064,San Giovanni Incarico,12,Lazio,060,Frosinone,FR,3,Centro,H917,ITI,ITI4,ITI45,060064,24.321,41.500939,13.561201,2966,121.95
060070,San Vittore del Lazio,12,Lazio,060,Frosinone,FR,3,Centro,I408,ITI,ITI4,ITI45,060070,27.491,41.467096,13.948152,2339,85.08
060065,Sant'Ambrogio sul Garigliano,12,Lazio,060,Frosinone,FR,3,Centro,I256,ITI,ITI4,ITI45,060065,8.85,41.392337,13.861841,865,97.74
060066,Sant'Andrea del Garigliano,12,Lazio,060,Frosinone,FR,3,Centro,I265,ITI,ITI4,ITI45,060066,17.09,41.355845,13.850094,1263,73.9
060067,Sant'Apollinare,12,Lazio,060,Frosinone,FR,3,Centro,I302,ITI,ITI4,ITI45,060067,17.646,41.399257,13.824662,1765,100.02
060068,Sant'Elia Fiumerapido,12,Lazio,060,Frosinone,FR,3,Centro,I321,ITI,ITI4,ITI45,060068,40.978,41.559644,13.856252,5549,135.41
060069,Santopadre,12,Lazio,060,Frosinone,FR,3,Centro,I351,ITI,ITI4,ITI45,060069,21.689,41.596445,13.639482,1175,54.17
060071,Serrone,12,Lazio,060,Frosinone,FR,3,Centro,I669,ITI,ITI4,ITI45,060071,15.434,41.836816,13.091448,2935,190.16
060072,Settefrati,12,Lazio,060,Frosinone,FR,3,Centro,I697,ITI,ITI4,ITI45,060072,50.707,41.689127,13.869937,700,13.8
060073,Sgurgola,12,Lazio,060,Frosinone,FR,3,Centro,I716,ITI,ITI4,ITI45,060073,19.301,41.671122,13.149767,2380,123.31
060074,Sora,12,Lazio,060,Frosinone,FR,3,Centro,I838,ITI,ITI4,ITI45,060074,72.086,41.735002,13.572811,24672,342.26
060075,Strangolagalli,12,Lazio,060,Frosinone,FR,3,Centro,I973,ITI,ITI4,ITI45,060075,10.24,41.593478,13.497465,2253,220.02
060076,Supino,12,Lazio,060,Frosinone,FR,3,Centro,L009,ITI,ITI4,ITI45,060076,35.614,41.611368,13.206577,4557,127.96
060077,Terelle,12,Lazio,060,Frosinone,FR,3,Centro,L105,ITI,ITI4,ITI45,060077,31.407,41.554793,13.789777,263,8.37
060078,Torre Cajetani,12,Lazio,060,Frosinone,FR,3,Centro,L243,ITI,ITI4,ITI45,060078,11.983,41.785166,13.264387,1317,109.91
060079,Torrice,12,Lazio,060,Frosinone,FR,3,Centro,L290,ITI,ITI4,ITI45,060079,17.983,41.629071,13.400568,4648,258.47
060080,Trevi nel Lazio,12,Lazio,060,Frosinone,FR,3,Centro,L398,ITI,ITI4,ITI45,060080,54.037,41.880688,13.25053,1699,31.44
060081,Trivigliano,12,Lazio,060,Frosinone,FR,3,Centro,L437,ITI,ITI4,ITI45,060081,12.713,41.764049,13.26643,1594,125.38
060082,Vallecorsa,12,Lazio,060,Frosinone,FR,3,Centro,L598,ITI,ITI4,ITI45,060082,39.481,41.435161,13.411828,2323,58.84
060083,Vallemaio,12,Lazio,060,Frosinone,FR,3,Centro,L605,ITI,ITI4,ITI45,060083,18.53,41.36529,13.806279,881,47.54
060084,Vallerotonda,12,Lazio,060,Frosinone,FR,3,Centro,L614,ITI,ITI4,ITI45,060084,58.853,41.573716,13.938877,1365,23.19
060085,Veroli,12,Lazio,060,Frosinone,FR,3,Centro,L780,ITI,ITI4,ITI45,060085,119.085,41.72031,13.446569,19402,162.93
060086,Vicalvi,12,Lazio,060,Frosinone,FR,3,Centro,L836,ITI,ITI4,ITI45,060086,8.372,41.679164,13.705024,694,82.9
060087,Vico nel Lazio,12,Lazio,060,Frosinone,FR,3,Centro,L843,ITI,ITI4,ITI45,060087,45.762,41.797427,13.359547,2050,44.8
060088,Villa Latina,12,Lazio,060,Frosinone,FR,3,Centro,A081,ITI,ITI4,ITI45,060088,16.999,41.609045,13.856242,1129,66.42
060089,Villa Santa Lucia,12,Lazio,060,Frosinone,FR,3,Centro,L905,ITI,ITI4,ITI45,060089,17.631,41.485395,13.776665,2436,138.17
060090,Villa Santo Stefano,12,Lazio,060,Frosinone,FR,3,Centro,I364,ITI,ITI4,ITI45,060090,20.105,41.509586,13.320341,1564,77.79
060091,Viticuso,12,Lazio,060,Frosinone,FR,3,Centro,M083,ITI,ITI4,ITI45,060091,20.681,41.521677,13.986251,282,13.64
059001,Aprilia,12,Lazio,059,Latina,LT,3,Centro,A341,ITI,ITI4,ITI44,059001,178.072,41.585685,12.643043,74697,419.48
059002,Bassiano,12,Lazio,059,Latina,LT,3,Centro,A707,ITI,ITI4,ITI44,059002,32.082,41.545995,13.04129,1432,44.64
059003,Campodimele,12,Lazio,059,Latina,LT,3,Centro,B527,ITI,ITI4,ITI44,059003,38.165,41.3862,13.540502,545,14.28
059004,Castelforte,12,Lazio,059,Latina,LT,3,Centro,C104,ITI,ITI4,ITI44,059004,29.675,41.305665,13.855108,4010,135.13
059005,Cisterna di Latina,12,Lazio,059,Latina,LT,3,Centro,C740,ITI,ITI4,ITI44,059005,143.636,41.571143,12.839158,36255,252.41
059006,Cori,12,Lazio,059,Latina,LT,3,Centro,D003,ITI,ITI4,ITI44,059006,85.154,41.656437,12.913552,10465,122.89
059007,Fondi,12,Lazio,059,Latina,LT,3,Centro,D662,ITI,ITI4,ITI44,059007,144.16,41.336983,13.432511,40310,279.62
059008,Formia,12,Lazio,059,Latina,LT,3,Centro,D708,ITI,ITI4,ITI44,059008,74.036,41.286979,13.638371,36775,496.72
059009,Gaeta,12,Lazio,059,Latina,LT,3,Centro,D843,ITI,ITI4,ITI44,059009,29.176,41.235287,13.528777,18908,648.07
059010,Itri,12,Lazio,059,Latina,LT,3,Centro,E375,ITI,ITI4,ITI44,059010,100.937,41.302745,13.525702,10579,104.81
059011,Latina,12,Lazio,059,Latina,LT,3,Centro,E472,ITI,ITI4,ITI44,059011,277.514,41.472306,12.91426,127450,459.26
059012,Lenola,12,Lazio,059,Latina,LT,3,Centro,E527,ITI,ITI4,ITI44,059012,44.998,41.417866,13.467863,4095,91.0
059013,Maenza,12,Lazio,059,Latina,LT,3,Centro,E798,ITI,ITI4,ITI44,059013,42.002,41.546493,13.174938,2956,70.38
059014,Minturno,12,Lazio,059,Latina,LT,3,Centro,F224,ITI,ITI4,ITI44,059014,42.254,41.267585,13.738888,20400,482.79
059015,Monte San Biagio,12,Lazio,059,Latina,LT,3,Centro,F616,ITI,ITI4,ITI44,059015,65.277,41.366127,13.315569,6028,92.34
059016,Norma,12,Lazio,059,Latina,LT,3,Centro,F937,ITI,ITI4,ITI44,059016,30.941,41.605681,12.976576,3723,120.33
059017,Pontinia,12,Lazio,059,Latina,LT,3,Centro,G865,ITI,ITI4,ITI44,059017,111.685,41.394638,13.120712,15084,135.06
059018,Ponza,12,Lazio,059,Latina,LT,3,Centro,G871,ITI,ITI4,ITI44,059018,10.436,40.968865,13.054283,3295,315.73
059019,Priverno,12,Lazio,059,Latina,LT,3,Centro,G698,ITI,ITI4,ITI44,059019,56.907,41.469845,13.153008,13694,240.64
059020,Prossedi,12,Lazio,059,Latina,LT,3,Centro,H076,ITI,ITI4,ITI44,059020,35.256,41.494705,13.255653,1112,31.54
059022,Rocca Massima,12,Lazio,059,Latina,LT,3,Centro,H421,ITI,ITI4,ITI44,059022,18.328,41.692494,12.922646,1127,61.49
059021,Roccagorga,12,Lazio,059,Latina,LT,3,Centro,H413,ITI,ITI4,ITI44,059021,24.527,41.526506,13.13204,4087,166.63
059023,Roccasecca dei Volsci,12,Lazio,059,Latina,LT,3,Centro,H444,ITI,ITI4,ITI44,059023,23.412,41.46276,13.224377,1060,45.28
059024,Sabaudia,12,Lazio,059,Latina,LT,3,Centro,H647,ITI,ITI4,ITI44,059024,145.49,41.332633,13.048237,19326,132.83
059025,San Felice Circeo,12,Lazio,059,Latina,LT,3,Centro,H836,ITI,ITI4,ITI44,059025,32.667,41.253515,13.096956,10089,308.84
059026,Santi Cosma e Damiano,12,Lazio,059,Latina,LT,3,Centro,I339,ITI,ITI4,ITI44,059026,31.615,41.281486,13.804347,6878,217.55
059027,Sermoneta,12,Lazio,059,Latina,LT,3,Centro,I634,ITI,ITI4,ITI44,059027,44.937,41.531923,12.98107,9951,221.44
059028,Sezze,12,Lazio,059,Latina,LT,3,Centro,I712,ITI,ITI4,ITI44,059028,100.324,41.49459,13.044148,23766,236.89
059029,Sonnino,12,Lazio,059,Latina,LT,3,Centro,I832,ITI,ITI4,ITI44,059029,63.968,41.402097,13.244714,7465,116.7
059030,Sperlonga,12,Lazio,059,Latina,LT,3,Centro,I892,ITI,ITI4,ITI44,059030,18.398,41.263481,13.444671,2990,162.52
059031,Spigno Saturnia,12,Lazio,059,Latina,LT,3,Centro,I902,ITI,ITI4,ITI44,059031,38.655,41.318332,13.701153,2845,73.6
059032,Terracina,12,Lazio,059,Latina,LT,3,Centro,L120,ITI,ITI4,ITI44,059032,136.419,41.31605,13.203011,45055,330.27
059033,Ventotene,12,Lazio,059,Latina,LT,3,Centro,L742,ITI,ITI4,ITI44,059033,2.019,40.794459,13.42693,678,335.81
057001,Accumoli,12,Lazio,057,Rieti,RI,3,Centro,A019,ITI,ITI4,ITI42,057001,86.912,42.693499,13.236249,493,5.67
057002,Amatrice,12,Lazio,057,Rieti,RI,3,Centro,A258,ITI,ITI4,ITI42,057002,174.473,42.634502,13.289211,2146,12.3
057003,Antrodoco,12,Lazio,057,Rieti,RI,3,Centro,A315,ITI,ITI4,ITI42,057003,63.682,42.402495,13.134244,2238,35.14
057004,Ascrea,12,Lazio,057,Rieti,RI,3,Centro,A464,ITI,ITI4,ITI42,057004,13.939,42.246008,12.957067,195,13.99
057005,Belmonte in Sabina,12,Lazio,057,Rieti,RI,3,Centro,A765,ITI,ITI4,ITI42,057005,23.55,42.332075,12.87573,653,27.73
057006,Borbona,12,Lazio,057,Rieti,RI,3,Centro,A981,ITI,ITI4,ITI42,057006,47.782,42.491112,13.141289,573,11.99
057008,Borgo Velino,12,Lazio,057,Rieti,RI,3,Centro,A996,ITI,ITI4,ITI42,057008,17.998,42.402813,13.065434,901,50.06
057007,Borgorose,12,Lazio,057,Rieti,RI,3,Centro,B008,ITI,ITI4,ITI42,057007,144.993,42.198931,13.26595,4210,29.04
057009,Cantalice,12,Lazio,057,Rieti,RI,3,Centro,B627,ITI,ITI4,ITI42,057009,37.508,42.480915,12.928758,2386,63.61
057010,Cantalupo in Sabina,12,Lazio,057,Rieti,RI,3,Centro,B631,ITI,ITI4,ITI42,057010,10.366,42.307498,12.645802,1657,159.85
057011,Casaprota,12,Lazio,057,Rieti,RI,3,Centro,B934,ITI,ITI4,ITI42,057011,14.477,42.249844,12.810174,678,46.83
057012,Casperia,12,Lazio,057,Rieti,RI,3,Centro,A472,ITI,ITI4,ITI42,057012,25.302,42.341331,12.680406,1215,48.02
057015,Castel Sant'Angelo,12,Lazio,057,Rieti,RI,3,Centro,C268,ITI,ITI4,ITI42,057015,31.659,42.406321,13.015877,1156,36.51
057013,Castel di Tora,12,Lazio,057,Rieti,RI,3,Centro,C098,ITI,ITI4,ITI42,057013,15.143,42.206285,12.965343,271,17.9
057014,Castelnuovo di Farfa,12,Lazio,057,Rieti,RI,3,Centro,C224,ITI,ITI4,ITI42,057014,9.032,42.231694,12.728315,987,109.28
057016,Cittaducale,12,Lazio,057,Rieti,RI,3,Centro,C746,ITI,ITI4,ITI42,057016,70.81,42.39333,12.941682,6400,90.38
057017,Cittareale,12,Lazio,057,Rieti,RI,3,Centro,C749,ITI,ITI4,ITI42,057017,59.359,42.598721,13.150438,374,6.3
057018,Collalto Sabino,12,Lazio,057,Rieti,RI,3,Centro,C841,ITI,ITI4,ITI42,057018,22.723,42.158454,13.041261,369,16.24
057019,Colle di Tora,12,Lazio,057,Rieti,RI,3,Centro,C857,ITI,ITI4,ITI42,057019,14.542,42.199337,12.934188,348,23.93
057020,Collegiove,12,Lazio,057,Rieti,RI,3,Centro,C859,ITI,ITI4,ITI42,057020,10.321,42.170325,13.035489,133,12.89
057021,Collevecchio,12,Lazio,057,Rieti,RI,3,Centro,C876,ITI,ITI4,ITI42,057021,26.515,42.326385,12.536391,1575,59.4
057022,Colli sul Velino,12,Lazio,057,Rieti,RI,3,Centro,C880,ITI,ITI4,ITI42,057022,12.425,42.496655,12.781199,465,37.42
057023,Concerviano,12,Lazio,057,Rieti,RI,3,Centro,C946,ITI,ITI4,ITI42,057023,21.176,42.346757,12.933467,282,13.32
057024,Configni,12,Lazio,057,Rieti,RI,3,Centro,C959,ITI,ITI4,ITI42,057024,22.881,42.43396,12.637216,556,24.3
057025,Contigliano,12,Lazio,057,Rieti,RI,3,Centro,C969,ITI,ITI4,ITI42,057025,53.138,42.42683,12.760351,3657,68.82
057026,Cottanello,12,Lazio,057,Rieti,RI,3,Centro,D124,ITI,ITI4,ITI42,057026,37.068,42.421337,12.691332,517,13.95
057027,Fara in Sabina,12,Lazio,057,Rieti,RI,3,Centro,D493,ITI,ITI4,ITI42,057027,54.484,42.188843,12.701161,13968,256.37
057028,Fiamignano,12,Lazio,057,Rieti,RI,3,Centro,D560,ITI,ITI4,ITI42,057028,100.344,42.295962,13.178141,1151,11.47
057029,Forano,12,Lazio,057,Rieti,RI,3,Centro,D689,ITI,ITI4,ITI42,057029,17.625,42.285536,12.612104,3230,183.26
057030,Frasso Sabino,12,Lazio,057,Rieti,RI,3,Centro,D785,ITI,ITI4,ITI42,057030,4.32,42.220247,12.817514,733,169.68
057031,Greccio,12,Lazio,057,Rieti,RI,3,Centro,E160,ITI,ITI4,ITI42,057031,17.98,42.449541,12.75553,1448,80.53
057032,Labro,12,Lazio,057,Rieti,RI,3,Centro,E393,ITI,ITI4,ITI42,057032,11.924,42.518867,12.799664,342,28.68
057033,Leonessa,12,Lazio,057,Rieti,RI,3,Centro,E535,ITI,ITI4,ITI42,057033,203.663,42.557397,12.990935,2019,9.91
057034,Longone Sabino,12,Lazio,057,Rieti,RI,3,Centro,E681,ITI,ITI4,ITI42,057034,34.074,42.320474,12.937859,510,14.97
057035,Magliano Sabina,12,Lazio,057,Rieti,RI,3,Centro,E812,ITI,ITI4,ITI42,057035,43.028,42.349682,12.499158,3457,80.34
057036,Marcetelli,12,Lazio,057,Rieti,RI,3,Centro,E927,ITI,ITI4,ITI42,057036,11.027,42.220733,13.040213,53,4.81
057037,Micigliano,12,Lazio,057,Rieti,RI,3,Centro,F193,ITI,ITI4,ITI42,057037,36.814,42.451298,13.046606,119,3.23
057038,Mompeo,12,Lazio,057,Rieti,RI,3,Centro,F319,ITI,ITI4,ITI42,057038,10.663,42.263159,12.779737,504,47.27
057039,Montasola,12,Lazio,057,Rieti,RI,3,Centro,F430,ITI,ITI4,ITI42,057039,12.83,42.378006,12.687671,398,31.02
057043,Monte San Giovanni in Sabina,12,Lazio,057,Rieti,RI,3,Centro,F619,ITI,ITI4,ITI42,057043,30.728,42.312286,12.768196,664,21.61
057040,Montebuono,12,Lazio,057,Rieti,RI,3,Centro,F446,ITI,ITI4,ITI42,057040,19.985,42.377123,12.577053,844,42.23
057041,Monteleone Sabino,12,Lazio,057,Rieti,RI,3,Centro,F541,ITI,ITI4,ITI42,057041,18.952,42.225215,12.867945,1128,59.52
057042,Montenero Sabino,12,Lazio,057,Rieti,RI,3,Centro,F579,ITI,ITI4,ITI42,057042,22.662,42.286664,12.811353,268,11.83
057044,Montopoli di Sabina,12,Lazio,057,Rieti,RI,3,Centro,F687,ITI,ITI4,ITI42,057044,38.285,42.227205,12.667161,4109,107.33
057045,Morro Reatino,12,Lazio,057,Rieti,RI,3,Centro,F746,ITI,ITI4,ITI42,057045,15.652,42.527149,12.836299,334,21.34
057046,Nespolo,12,Lazio,057,Rieti,RI,3,Centro,F876,ITI,ITI4,ITI42,057046,8.629,42.155174,13.07204,207,23.99
057047,Orvinio,12,Lazio,057,Rieti,RI,3,Centro,B595,ITI,ITI4,ITI42,057047,24.66,42.123856,12.942187,379,15.37
057048,Paganico Sabino,12,Lazio,057,Rieti,RI,3,Centro,G232,ITI,ITI4,ITI42,057048,9.427,42.17898,13.003721,155,16.44
057049,Pescorocchiano,12,Lazio,057,Rieti,RI,3,Centro,G498,ITI,ITI4,ITI42,057049,94.662,42.217746,13.126884,1797,18.98
057050,Petrella Salto,12,Lazio,057,Rieti,RI,3,Centro,G513,ITI,ITI4,ITI42,057050,102.928,42.297818,13.062716,1014,9.85
057051,Poggio Bustone,12,Lazio,057,Rieti,RI,3,Centro,G756,ITI,ITI4,ITI42,057051,22.289,42.503594,12.895023,1957,87.8
057052,Poggio Catino,12,Lazio,057,Rieti,RI,3,Centro,G757,ITI,ITI4,ITI42,057052,14.89,42.290675,12.685467,1303,87.51
057053,Poggio Mirteto,12,Lazio,057,Rieti,RI,3,Centro,G763,ITI,ITI4,ITI42,057053,25.888,42.267626,12.662763,6081,234.9
057054,Poggio Moiano,12,Lazio,057,Rieti,RI,3,Centro,G764,ITI,ITI4,ITI42,057054,26.666,42.199084,12.882699,2795,104.82
057055,Poggio Nativo,12,Lazio,057,Rieti,RI,3,Centro,G765,ITI,ITI4,ITI42,057055,16.291,42.210545,12.794113,2582,158.49
057056,Poggio San Lorenzo,12,Lazio,057,Rieti,RI,3,Centro,G770,ITI,ITI4,ITI42,057056,8.928,42.252333,12.846335,563,63.06
057057,Posta,12,Lazio,057,Rieti,RI,3,Centro,G934,ITI,ITI4,ITI42,057057,65.887,42.522203,13.076907,518,7.86
057058,Pozzaglia Sabina,12,Lazio,057,Rieti,RI,3,Centro,G951,ITI,ITI4,ITI42,057058,24.843,42.153993,12.970048,303,12.2
057059,Rieti,12,Lazio,057,Rieti,RI,3,Centro,H282,ITI,ITI4,ITI42,057059,206.165,42.394378,12.845519,44866,217.62
057060,Rivodutri,12,Lazio,057,Rieti,RI,3,Centro,H354,ITI,ITI4,ITI42,057060,26.978,42.517646,12.856549,1121,41.55
057062,Rocca Sinibalda,12,Lazio,057,Rieti,RI,3,Centro,H446,ITI,ITI4,ITI42,057062,49.75,42.271046,12.912163,801,16.1
057061,Roccantica,12,Lazio,057,Rieti,RI,3,Centro,H427,ITI,ITI4,ITI42,057061,16.726,42.318414,12.696422,542,32.4
057063,Salisano,12,Lazio,057,Rieti,RI,3,Centro,H713,ITI,ITI4,ITI42,057063,17.929,42.269907,12.749373,462,25.77
057064,Scandriglia,12,Lazio,057,Rieti,RI,3,Centro,I499,ITI,ITI4,ITI42,057064,63.358,42.153026,12.860908,3347,52.83
057065,Selci,12,Lazio,057,Rieti,RI,3,Centro,I581,ITI,ITI4,ITI42,057065,7.851,42.313543,12.616669,1117,142.27
057066,Stimigliano,12,Lazio,057,Rieti,RI,3,Centro,I959,ITI,ITI4,ITI42,057066,11.709,42.290972,12.568928,2205,188.32
057067,Tarano,12,Lazio,057,Rieti,RI,3,Centro,L046,ITI,ITI4,ITI42,057067,19.813,42.334622,12.585325,1369,69.1
057068,Toffia,12,Lazio,057,Rieti,RI,3,Centro,L189,ITI,ITI4,ITI42,057068,11.349,42.203634,12.760748,1050,92.52
057070,Torri in Sabina,12,Lazio,057,Rieti,RI,3,Centro,L286,ITI,ITI4,ITI42,057070,26.222,42.364874,12.637812,1209,46.11
057069,Torricella in Sabina,12,Lazio,057,Rieti,RI,3,Centro,L293,ITI,ITI4,ITI42,057069,25.748,42.276869,12.862131,1283,49.83
057071,Turania,12,Lazio,057,Rieti,RI,3,Centro,G507,ITI,ITI4,ITI42,057071,8.353,42.131037,13.008746,233,27.89
057072,Vacone,12,Lazio,057,Rieti,RI,3,Centro,L525,ITI,ITI4,ITI42,057072,9.069,42.391974,12.644971,214,23.6
057073,Varco Sabino,12,Lazio,057,Rieti,RI,3,Centro,L676,ITI,ITI4,ITI42,057073,24.759,42.242073,13.037418,148,5.98
058001,Affile,12,Lazio,058,Roma,RM,3,Centro,A062,ITI,ITI4,ITI43,058001,14.968,41.890901,13.084838,1403,93.73
058002,Agosta,12,Lazio,058,Roma,RM,3,Centro,A084,ITI,ITI4,ITI43,058002,9.658,41.97397,13.038647,1679,173.85
058003,Albano Laziale,12,Lazio,058,Roma,RM,3,Centro,A132,ITI,ITI4,ITI43,058003,23.317,41.7149,12.611167,39706,1702.88
058004,Allumiere,12,Lazio,058,Roma,RM,3,Centro,A210,ITI,ITI4,ITI43,058004,92.093,42.148095,11.870931,3772,40.96
058005,Anguillara Sabazia,12,Lazio,058,Roma,RM,3,Centro,A297,ITI,ITI4,ITI43,058005,74.978,42.074603,12.268594,19037,253.9
058006,Anticoli Corrado,12,Lazio,058,Roma,RM,3,Centro,A309,ITI,ITI4,ITI43,058006,15.928,42.008122,12.987683,841,52.8
058007,Anzio,12,Lazio,058,Roma,RM,3,Centro,A323,ITI,ITI4,ITI43,058007,43.951,41.494719,12.614148,60063,1366.59
058008,Arcinazzo Romano,12,Lazio,058,Roma,RM,3,Centro,A370,ITI,ITI4,ITI43,058008,28.277,41.869691,13.134923,1245,44.03
058117,Ardea,12,Lazio,058,Roma,RM,3,Centro,M213,ITI,ITI4,ITI43,058117,71.994,41.614261,12.522929,51374,713.59
058009,Ariccia,12,Lazio,058,Roma,RM,3,Centro,A401,ITI,ITI4,ITI43,058009,18.653,41.699542,12.665662,17938,961.67
058010,Arsoli,12,Lazio,058,Roma,RM,3,Centro,A446,ITI,ITI4,ITI43,058010,12.148,42.027191,13.030333,1347,110.88
058011,Artena,12,Lazio,058,Roma,RM,3,Centro,A449,ITI,ITI4,ITI43,058011,54.646,41.730158,12.905678,13676,250.27
058012,Bellegra,12,Lazio,058,Roma,RM,3,Centro,A749,ITI,ITI4,ITI43,058012,18.369,41.889741,13.025869,2578,140.35
058013,Bracciano,12,Lazio,058,Roma,RM,3,Centro,B114,ITI,ITI4,ITI43,058013,142.566,42.102529,12.176839,18349,128.71
058014,Camerata Nuova,12,Lazio,058,Roma,RM,3,Centro,B472,ITI,ITI4,ITI43,058014,40.373,41.991789,13.148446,403,9.98
058015,Campagnano di Roma,12,Lazio,058,Roma,RM,3,Centro,B496,ITI,ITI4,ITI43,058015,46.897,42.132212,12.371377,10987,234.28
058016,Canale Monterano,12,Lazio,058,Roma,RM,3,Centro,B576,ITI,ITI4,ITI43,058016,36.856,42.12861,12.066882,4164,112.98
058017,Canterano,12,Lazio,058,Roma,RM,3,Centro,B635,ITI,ITI4,ITI43,058017,7.437,41.940704,13.040758,343,46.12
058018,Capena,12,Lazio,058,Roma,RM,3,Centro,B649,ITI,ITI4,ITI43,058018,29.501,42.133388,12.55118,11071,375.28
058019,Capranica Prenestina,12,Lazio,058,Roma,RM,3,Centro,B687,ITI,ITI4,ITI43,058019,20.3,41.891263,12.940214,310,15.27
058020,Carpineto Romano,12,Lazio,058,Roma,RM,3,Centro,B828,ITI,ITI4,ITI43,058020,85.791,41.601919,13.093087,3911,45.59
058021,Casape,12,Lazio,058,Roma,RM,3,Centro,B932,ITI,ITI4,ITI43,058021,5.334,41.910968,12.894367,610,114.36
058022,Castel Gandolfo,12,Lazio,058,Roma,RM,3,Centro,C116,ITI,ITI4,ITI43,058022,14.016,41.743569,12.669072,8536,609.02
058023,Castel Madama,12,Lazio,058,Roma,RM,3,Centro,C203,ITI,ITI4,ITI43,058023,28.994,41.965177,12.872619,7022,242.19
058025,Castel San Pietro Romano,12,Lazio,058,Roma,RM,3,Centro,C266,ITI,ITI4,ITI43,058025,15.1,41.856366,12.906174,838,55.5
058024,Castelnuovo di Porto,12,Lazio,058,Roma,RM,3,Centro,C237,ITI,ITI4,ITI43,058024,30.43,42.107595,12.487592,8610,282.94
058026,Cave,12,Lazio,058,Roma,RM,3,Centro,C390,ITI,ITI4,ITI43,058026,18.241,41.811674,12.927603,10935,599.47
058027,Cerreto Laziale,12,Lazio,058,Roma,RM,3,Centro,C518,ITI,ITI4,ITI43,058027,11.92,41.952211,12.979852,1075,90.18
058028,Cervara di Roma,12,Lazio,058,Roma,RM,3,Centro,C543,ITI,ITI4,ITI43,058028,31.793,41.989535,13.080806,453,14.25
058029,Cerveteri,12,Lazio,058,Roma,RM,3,Centro,C552,ITI,ITI4,ITI43,058029,134.836,42.006999,12.108733,38206,283.35
058118,Ciampino,12,Lazio,058,Roma,RM,3,Centro,M272,ITI,ITI4,ITI43,058118,13.353,41.796144,12.618,38913,2914.18
058030,Ciciliano,12,Lazio,058,Roma,RM,3,Centro,C677,ITI,ITI4,ITI43,058030,18.758,41.952318,12.937585,1248,66.53
058031,Cineto Romano,12,Lazio,058,Roma,RM,3,Centro,C702,ITI,ITI4,ITI43,058031,10.368,42.05505,12.957611,579,55.84
058032,Civitavecchia,12,Lazio,058,Roma,RM,3,Centro,C773,ITI,ITI4,ITI43,058032,74.864,42.109171,11.817632,51359,686.03
058033,Civitella San Paolo,12,Lazio,058,Roma,RM,3,Centro,C784,ITI,ITI4,ITI43,058033,20.512,42.192165,12.569754,2046,99.75
058034,Colleferro,12,Lazio,058,Roma,RM,3,Centro,C858,ITI,ITI4,ITI43,058034,26.728,41.731194,12.986476,20381,762.53
058035,Colonna,12,Lazio,058,Roma,RM,3,Centro,C900,ITI,ITI4,ITI43,058035,3.648,41.827929,12.759855,4226,1158.44
058036,Fiano Romano,12,Lazio,058,Roma,RM,3,Centro,D561,ITI,ITI4,ITI43,058036,41.221,42.158864,12.592099,16893,409.82
058037,Filacciano,12,Lazio,058,Roma,RM,3,Centro,D586,ITI,ITI4,ITI43,058037,5.594,42.257231,12.598362,481,85.98
058120,Fiumicino,12,Lazio,058,Roma,RM,3,Centro,M297,ITI,ITI4,ITI43,058120,214.31,41.881213,12.20577,83415,389.23
058122,Fonte Nuova,12,Lazio,058,Roma,RM,3,Centro,M309,ITI,ITI4,ITI43,058122,20.078,42.001981,12.633759,32787,1632.98
058038,Formello,12,Lazio,058,Roma,RM,3,Centro,D707,ITI,ITI4,ITI43,058038,31.355,42.064166,12.409764,13925,444.11
058039,Frascati,12,Lazio,058,Roma,RM,3,Centro,D773,ITI,ITI4,ITI43,058039,22.449,41.824489,12.676312,22948,1022.23
058040,Gallicano nel Lazio,12,Lazio,058,Roma,RM,3,Centro,D875,ITI,ITI4,ITI43,058040,25.676,41.883021,12.788139,6578,256.19
058041,Gavignano,12,Lazio,058,Roma,RM,3,Centro,D945,ITI,ITI4,ITI43,058041,15.127,41.706842,13.066503,1854,122.56
058042,Genazzano,12,Lazio,058,Roma,RM,3,Centro,D964,ITI,ITI4,ITI43,058042,31.467,41.814363,12.983241,5737,182.32
058043,Genzano di Roma,12,Lazio,058,Roma,RM,3,Centro,D972,ITI,ITI4,ITI43,058043,17.61,41.672697,12.724705,22329,1267.97
058044,Gerano,12,Lazio,058,Roma,RM,3,Centro,D978,ITI,ITI4,ITI43,058044,10.204,41.929603,12.992239,1110,108.78
058045,Gorga,12,Lazio,058,Roma,RM,3,Centro,E091,ITI,ITI4,ITI43,058045,26.062,41.646257,13.118565,649,24.9
058046,Grottaferrata,12,Lazio,058,Roma,RM,3,Centro,E204,ITI,ITI4,ITI43,058046,18.098,41.789423,12.682544,20345,1124.16
058047,Guidonia Montecelio,12,Lazio,058,Roma,RM,3,Centro,E263,ITI,ITI4,ITI43,058047,79.759,41.988233,12.714998,89420,1121.13
058048,Jenne,12,Lazio,058,Roma,RM,3,Centro,E382,ITI,ITI4,ITI43,058048,31.847,41.904397,13.172701,324,10.17
058049,Labico,12,Lazio,058,Roma,RM,3,Centro,E392,ITI,ITI4,ITI43,058049,11.709,41.791175,12.861026,6409,547.36
058116,Ladispoli,12,Lazio,058,Roma,RM,3,Centro,M212,ITI,ITI4,ITI43,058116,26.227,41.951582,12.099803,40968,1562.05
058050,Lanuvio,12,Lazio,058,Roma,RM,3,Centro,C767,ITI,ITI4,ITI43,058050,43.952,41.642203,12.681642,12897,293.43
058115,Lariano,12,Lazio,058,Roma,RM,3,Centro,M207,ITI,ITI4,ITI43,058115,22.574,41.72469,12.828397,13297,589.04
058051,Licenza,12,Lazio,058,Roma,RM,3,Centro,E576,ITI,ITI4,ITI43,058051,18.079,42.078232,12.897682,988,54.65
058052,Magliano Romano,12,Lazio,058,Roma,RM,3,Centro,E813,ITI,ITI4,ITI43,058052,20.34,42.159842,12.437155,1379,67.8
058053,Mandela,12,Lazio,058,Roma,RM,3,Centro,B632,ITI,ITI4,ITI43,058053,13.882,42.042469,12.92888,931,67.07
058054,Manziana,12,Lazio,058,Roma,RM,3,Centro,E900,ITI,ITI4,ITI43,058054,24.122,42.120625,12.115804,7838,324.93
058055,Marano Equo,12,Lazio,058,Roma,RM,3,Centro,E908,ITI,ITI4,ITI43,058055,7.793,41.994832,13.012259,757,97.14
058056,Marcellina,12,Lazio,058,Roma,RM,3,Centro,E924,ITI,ITI4,ITI43,058056,15.466,42.012652,12.796197,7160,462.95
058057,Marino,12,Lazio,058,Roma,RM,3,Centro,E958,ITI,ITI4,ITI43,058057,23.738,41.759622,12.618136,46667,1965.92
058058,Mazzano Romano,12,Lazio,058,Roma,RM,3,Centro,F064,ITI,ITI4,ITI43,058058,29.137,42.194945,12.393487,2935,100.73
058059,Mentana,12,Lazio,058,Roma,RM,3,Centro,F127,ITI,ITI4,ITI43,058059,24.51,42.041212,12.648522,22615,922.68
058060,Monte Compatri,12,Lazio,058,Roma,RM,3,Centro,F477,ITI,ITI4,ITI43,058060,24.725,41.86579,12.724836,11633,470.5
058064,Monte Porzio Catone,12,Lazio,058,Roma,RM,3,Centro,F590,ITI,ITI4,ITI43,058064,9.092,41.818159,12.710623,8597,945.56
058061,Monteflavio,12,Lazio,058,Roma,RM,3,Centro,F504,ITI,ITI4,ITI43,058061,16.596,42.114723,12.824903,1150,69.29
058062,Montelanico,12,Lazio,058,Roma,RM,3,Centro,F534,ITI,ITI4,ITI43,058062,35.473,41.64489,13.017801,2003,56.47
058063,Montelibretti,12,Lazio,058,Roma,RM,3,Centro,F545,ITI,ITI4,ITI43,058063,45.591,42.134028,12.694177,5098,111.82
058065,Monterotondo,12,Lazio,058,Roma,RM,3,Centro,F611,ITI,ITI4,ITI43,058065,40.835,42.067106,12.626846,41185,1008.57
058066,Montorio Romano,12,Lazio,058,Roma,RM,3,Centro,F692,ITI,ITI4,ITI43,058066,23.342,42.136928,12.798976,1908,81.74
058067,Moricone,12,Lazio,058,Roma,RM,3,Centro,F730,ITI,ITI4,ITI43,058067,19.653,42.114246,12.750219,2373,120.74
058068,Morlupo,12,Lazio,058,Roma,RM,3,Centro,F734,ITI,ITI4,ITI43,058068,24.079,42.141637,12.49406,8553,355.21
058069,Nazzano,12,Lazio,058,Roma,RM,3,Centro,F857,ITI,ITI4,ITI43,058069,12.432,42.221018,12.599132,1298,104.41
058070,Nemi,12,Lazio,058,Roma,RM,3,Centro,F865,ITI,ITI4,ITI43,058070,7.192,41.71229,12.70614,1854,257.79
058071,Nerola,12,Lazio,058,Roma,RM,3,Centro,F871,ITI,ITI4,ITI43,058071,17.246,42.167628,12.760002,1961,113.71
058072,Nettuno,12,Lazio,058,Roma,RM,3,Centro,F880,ITI,ITI4,ITI43,058072,71.497,41.475183,12.696576,48111,672.91
058073,Olevano Romano,12,Lazio,058,Roma,RM,3,Centro,G022,ITI,ITI4,ITI43,058073,25.789,41.849258,13.030837,6292,243.98
058074,Palestrina,12,Lazio,058,Roma,RM,3,Centro,G274,ITI,ITI4,ITI43,058074,46.608,41.813936,12.869421,22110,474.38
058075,Palombara Sabina,12,Lazio,058,Roma,RM,3,Centro,G293,ITI,ITI4,ITI43,058075,75.878,42.077513,12.750222,13157,173.4
058076,Percile,12,Lazio,058,Roma,RM,3,Centro,G444,ITI,ITI4,ITI43,058076,17.771,42.088798,12.925369,213,11.99
058077,Pisoniano,12,Lazio,058,Roma,RM,3,Centro,G704,ITI,ITI4,ITI43,058077,12.819,41.908549,12.968458,711,55.46
058078,Poli,12,Lazio,058,Roma,RM,3,Centro,G784,ITI,ITI4,ITI43,058078,22.064,41.887078,12.886265,2233,101.21
058079,Pomezia,12,Lazio,058,Roma,RM,3,Centro,G811,ITI,ITI4,ITI43,058079,86.475,41.656368,12.483737,64970,751.32
058080,Ponzano Romano,12,Lazio,058,Roma,RM,3,Centro,G874,ITI,ITI4,ITI43,058080,19.825,42.258902,12.562336,1265,63.81
058081,Riano,12,Lazio,058,Roma,RM,3,Centro,H267,ITI,ITI4,ITI43,058081,25.235,42.081613,12.523632,10494,415.85
058082,Rignano Flaminio,12,Lazio,058,Roma,RM,3,Centro,H288,ITI,ITI4,ITI43,058082,39.013,42.198114,12.476275,10170,260.68
058083,Riofreddo,12,Lazio,058,Roma,RM,3,Centro,H300,ITI,ITI4,ITI43,058083,12.3,42.061775,12.99976,750,60.98
058084,Rocca Canterano,12,Lazio,058,Roma,RM,3,Centro,H387,ITI,ITI4,ITI43,058084,15.577,41.962383,13.016564,170,10.91
058088,Rocca Priora,12,Lazio,058,Roma,RM,3,Centro,H432,ITI,ITI4,ITI43,058088,28.547,41.783327,12.773843,12130,424.91
058089,Rocca Santo Stefano,12,Lazio,058,Roma,RM,3,Centro,H441,ITI,ITI4,ITI43,058089,9.782,41.914986,13.030334,906,92.62
058085,Rocca di Cave,12,Lazio,058,Roma,RM,3,Centro,H401,ITI,ITI4,ITI43,058085,11.167,41.843548,12.943564,364,32.6
058086,Rocca di Papa,12,Lazio,058,Roma,RM,3,Centro,H404,ITI,ITI4,ITI43,058086,39.975,41.753277,12.74109,17989,450.01
058087,Roccagiovine,12,Lazio,058,Roma,RM,3,Centro,H411,ITI,ITI4,ITI43,058087,8.243,42.049198,12.881381,246,29.84
058090,Roiate,12,Lazio,058,Roma,RM,3,Centro,H494,ITI,ITI4,ITI43,058090,10.466,41.867861,13.068952,639,61.05
058091,Roma,12,Lazio,058,Roma,RM,3,Centro,H501,ITI,ITI4,ITI43,058091,1287.084,41.876798,12.470857,2745062,2132.78
058092,Roviano,12,Lazio,058,Roma,RM,3,Centro,H618,ITI,ITI4,ITI43,058092,8.437,42.027042,12.995434,1232,146.02
058093,Sacrofano,12,Lazio,058,Roma,RM,3,Centro,H658,ITI,ITI4,ITI43,058093,28.445,42.088884,12.44786,7512,264.09
058094,Sambuci,12,Lazio,058,Roma,RM,3,Centro,H745,ITI,ITI4,ITI43,058094,8.576,41.990284,12.934688,833,97.13
058119,San Cesareo,12,Lazio,058,Roma,RM,3,Centro,M295,ITI,ITI4,ITI43,058119,23.235,41.832001,12.784236,16383,705.1
058095,San Gregorio da Sassola,12,Lazio,058,Roma,RM,3,Centro,H942,ITI,ITI4,ITI43,058095,35.348,41.923993,12.868419,1385,39.18
058096,San Polo dei Cavalieri,12,Lazio,058,Roma,RM,3,Centro,I125,ITI,ITI4,ITI43,058096,42.462,42.043562,12.81245,2804,66.04
058100,San Vito Romano,12,Lazio,058,Roma,RM,3,Centro,I400,ITI,ITI4,ITI43,058100,12.675,41.880966,12.977725,3012,237.63
058098,Sant'Angelo Romano,12,Lazio,058,Roma,RM,3,Centro,I284,ITI,ITI4,ITI43,058098,21.196,42.024876,12.703286,5066,239.01
058099,Sant'Oreste,12,Lazio,058,Roma,RM,3,Centro,I352,ITI,ITI4,ITI43,058099,43.101,42.241672,12.517453,3398,78.84
058097,Santa Marinella,12,Lazio,058,Roma,RM,3,Centro,I255,ITI,ITI4,ITI43,058097,48.885,42.042996,11.870653,18445,377.31
058101,Saracinesco,12,Lazio,058,Roma,RM,3,Centro,I424,ITI,ITI4,ITI43,058101,10.904,42.000993,12.954668,177,16.23
058102,Segni,12,Lazio,058,Roma,RM,3,Centro,I573,ITI,ITI4,ITI43,058102,60.748,41.694896,13.006439,8961,147.51
058103,Subiaco,12,Lazio,058,Roma,RM,3,Centro,I992,ITI,ITI4,ITI43,058103,62.594,41.931807,13.107825,8527,136.23
058104,Tivoli,12,Lazio,058,Roma,RM,3,Centro,L182,ITI,ITI4,ITI43,058104,67.889,41.961556,12.794167,55321,814.87
058105,Tolfa,12,Lazio,058,Roma,RM,3,Centro,L192,ITI,ITI4,ITI43,058105,167.836,42.123736,11.976515,4691,27.95
058106,Torrita Tiberina,12,Lazio,058,Roma,RM,3,Centro,L302,ITI,ITI4,ITI43,058106,10.752,42.228202,12.629205,1116,103.79
058107,Trevignano Romano,12,Lazio,058,Roma,RM,3,Centro,L401,ITI,ITI4,ITI43,058107,38.8,42.151297,12.253487,5755,148.32
058108,Vallepietra,12,Lazio,058,Roma,RM,3,Centro,L611,ITI,ITI4,ITI43,058108,52.871,41.924657,13.232129,223,4.22
058109,Vallinfreda,12,Lazio,058,Roma,RM,3,Centro,L625,ITI,ITI4,ITI43,058109,16.536,42.095548,12.977987,260,15.72
058110,Valmontone,12,Lazio,058,Roma,RM,3,Centro,L639,ITI,ITI4,ITI43,058110,40.978,41.775659,12.917453,15654,382.01
058111,Velletri,12,Lazio,058,Roma,RM,3,Centro,L719,ITI,ITI4,ITI43,058111,118.117,41.654844,12.78225,53048,449.11
058112,Vicovaro,12,Lazio,058,Roma,RM,3,Centro,L851,ITI,ITI4,ITI43,058112,35.614,42.011511,12.890437,3520,98.84
058113,Vivaro Romano,12,Lazio,058,Roma,RM,3,Centro,M095,ITI,ITI4,ITI43,058113,12.782,42.111962,13.006734,150,11.74
058114,Zagarolo,12,Lazio,058,Roma,RM,3,Centro,M141,ITI,ITI4,ITI43,058114,28.082,41.855579,12.79795,18963,675.27
056001,Acquapendente,12,Lazio,056,Viterbo,VT,3,Centro,A040,ITI,ITI4,ITI41,056001,130.787,42.767081,11.908222,5222,39.93
056002,Arlena di Castro,12,Lazio,056,Viterbo,VT,3,Centro,A412,ITI,ITI4,ITI41,056002,22.041,42.458962,11.823491,791,35.89
056003,Bagnoregio,12,Lazio,056,Viterbo,VT,3,Centro,A577,ITI,ITI4,ITI41,056003,72.953,42.614753,12.091463,3258,44.66
056004,Barbarano Romano,12,Lazio,056,Viterbo,VT,3,Centro,A628,ITI,ITI4,ITI41,056004,37.578,42.248032,12.075385,980,26.08
056005,Bassano Romano,12,Lazio,056,Viterbo,VT,3,Centro,A704,ITI,ITI4,ITI41,056005,37.396,42.205768,12.16872,4680,125.15
056006,Bassano in Teverina,12,Lazio,056,Viterbo,VT,3,Centro,A706,ITI,ITI4,ITI41,056006,12.429,42.465817,12.314509,1272,102.34
056007,Blera,12,Lazio,056,Viterbo,VT,3,Centro,A857,ITI,ITI4,ITI41,056007,92.479,42.225721,11.978806,2895,31.3
056008,Bolsena,12,Lazio,056,Viterbo,VT,3,Centro,A949,ITI,ITI4,ITI41,056008,63.394,42.636032,11.9786,3649,57.56
056009,Bomarzo,12,Lazio,056,Viterbo,VT,3,Centro,A955,ITI,ITI4,ITI41,056009,39.393,42.500276,12.255396,1695,43.03
056010,Calcata,12,Lazio,056,Viterbo,VT,3,Centro,B388,ITI,ITI4,ITI41,056010,7.659,42.211958,12.424406,905,118.16
056011,Canepina,12,Lazio,056,Viterbo,VT,3,Centro,B597,ITI,ITI4,ITI41,056011,20.799,42.376364,12.217501,2900,139.43
056012,Canino,12,Lazio,056,Viterbo,VT,3,Centro,B604,ITI,ITI4,ITI41,056012,123.68,42.436384,11.695791,5029,40.66
056013,Capodimonte,12,Lazio,056,Viterbo,VT,3,Centro,B663,ITI,ITI4,ITI41,056013,61.341,42.53802,11.875949,1647,26.85
056014,Capranica,12,Lazio,056,Viterbo,VT,3,Centro,B688,ITI,ITI4,ITI41,056014,41.213,42.258728,12.16107,6351,154.1
056015,Caprarola,12,Lazio,056,Viterbo,VT,3,Centro,B691,ITI,ITI4,ITI41,056015,57.739,42.323645,12.203154,5160,89.37
056016,Carbognano,12,Lazio,056,Viterbo,VT,3,Centro,B735,ITI,ITI4,ITI41,056016,17.495,42.326208,12.2738,1951,111.52
056017,Castel Sant'Elia,12,Lazio,056,Viterbo,VT,3,Centro,C269,ITI,ITI4,ITI41,056017,24.212,42.245537,12.383088,2411,99.58
056018,Castiglione in Teverina,12,Lazio,056,Viterbo,VT,3,Centro,C315,ITI,ITI4,ITI41,056018,20.489,42.6534,12.176206,2289,111.72
056019,Celleno,12,Lazio,056,Viterbo,VT,3,Centro,C446,ITI,ITI4,ITI41,056019,23.923,42.555361,12.126701,1315,54.97
056020,Cellere,12,Lazio,056,Viterbo,VT,3,Centro,C447,ITI,ITI4,ITI41,056020,37.381,42.512853,11.777501,1087,29.08
056021,Civita Castellana,12,Lazio,056,Viterbo,VT,3,Centro,C765,ITI,ITI4,ITI41,056021,83.946,42.304293,12.425336,15011,178.82
056022,Civitella d'Agliano,12,Lazio,056,Viterbo,VT,3,Centro,C780,ITI,ITI4,ITI41,056022,32.617,42.612184,12.198334,1444,44.27
056023,Corchiano,12,Lazio,056,Viterbo,VT,3,Centro,C988,ITI,ITI4,ITI41,056023,33.624,42.357501,12.35701,3531,105.01
056024,Fabrica di Roma,12,Lazio,056,Viterbo,VT,3,Centro,D452,ITI,ITI4,ITI41,056024,34.607,42.321432,12.336689,8167,235.99
056025,Faleria,12,Lazio,056,Viterbo,VT,3,Centro,D475,ITI,ITI4,ITI41,056025,25.838,42.234942,12.451832,2024,78.33
056026,Farnese,12,Lazio,056,Viterbo,VT,3,Centro,D503,ITI,ITI4,ITI41,056026,52.5,42.565307,11.713411,1337,25.47
056027,Gallese,12,Lazio,056,Viterbo,VT,3,Centro,D870,ITI,ITI4,ITI41,056027,36.564,42.375559,12.413525,2551,69.77
056028,Gradoli,12,Lazio,056,Viterbo,VT,3,Centro,E126,ITI,ITI4,ITI41,056028,44.04,42.618644,11.881961,1220,27.7
056029,Graffignano,12,Lazio,056,Viterbo,VT,3,Centro,E128,ITI,ITI4,ITI41,056029,29.179,42.563536,12.222483,2058,70.53
056030,Grotte di Castro,12,Lazio,056,Viterbo,VT,3,Centro,E210,ITI,ITI4,ITI41,056030,33.19,42.6538,11.862123,2374,71.53
056031,Ischia di Castro,12,Lazio,056,Viterbo,VT,3,Centro,E330,ITI,ITI4,ITI41,056031,104.792,42.530502,11.629895,2107,20.11
056032,Latera,12,Lazio,056,Viterbo,VT,3,Centro,E467,ITI,ITI4,ITI41,056032,22.414,42.618287,11.811335,772,34.44
056033,Lubriano,12,Lazio,056,Viterbo,VT,3,Centro,E713,ITI,ITI4,ITI41,056033,16.471,42.647964,12.095639,841,51.06
056034,Marta,12,Lazio,056,Viterbo,VT,3,Centro,E978,ITI,ITI4,ITI41,056034,33.554,42.526852,11.924692,3211,95.7
056035,Montalto di Castro,12,Lazio,056,Viterbo,VT,3,Centro,F419,ITI,ITI4,ITI41,056035,190.282,42.368694,11.584385,8679,45.61
056037,Monte Romano,12,Lazio,056,Viterbo,VT,3,Centro,F603,ITI,ITI4,ITI41,056037,86.758,42.329061,11.881028,1847,21.29
056036,Montefiascone,12,Lazio,056,Viterbo,VT,3,Centro,F499,ITI,ITI4,ITI41,056036,104.597,42.530744,12.024156,12979,124.09
056038,Monterosi,12,Lazio,056,Viterbo,VT,3,Centro,F606,ITI,ITI4,ITI41,056038,10.857,42.185682,12.297104,4789,441.1
056039,Nepi,12,Lazio,056,Viterbo,VT,3,Centro,F868,ITI,ITI4,ITI41,056039,82.989,42.221384,12.321874,9550,115.08
056040,Onano,12,Lazio,056,Viterbo,VT,3,Centro,G065,ITI,ITI4,ITI41,056040,24.193,42.682896,11.808179,865,35.75
056041,Oriolo Romano,12,Lazio,056,Viterbo,VT,3,Centro,G111,ITI,ITI4,ITI41,056041,19.37,42.175302,12.132516,3673,189.62
056042,Orte,12,Lazio,056,Viterbo,VT,3,Centro,G135,ITI,ITI4,ITI41,056042,69.407,42.445663,12.378588,9243,133.17
056043,Piansano,12,Lazio,056,Viterbo,VT,3,Centro,G571,ITI,ITI4,ITI41,056043,26.693,42.511587,11.842387,2039,76.39
056044,Proceno,12,Lazio,056,Viterbo,VT,3,Centro,H071,ITI,ITI4,ITI41,056044,42.246,42.783325,11.796997,521,12.33
056045,Ronciglione,12,Lazio,056,Viterbo,VT,3,Centro,H534,ITI,ITI4,ITI41,056045,52.439,42.28788,12.217634,8439,160.93
056047,San Lorenzo Nuovo,12,Lazio,056,Viterbo,VT,3,Centro,H969,ITI,ITI4,ITI41,056047,26.973,42.650559,11.910606,2029,75.22
056048,Soriano nel Cimino,12,Lazio,056,Viterbo,VT,3,Centro,I855,ITI,ITI4,ITI41,056048,78.537,42.436446,12.248052,7888,100.44
056049,Sutri,12,Lazio,056,Viterbo,VT,3,Centro,L017,ITI,ITI4,ITI41,056049,60.939,42.22249,12.252147,6764,111.0
056050,Tarquinia,12,Lazio,056,Viterbo,VT,3,Centro,D024,ITI,ITI4,ITI41,056050,278.859,42.25633,11.770254,15862,56.88
056051,Tessennano,12,Lazio,056,Viterbo,VT,3,Centro,L150,ITI,ITI4,ITI41,056051,14.491,42.46163,11.782823,283,19.53
056052,Tuscania,12,Lazio,056,Viterbo,VT,3,Centro,L310,ITI,ITI4,ITI41,056052,208.424,42.391462,11.821336,8088,38.81
056053,Valentano,12,Lazio,056,Viterbo,VT,3,Centro,L569,ITI,ITI4,ITI41,056053,43.12,42.588324,11.806509,2854,66.19
056054,Vallerano,12,Lazio,056,Viterbo,VT,3,Centro,L612,ITI,ITI4,ITI41,056054,15.497,42.376034,12.260191,2349,151.58
056055,Vasanello,12,Lazio,056,Viterbo,VT,3,Centro,A701,ITI,ITI4,ITI41,056055,28.709,42.41873,12.339418,3959,137.9
056056,Vejano,12,Lazio,056,Viterbo,VT,3,Centro,L713,ITI,ITI4,ITI41,056056,44.611,42.205298,12.089787,2147,48.13
056057,Vetralla,12,Lazio,056,Viterbo,VT,3,Centro,L814,ITI,ITI4,ITI41,056057,113.108,42.303327,12.019802,13370,118.21
056058,Vignanello,12,Lazio,056,Viterbo,VT,3,Centro,L882,ITI,ITI4,ITI41,056058,20.304,42.385802,12.294493,4260,209.81
056046,Villa San Giovanni in Tuscia,12,Lazio,056,Viterbo,VT,3,Centro,H913,ITI,ITI4,ITI41,056046,5.336,42.281426,12.044132,1212,227.14
056059,Viterbo,12,Lazio,056,Viterbo,VT,3,Centro,M082,ITI,ITI4,ITI41,056059,405.691,42.443622,12.04895,66767,164.58
056060,Vitorchiano,12,Lazio,056,Viterbo,VT,3,Centro,M086,ITI,ITI4,ITI41,056060,30.339,42.461906,12.171581,5221,172.09
010001,Arenzano,07,Liguria,010,Genova,GE,1,Nord-ovest,A388,ITC,ITC3,ITC33,010001,24.276,44.420688,8.667787,11134,458.64
010002,Avegno,07,Liguria,010,Genova,GE,1,Nord-ovest,A506,ITC,ITC3,ITC33,010002,11.034,44.388138,9.155972,2533,229.56
010003,Bargagli,07,Liguria,010,Genova,GE,1,Nord-ovest,A658,ITC,ITC3,ITC33,010003,16.49,44.437526,9.083502,2478,150.27
010004,Bogliasco,07,Liguria,010,Genova,GE,1,Nord-ovest,A922,ITC,ITC3,ITC33,010004,4.434,44.39321,9.079518,4249,958.28
010005,Borzonasca,07,Liguria,010,Genova,GE,1,Nord-ovest,B067,ITC,ITC3,ITC33,010005,80.422,44.445338,9.389008,1831,22.77
010006,Busalla,07,Liguria,010,Genova,GE,1,Nord-ovest,B282,ITC,ITC3,ITC33,010006,16.89,44.585234,8.975178,5110,302.55
010007,Camogli,07,Liguria,010,Genova,GE,1,Nord-ovest,B490,ITC,ITC3,ITC33,010007,10.122,44.332825,9.162876,4798,474.02
010008,Campo Ligure,07,Liguria,010,Genova,GE,1,Nord-ovest,B538,ITC,ITC3,ITC33,010008,23.61,44.528651,8.714908,2821,119.48
010009,Campomorone,07,Liguria,010,Genova,GE,1,Nord-ovest,B551,ITC,ITC3,ITC33,010009,25.709,44.534657,8.860745,6432,250.18
010010,Carasco,07,Liguria,010,Genova,GE,1,Nord-ovest,B726,ITC,ITC3,ITC33,010010,8.356,44.357898,9.355746,3707,443.63
010011,Casarza Ligure,07,Liguria,010,Genova,GE,1,Nord-ovest,B939,ITC,ITC3,ITC33,010011,28.161,44.289014,9.47046,6729,238.95
010012,Casella,07,Liguria,010,Genova,GE,1,Nord-ovest,B956,ITC,ITC3,ITC33,010012,7.966,44.533845,9.002158,3049,382.75
010013,Castiglione Chiavarese,07,Liguria,010,Genova,GE,1,Nord-ovest,C302,ITC,ITC3,ITC33,010013,29.649,44.282433,9.520594,1531,51.64
010014,Ceranesi,07,Liguria,010,Genova,GE,1,Nord-ovest,C481,ITC,ITC3,ITC33,010014,31.132,44.507391,8.842339,3584,115.12
010015,Chiavari,07,Liguria,010,Genova,GE,1,Nord-ovest,C621,ITC,ITC3,ITC33,010015,12.426,44.326297,9.3201,27435,2207.87
010016,Cicagna,07,Liguria,010,Genova,GE,1,Nord-ovest,C673,ITC,ITC3,ITC33,010016,10.84,44.403941,9.229758,2339,215.77
010017,Cogoleto,07,Liguria,010,Genova,GE,1,Nord-ovest,C823,ITC,ITC3,ITC33,010017,20.617,44.40881,8.620642,8249,400.11
010018,Cogorno,07,Liguria,010,Genova,GE,1,Nord-ovest,C826,ITC,ITC3,ITC33,010018,9.251,44.332143,9.367571,5692,615.28
010019,Coreglia Ligure,07,Liguria,010,Genova,GE,1,Nord-ovest,C995,ITC,ITC3,ITC33,010019,7.898,44.379485,9.266261,241,30.51
010020,Crocefieschi,07,Liguria,010,Genova,GE,1,Nord-ovest,D175,ITC,ITC3,ITC33,010020,11.839,44.588136,9.026677,546,46.12
010021,Davagna,07,Liguria,010,Genova,GE,1,Nord-ovest,D255,ITC,ITC3,ITC33,010021,20.698,44.46448,9.078487,1772,85.61
010022,Fascia,07,Liguria,010,Genova,GE,1,Nord-ovest,D509,ITC,ITC3,ITC33,010022,10.864,44.5688,9.238532,65,5.98
010023,Favale di Malvaro,07,Liguria,010,Genova,GE,1,Nord-ovest,D512,ITC,ITC3,ITC33,010023,16.788,44.457468,9.25684,421,25.08
010024,Fontanigorda,07,Liguria,010,Genova,GE,1,Nord-ovest,D677,ITC,ITC3,ITC33,010024,16.368,44.532266,9.291558,226,13.81
010025,Genova,07,Liguria,010,Genova,GE,1,Nord-ovest,D969,ITC,ITC3,ITC33,010025,240.125,44.448952,8.893195,566247,2358.13
010026,Gorreto,07,Liguria,010,Genova,GE,1,Nord-ovest,E109,ITC,ITC3,ITC33,010026,19.159,44.599041,9.225903,84,4.38
010027,Isola del Cantone,07,Liguria,010,Genova,GE,1,Nord-ovest,E341,ITC,ITC3,ITC33,010027,47.885,44.64613,8.968251,1425,29.76
010028,Lavagna,07,Liguria,010,Genova,GE,1,Nord-ovest,E488,ITC,ITC3,ITC33,010028,13.932,44.30396,9.378171,12411,890.83
010029,Leivi,07,Liguria,010,Genova,GE,1,Nord-ovest,E519,ITC,ITC3,ITC33,010029,9.522,44.349331,9.312833,2447,256.98
010030,Lorsica,07,Liguria,010,Genova,GE,1,Nord-ovest,E695,ITC,ITC3,ITC33,010030,18.027,44.439788,9.281034,377,20.91
010031,Lumarzo,07,Liguria,010,Genova,GE,1,Nord-ovest,E737,ITC,ITC3,ITC33,010031,25.513,44.448236,9.130464,1437,56.32
010032,Masone,07,Liguria,010,Genova,GE,1,Nord-ovest,F020,ITC,ITC3,ITC33,010032,29.677,44.504998,8.718632,3314,111.67
010033,Mele,07,Liguria,010,Genova,GE,1,Nord-ovest,F098,ITC,ITC3,ITC33,010033,16.954,44.464882,8.74636,2511,148.11
010034,Mezzanego,07,Liguria,010,Genova,GE,1,Nord-ovest,F173,ITC,ITC3,ITC33,010034,28.641,44.39193,9.399717,1563,54.57
010035,Mignanego,07,Liguria,010,Genova,GE,1,Nord-ovest,F202,ITC,ITC3,ITC33,010035,16.431,44.537974,8.907945,3542,215.57
010036,Moconesi,07,Liguria,010,Genova,GE,1,Nord-ovest,F256,ITC,ITC3,ITC33,010036,16.522,44.433442,9.209899,2423,146.65
010037,Moneglia,07,Liguria,010,Genova,GE,1,Nord-ovest,F354,ITC,ITC3,ITC33,010037,15.624,44.238258,9.507983,2490,159.37
010038,Montebruno,07,Liguria,010,Genova,GE,1,Nord-ovest,F445,ITC,ITC3,ITC33,010038,17.584,44.518253,9.247502,199,11.32
010039,Montoggio,07,Liguria,010,Genova,GE,1,Nord-ovest,F682,ITC,ITC3,ITC33,010039,47.705,44.509658,9.046162,2020,42.34
010040,Ne,07,Liguria,010,Genova,GE,1,Nord-ovest,F858,ITC,ITC3,ITC33,010040,63.378,44.356881,9.446407,2126,33.54
010041,Neirone,07,Liguria,010,Genova,GE,1,Nord-ovest,F862,ITC,ITC3,ITC33,010041,30.23,44.464921,9.195922,890,29.44
010042,Orero,07,Liguria,010,Genova,GE,1,Nord-ovest,G093,ITC,ITC3,ITC33,010042,16.19,44.421192,9.285077,504,31.13
010043,Pieve Ligure,07,Liguria,010,Genova,GE,1,Nord-ovest,G646,ITC,ITC3,ITC33,010043,3.66,44.388219,9.089199,2352,642.62
010044,Portofino,07,Liguria,010,Genova,GE,1,Nord-ovest,G913,ITC,ITC3,ITC33,010044,2.699,44.309785,9.195651,359,133.01
010045,Propata,07,Liguria,010,Genova,GE,1,Nord-ovest,H073,ITC,ITC3,ITC33,010045,17.285,44.566621,9.174877,119,6.88
010046,Rapallo,07,Liguria,010,Genova,GE,1,Nord-ovest,H183,ITC,ITC3,ITC33,010046,33.8,44.363627,9.219719,29595,875.59
010047,Recco,07,Liguria,010,Genova,GE,1,Nord-ovest,H212,ITC,ITC3,ITC33,010047,9.572,44.367796,9.148496,9273,968.76
010048,Rezzoaglio,07,Liguria,010,Genova,GE,1,Nord-ovest,H258,ITC,ITC3,ITC33,010048,104.228,44.519043,9.381223,859,8.24
010049,Ronco Scrivia,07,Liguria,010,Genova,GE,1,Nord-ovest,H536,ITC,ITC3,ITC33,010049,30.372,44.60213,8.946435,4213,138.71
010050,Rondanina,07,Liguria,010,Genova,GE,1,Nord-ovest,H546,ITC,ITC3,ITC33,010050,12.905,44.55158,9.221619,57,4.42
010051,Rossiglione,07,Liguria,010,Genova,GE,1,Nord-ovest,H581,ITC,ITC3,ITC33,010051,47.901,44.546793,8.646895,2523,52.67
010052,Rovegno,07,Liguria,010,Genova,GE,1,Nord-ovest,H599,ITC,ITC3,ITC33,010052,44.495,44.569568,9.31165,469,10.54
010053,San Colombano Certenoli,07,Liguria,010,Genova,GE,1,Nord-ovest,H802,ITC,ITC3,ITC33,010053,41.59,44.397072,9.32902,2697,64.85
010055,Sant'Olcese,07,Liguria,010,Genova,GE,1,Nord-ovest,I346,ITC,ITC3,ITC33,010055,21.97,44.480457,8.956957,5563,253.21
010054,Santa Margherita Ligure,07,Liguria,010,Genova,GE,1,Nord-ovest,I225,ITC,ITC3,ITC33,010054,10.109,44.328152,9.192171,8259,816.99
010056,Santo Stefano d'Aveto,07,Liguria,010,Genova,GE,1,Nord-ovest,I368,ITC,ITC3,ITC33,010056,55.122,44.525861,9.467811,964,17.49
010057,Savignone,07,Liguria,010,Genova,GE,1,Nord-ovest,I475,ITC,ITC3,ITC33,010057,21.633,44.555515,8.990833,3000,138.68
010058,Serra Riccò,07,Liguria,010,Genova,GE,1,Nord-ovest,I640,ITC,ITC3,ITC33,010058,26.444,44.514347,8.95619,7573,286.38
010059,Sestri Levante,07,Liguria,010,Genova,GE,1,Nord-ovest,I693,ITC,ITC3,ITC33,010059,33.435,44.281993,9.414134,17088,511.08
010060,Sori,07,Liguria,010,Genova,GE,1,Nord-ovest,I852,ITC,ITC3,ITC33,010060,13.059,44.391709,9.111012,3893,298.11
010061,Tiglieto,07,Liguria,010,Genova,GE,1,Nord-ovest,L167,ITC,ITC3,ITC33,010061,24.599,44.498737,8.592877,476,19.35
010062,Torriglia,07,Liguria,010,Genova,GE,1,Nord-ovest,L298,ITC,ITC3,ITC33,010062,59.874,44.515229,9.155959,2236,37.35
010063,Tribogna,07,Liguria,010,Genova,GE,1,Nord-ovest,L416,ITC,ITC3,ITC33,010063,6.867,44.412979,9.193209,599,87.23
010064,Uscio,07,Liguria,010,Genova,GE,1,Nord-ovest,L507,ITC,ITC3,ITC33,010064,9.664,44.417098,9.157223,2118,219.16
010065,Valbrevenna,07,Liguria,010,Genova,GE,1,Nord-ovest,L546,ITC,ITC3,ITC33,010065,34.597,44.557116,9.086902,754,21.79
010066,Vobbia,07,Liguria,010,Genova,GE,1,Nord-ovest,M105,ITC,ITC3,ITC33,010066,33.505,44.605694,9.062697,365,10.89
010067,Zoagli,07,Liguria,010,Genova,GE,1,Nord-ovest,M182,ITC,ITC3,ITC33,010067,7.804,44.346029,9.267239,2305,295.36
008001,Airole,07,Liguria,008,Imperia,IM,1,Nord-ovest,A111,ITC,ITC3,ITC31,008001,14.64,43.873572,7.563456,371,25.34
008002,Apricale,07,Liguria,008,Imperia,IM,1,Nord-ovest,A338,ITC,ITC3,ITC31,008002,19.674,43.891825,7.667661,585,29.73
008003,Aquila d'Arroscia,07,Liguria,008,Imperia,IM,1,Nord-ovest,A344,ITC,ITC3,ITC31,008003,9.86,44.09351,8.011308,144,14.6
008004,Armo,07,Liguria,008,Imperia,IM,1,Nord-ovest,A418,ITC,ITC3,ITC31,008004,10.159,44.094753,7.906324,121,11.91
008005,Aurigo,07,Liguria,008,Imperia,IM,1,Nord-ovest,A499,ITC,ITC3,ITC31,008005,9.401,43.991259,7.916545,336,35.74
008006,Badalucco,07,Liguria,008,Imperia,IM,1,Nord-ovest,A536,ITC,ITC3,ITC31,008006,16.153,43.920607,7.800344,1065,65.93
008007,Bajardo,07,Liguria,008,Imperia,IM,1,Nord-ovest,A581,ITC,ITC3,ITC31,008007,24.438,43.901646,7.708805,352,14.4
008008,Bordighera,07,Liguria,008,Imperia,IM,1,Nord-ovest,A984,ITC,ITC3,ITC31,008008,10.847,43.79398,7.673374,10366,955.66
008009,Borghetto d'Arroscia,07,Liguria,008,Imperia,IM,1,Nord-ovest,A993,ITC,ITC3,ITC31,008009,25.948,44.068255,7.976029,389,14.99
008010,Borgomaro,07,Liguria,008,Imperia,IM,1,Nord-ovest,B020,ITC,ITC3,ITC31,008010,23.146,43.978254,7.890329,823,35.56
008011,Camporosso,07,Liguria,008,Imperia,IM,1,Nord-ovest,B559,ITC,ITC3,ITC31,008011,18.053,43.817941,7.617354,5788,320.61
008012,Caravonica,07,Liguria,008,Imperia,IM,1,Nord-ovest,B734,ITC,ITC3,ITC31,008012,4.644,43.996523,7.953086,257,55.34
008015,Castel Vittorio,07,Liguria,008,Imperia,IM,1,Nord-ovest,C110,ITC,ITC3,ITC31,008015,25.781,43.942565,7.736711,237,9.19
008014,Castellaro,07,Liguria,008,Imperia,IM,1,Nord-ovest,C143,ITC,ITC3,ITC31,008014,7.996,43.8701,7.872769,1209,151.2
008016,Ceriana,07,Liguria,008,Imperia,IM,1,Nord-ovest,C511,ITC,ITC3,ITC31,008016,32.181,43.881447,7.774969,1098,34.12
008017,Cervo,07,Liguria,008,Imperia,IM,1,Nord-ovest,C559,ITC,ITC3,ITC31,008017,3.629,43.931944,8.119139,1079,297.33
008018,Cesio,07,Liguria,008,Imperia,IM,1,Nord-ovest,C578,ITC,ITC3,ITC31,008018,8.73,44.014568,7.965563,247,28.29
008019,Chiusanico,07,Liguria,008,Imperia,IM,1,Nord-ovest,C657,ITC,ITC3,ITC31,008019,13.638,43.976075,7.994035,594,43.55
008020,Chiusavecchia,07,Liguria,008,Imperia,IM,1,Nord-ovest,C660,ITC,ITC3,ITC31,008020,4.016,43.959246,7.985264,533,132.72
008021,Cipressa,07,Liguria,008,Imperia,IM,1,Nord-ovest,C718,ITC,ITC3,ITC31,008021,9.436,43.860327,7.922127,1192,126.32
008022,Civezza,07,Liguria,008,Imperia,IM,1,Nord-ovest,C755,ITC,ITC3,ITC31,008022,4.051,43.87708,7.955803,630,155.52
008023,Cosio d'Arroscia,07,Liguria,008,Imperia,IM,1,Nord-ovest,D087,ITC,ITC3,ITC31,008023,40.629,44.097983,7.819671,168,4.13
008024,Costarainera,07,Liguria,008,Imperia,IM,1,Nord-ovest,D114,ITC,ITC3,ITC31,008024,2.404,43.855653,7.945435,767,319.05
008025,Diano Arentino,07,Liguria,008,Imperia,IM,1,Nord-ovest,D293,ITC,ITC3,ITC31,008025,8.387,43.953886,8.036597,669,79.77
008026,Diano Castello,07,Liguria,008,Imperia,IM,1,Nord-ovest,D296,ITC,ITC3,ITC31,008026,5.974,43.926007,8.056309,2270,379.98
008027,Diano Marina,07,Liguria,008,Imperia,IM,1,Nord-ovest,D297,ITC,ITC3,ITC31,008027,6.661,43.907938,8.067118,5475,821.95
008028,Diano San Pietro,07,Liguria,008,Imperia,IM,1,Nord-ovest,D298,ITC,ITC3,ITC31,008028,11.879,43.953549,8.062699,1105,93.02
008029,Dolceacqua,07,Liguria,008,Imperia,IM,1,Nord-ovest,D318,ITC,ITC3,ITC31,008029,20.001,43.869457,7.620312,2216,110.79
008030,Dolcedo,07,Liguria,008,Imperia,IM,1,Nord-ovest,D319,ITC,ITC3,ITC31,008030,19.825,43.904159,7.923187,1264,63.76
008031,Imperia,07,Liguria,008,Imperia,IM,1,Nord-ovest,E290,ITC,ITC3,ITC31,008031,45.329,43.903372,8.010092,42594,939.66
008032,Isolabona,07,Liguria,008,Imperia,IM,1,Nord-ovest,E346,ITC,ITC3,ITC31,008032,12.663,43.900295,7.634131,689,54.41
008033,Lucinasco,07,Liguria,008,Imperia,IM,1,Nord-ovest,E719,ITC,ITC3,ITC31,008033,7.936,43.960977,7.960221,294,37.05
008034,Mendatica,07,Liguria,008,Imperia,IM,1,Nord-ovest,F123,ITC,ITC3,ITC31,008034,30.724,44.083942,7.786101,161,5.24
008035,Molini di Triora,07,Liguria,008,Imperia,IM,1,Nord-ovest,F290,ITC,ITC3,ITC31,008035,58.092,43.991084,7.805702,583,10.04
008068,Montalto Carpasio,07,Liguria,008,Imperia,IM,1,Nord-ovest,M387,ITC,ITC3,ITC31,008068,29.94,43.948928,7.864298,478,15.97
008037,Montegrosso Pian Latte,07,Liguria,008,Imperia,IM,1,Nord-ovest,F528,ITC,ITC3,ITC31,008037,10.202,44.055188,7.806085,109,10.68
008038,Olivetta San Michele,07,Liguria,008,Imperia,IM,1,Nord-ovest,G041,ITC,ITC3,ITC31,008038,14.007,43.869817,7.524079,190,13.56
008039,Ospedaletti,07,Liguria,008,Imperia,IM,1,Nord-ovest,G164,ITC,ITC3,ITC31,008039,5.239,43.812325,7.707801,3204,611.57
008040,Perinaldo,07,Liguria,008,Imperia,IM,1,Nord-ovest,G454,ITC,ITC3,ITC31,008040,20.187,43.855961,7.67958,775,38.39
008041,Pietrabruna,07,Liguria,008,Imperia,IM,1,Nord-ovest,G607,ITC,ITC3,ITC31,008041,10.123,43.886612,7.900673,403,39.81
008042,Pieve di Teco,07,Liguria,008,Imperia,IM,1,Nord-ovest,G632,ITC,ITC3,ITC31,008042,40.598,44.050636,7.908515,1329,32.74
008043,Pigna,07,Liguria,008,Imperia,IM,1,Nord-ovest,G660,ITC,ITC3,ITC31,008043,53.752,43.951792,7.64055,742,13.8
008044,Pompeiana,07,Liguria,008,Imperia,IM,1,Nord-ovest,G814,ITC,ITC3,ITC31,008044,5.303,43.861046,7.892058,849,160.1
008045,Pontedassio,07,Liguria,008,Imperia,IM,1,Nord-ovest,G840,ITC,ITC3,ITC31,008045,13.371,43.940126,7.99536,2383,178.22
008046,Pornassio,07,Liguria,008,Imperia,IM,1,Nord-ovest,G890,ITC,ITC3,ITC31,008046,26.87,44.079248,7.867488,682,25.38
008047,Prelà,07,Liguria,008,Imperia,IM,1,Nord-ovest,H027,ITC,ITC3,ITC31,008047,14.914,43.935428,7.902196,497,33.32
008048,Ranzo,07,Liguria,008,Imperia,IM,1,Nord-ovest,H180,ITC,ITC3,ITC31,008048,10.802,44.067204,8.013546,576,53.32
008049,Rezzo,07,Liguria,008,Imperia,IM,1,Nord-ovest,H257,ITC,ITC3,ITC31,008049,37.468,44.014228,7.864753,311,8.3
008050,Riva Ligure,07,Liguria,008,Imperia,IM,1,Nord-ovest,H328,ITC,ITC3,ITC31,008050,2.105,43.840933,7.875856,2711,1287.89
008051,Rocchetta Nervina,07,Liguria,008,Imperia,IM,1,Nord-ovest,H460,ITC,ITC3,ITC31,008051,15.188,43.914186,7.574738,267,17.58
008052,San Bartolomeo al Mare,07,Liguria,008,Imperia,IM,1,Nord-ovest,H763,ITC,ITC3,ITC31,008052,10.731,43.938681,8.097022,2967,276.49
008053,San Biagio della Cima,07,Liguria,008,Imperia,IM,1,Nord-ovest,H780,ITC,ITC3,ITC31,008053,4.278,43.824315,7.649206,1283,299.91
008054,San Lorenzo al Mare,07,Liguria,008,Imperia,IM,1,Nord-ovest,H957,ITC,ITC3,ITC31,008054,1.455,43.859002,7.963295,1224,841.24
008055,Sanremo,07,Liguria,008,Imperia,IM,1,Nord-ovest,I138,ITC,ITC3,ITC31,008055,56.169,43.837203,7.776139,53157,946.38
008056,Santo Stefano al Mare,07,Liguria,008,Imperia,IM,1,Nord-ovest,I365,ITC,ITC3,ITC31,008056,2.695,43.845325,7.900199,1984,736.18
008057,Seborga,07,Liguria,008,Imperia,IM,1,Nord-ovest,I556,ITC,ITC3,ITC31,008057,4.856,43.828858,7.701411,286,58.9
008058,Soldano,07,Liguria,008,Imperia,IM,1,Nord-ovest,I796,ITC,ITC3,ITC31,008058,3.726,43.834153,7.659903,967,259.53
008059,Taggia,07,Liguria,008,Imperia,IM,1,Nord-ovest,L024,ITC,ITC3,ITC31,008059,31.059,43.870336,7.835925,13958,449.4
008060,Terzorio,07,Liguria,008,Imperia,IM,1,Nord-ovest,L146,ITC,ITC3,ITC31,008060,1.879,43.855847,7.903104,214,113.89
008061,Triora,07,Liguria,008,Imperia,IM,1,Nord-ovest,L430,ITC,ITC3,ITC31,008061,67.966,44.021494,7.71125,419,6.16
008062,Vallebona,07,Liguria,008,Imperia,IM,1,Nord-ovest,L596,ITC,ITC3,ITC31,008062,5.727,43.822755,7.670294,1240,216.52
008063,Vallecrosia,07,Liguria,008,Imperia,IM,1,Nord-ovest,L599,ITC,ITC3,ITC31,008063,3.633,43.800184,7.649191,6816,1876.14
008064,Vasia,07,Liguria,008,Imperia,IM,1,Nord-ovest,L693,ITC,ITC3,ITC31,008064,11.226,43.938209,7.945205,355,31.62
008065,Ventimiglia,07,Liguria,008,Imperia,IM,1,Nord-ovest,L741,ITC,ITC3,ITC31,008065,53.899,43.826457,7.550129,23083,428.26
008066,Vessalico,07,Liguria,008,Imperia,IM,1,Nord-ovest,L809,ITC,ITC3,ITC31,008066,10.497,44.057911,7.955681,279,26.58
008067,Villa Faraldi,07,Liguria,008,Imperia,IM,1,Nord-ovest,L943,ITC,ITC3,ITC31,008067,9.973,43.970325,8.083838,439,44.02
011001,Ameglia,07,Liguria,011,La Spezia,SP,1,Nord-ovest,A261,ITC,ITC3,ITC34,011001,14.482,44.057006,9.973201,4270,294.85
011002,Arcola,07,Liguria,011,La Spezia,SP,1,Nord-ovest,A373,ITC,ITC3,ITC34,011002,16.385,44.108806,9.910209,10229,624.29
011003,Beverino,07,Liguria,011,La Spezia,SP,1,Nord-ovest,A836,ITC,ITC3,ITC34,011003,34.926,44.18853,9.776902,2284,65.4
011004,Bolano,07,Liguria,011,La Spezia,SP,1,Nord-ovest,A932,ITC,ITC3,ITC34,011004,14.51,44.182242,9.888851,7456,513.85
011005,Bonassola,07,Liguria,011,La Spezia,SP,1,Nord-ovest,A961,ITC,ITC3,ITC34,011005,9.313,44.192971,9.584766,761,81.71
011006,Borghetto di Vara,07,Liguria,011,La Spezia,SP,1,Nord-ovest,A992,ITC,ITC3,ITC34,011006,26.962,44.2173,9.700068,928,34.42
011007,Brugnato,07,Liguria,011,La Spezia,SP,1,Nord-ovest,B214,ITC,ITC3,ITC34,011007,12.171,44.238951,9.729744,1291,106.07
011008,Calice al Cornoviglio,07,Liguria,011,La Spezia,SP,1,Nord-ovest,B410,ITC,ITC3,ITC34,011008,33.856,44.237666,9.829122,1023,30.22
011009,Carro,07,Liguria,011,La Spezia,SP,1,Nord-ovest,B838,ITC,ITC3,ITC34,011009,31.58,44.281106,9.615008,489,15.48
011010,Carrodano,07,Liguria,011,La Spezia,SP,1,Nord-ovest,B839,ITC,ITC3,ITC34,011010,21.903,44.239336,9.635493,459,20.96
011011,Castelnuovo Magra,07,Liguria,011,La Spezia,SP,1,Nord-ovest,C240,ITC,ITC3,ITC34,011011,15.151,44.091186,10.015497,8236,543.59
011012,Deiva Marina,07,Liguria,011,La Spezia,SP,1,Nord-ovest,D265,ITC,ITC3,ITC34,011012,13.981,44.234378,9.550694,1276,91.27
011013,Follo,07,Liguria,011,La Spezia,SP,1,Nord-ovest,D655,ITC,ITC3,ITC34,011013,23.187,44.171514,9.841901,6239,269.07
011014,Framura,07,Liguria,011,La Spezia,SP,1,Nord-ovest,D758,ITC,ITC3,ITC34,011014,19.37,44.220253,9.568089,567,29.27
011015,La Spezia,07,Liguria,011,La Spezia,SP,1,Nord-ovest,E463,ITC,ITC3,ITC34,011015,51.835,44.107446,9.799766,92610,1786.63
011016,Lerici,07,Liguria,011,La Spezia,SP,1,Nord-ovest,E542,ITC,ITC3,ITC34,011016,15.823,44.073644,9.927767,9143,577.83
011017,Levanto,07,Liguria,011,La Spezia,SP,1,Nord-ovest,E560,ITC,ITC3,ITC34,011017,36.506,44.178951,9.64068,5018,137.46
011020,Luni,07,Liguria,011,La Spezia,SP,1,Nord-ovest,G143,ITC,ITC3,ITC34,011020,13.85,44.083004,10.04519,8099,584.77
011018,Maissana,07,Liguria,011,La Spezia,SP,1,Nord-ovest,E842,ITC,ITC3,ITC34,011018,45.595,44.323772,9.535228,567,12.44
011019,Monterosso al Mare,07,Liguria,011,La Spezia,SP,1,Nord-ovest,F609,ITC,ITC3,ITC34,011019,11.041,44.159746,9.658644,1289,116.75
011021,Pignone,07,Liguria,011,La Spezia,SP,1,Nord-ovest,G664,ITC,ITC3,ITC34,011021,17.985,44.17692,9.713653,529,29.41
011022,Portovenere,07,Liguria,011,La Spezia,SP,1,Nord-ovest,G925,ITC,ITC3,ITC34,011022,7.836,44.067255,9.822054,3155,402.63
011023,Riccò del Golfo di Spezia,07,Liguria,011,La Spezia,SP,1,Nord-ovest,H275,ITC,ITC3,ITC34,011023,37.703,44.142858,9.761563,3643,96.62
011024,Riomaggiore,07,Liguria,011,La Spezia,SP,1,Nord-ovest,H304,ITC,ITC3,ITC34,011024,10.232,44.103799,9.747686,1260,123.14
011025,Rocchetta di Vara,07,Liguria,011,La Spezia,SP,1,Nord-ovest,H461,ITC,ITC3,ITC34,011025,32.775,44.253429,9.777812,661,20.17
011026,Santo Stefano di Magra,07,Liguria,011,La Spezia,SP,1,Nord-ovest,I363,ITC,ITC3,ITC34,011026,14.027,44.147095,9.929743,10004,713.2
011027,Sarzana,07,Liguria,011,La Spezia,SP,1,Nord-ovest,I449,ITC,ITC3,ITC34,011027,34.624,44.106838,9.966215,21726,627.48
011028,Sesta Godano,07,Liguria,011,La Spezia,SP,1,Nord-ovest,E070,ITC,ITC3,ITC34,011028,68.447,44.304125,9.67999,1263,18.45
011029,Varese Ligure,07,Liguria,011,La Spezia,SP,1,Nord-ovest,L681,ITC,ITC3,ITC34,011029,137.674,44.364435,9.62758,1717,12.47
011030,Vernazza,07,Liguria,011,La Spezia,SP,1,Nord-ovest,L774,ITC,ITC3,ITC34,011030,12.391,44.140687,9.693919,675,54.48
011031,Vezzano Ligure,07,Liguria,011,La Spezia,SP,1,Nord-ovest,L819,ITC,ITC3,ITC34,011031,18.238,44.146638,9.875452,7214,395.55
011032,Zignago,07,Liguria,011,La Spezia,SP,1,Nord-ovest,M177,ITC,ITC3,ITC34,011032,28.62,44.289006,9.751086,458,16.0
009001,Alassio,07,Liguria,009,Savona,SV,1,Nord-ovest,A122,ITC,ITC3,ITC32,009001,17.164,44.013271,8.153788,9905,577.08
009002,Albenga,07,Liguria,009,Savona,SV,1,Nord-ovest,A145,ITC,ITC3,ITC32,009002,36.7,44.06502,8.171995,23670,644.96
009004,Albisola Superiore,07,Liguria,009,Savona,SV,1,Nord-ovest,A166,ITC,ITC3,ITC32,009004,28.503,44.362727,8.46729,9471,332.28
009003,Albissola Marina,07,Liguria,009,Savona,SV,1,Nord-ovest,A165,ITC,ITC3,ITC32,009003,3.256,44.331106,8.49603,5125,1574.02
009005,Altare,07,Liguria,009,Savona,SV,1,Nord-ovest,A226,ITC,ITC3,ITC32,009005,11.61,44.316826,8.332954,1922,165.55
009006,Andora,07,Liguria,009,Savona,SV,1,Nord-ovest,A278,ITC,ITC3,ITC32,009006,31.708,43.978206,8.121972,7255,228.81
009007,Arnasco,07,Liguria,009,Savona,SV,1,Nord-ovest,A422,ITC,ITC3,ITC32,009007,5.833,44.080221,8.106049,529,90.69
009008,Balestrino,07,Liguria,009,Savona,SV,1,Nord-ovest,A593,ITC,ITC3,ITC32,009008,11.45,44.124335,8.168831,522,45.59
009009,Bardineto,07,Liguria,009,Savona,SV,1,Nord-ovest,A647,ITC,ITC3,ITC32,009009,29.974,44.187983,8.135019,764,25.49
009010,Bergeggi,07,Liguria,009,Savona,SV,1,Nord-ovest,A796,ITC,ITC3,ITC32,009010,3.799,44.252676,8.442903,1033,271.91
009011,Boissano,07,Liguria,009,Savona,SV,1,Nord-ovest,A931,ITC,ITC3,ITC32,009011,8.288,44.152822,8.202956,2584,311.78
009012,Borghetto Santo Spirito,07,Liguria,009,Savona,SV,1,Nord-ovest,A999,ITC,ITC3,ITC32,009012,5.393,44.116432,8.231727,4549,843.5
009013,Borgio Verezzi,07,Liguria,009,Savona,SV,1,Nord-ovest,B005,ITC,ITC3,ITC32,009013,2.897,44.165283,8.306235,2081,718.33
009014,Bormida,07,Liguria,009,Savona,SV,1,Nord-ovest,B048,ITC,ITC3,ITC32,009014,22.402,44.269461,8.229944,306,13.66
009015,Cairo Montenotte,07,Liguria,009,Savona,SV,1,Nord-ovest,B369,ITC,ITC3,ITC32,009015,100.543,44.401625,8.292949,12960,128.9
009016,Calice Ligure,07,Liguria,009,Savona,SV,1,Nord-ovest,B409,ITC,ITC3,ITC32,009016,20.689,44.234914,8.291669,1674,80.91
009017,Calizzano,07,Liguria,009,Savona,SV,1,Nord-ovest,B416,ITC,ITC3,ITC32,009017,62.896,44.244136,8.133158,1457,23.17
009018,Carcare,07,Liguria,009,Savona,SV,1,Nord-ovest,B748,ITC,ITC3,ITC32,009018,10.31,44.346651,8.28857,5209,505.24
009019,Casanova Lerrone,07,Liguria,009,Savona,SV,1,Nord-ovest,B927,ITC,ITC3,ITC32,009019,24.238,44.033682,8.032754,738,30.45
009020,Castelbianco,07,Liguria,009,Savona,SV,1,Nord-ovest,C063,ITC,ITC3,ITC32,009020,14.729,44.113466,8.072588,319,21.66
009021,Castelvecchio di Rocca Barbena,07,Liguria,009,Savona,SV,1,Nord-ovest,C276,ITC,ITC3,ITC32,009021,16.233,44.146392,8.126465,133,8.19
009022,Celle Ligure,07,Liguria,009,Savona,SV,1,Nord-ovest,C443,ITC,ITC3,ITC32,009022,9.573,44.354574,8.534902,4825,504.02
009023,Cengio,07,Liguria,009,Savona,SV,1,Nord-ovest,C463,ITC,ITC3,ITC32,009023,18.499,44.39903,8.213745,3505,189.47
009024,Ceriale,07,Liguria,009,Savona,SV,1,Nord-ovest,C510,ITC,ITC3,ITC32,009024,10.969,44.093461,8.216548,5401,492.39
009025,Cisano sul Neva,07,Liguria,009,Savona,SV,1,Nord-ovest,C729,ITC,ITC3,ITC32,009025,12.172,44.088317,8.136507,2132,175.16
009026,Cosseria,07,Liguria,009,Savona,SV,1,Nord-ovest,D095,ITC,ITC3,ITC32,009026,12.584,44.37306,8.246225,1029,81.77
009027,Dego,07,Liguria,009,Savona,SV,1,Nord-ovest,D264,ITC,ITC3,ITC32,009027,66.884,44.44836,8.295225,1826,27.3
009028,Erli,07,Liguria,009,Savona,SV,1,Nord-ovest,D424,ITC,ITC3,ITC32,009028,16.555,44.147693,8.091393,245,14.8
009029,Finale Ligure,07,Liguria,009,Savona,SV,1,Nord-ovest,D600,ITC,ITC3,ITC32,009029,35.13,44.191587,8.345411,10903,310.36
009030,Garlenda,07,Liguria,009,Savona,SV,1,Nord-ovest,D927,ITC,ITC3,ITC32,009030,8.095,44.029541,8.095989,1397,172.58
009031,Giustenice,07,Liguria,009,Savona,SV,1,Nord-ovest,E064,ITC,ITC3,ITC32,009031,17.311,44.180972,8.217006,992,57.3
009032,Giusvalla,07,Liguria,009,Savona,SV,1,Nord-ovest,E066,ITC,ITC3,ITC32,009032,19.69,44.448867,8.396334,389,19.76
009033,Laigueglia,07,Liguria,009,Savona,SV,1,Nord-ovest,E414,ITC,ITC3,ITC32,009033,2.758,43.974239,8.155485,1681,609.5
009034,Loano,07,Liguria,009,Savona,SV,1,Nord-ovest,E632,ITC,ITC3,ITC32,009034,13.568,44.146661,8.240698,10710,789.36
009035,Magliolo,07,Liguria,009,Savona,SV,1,Nord-ovest,E816,ITC,ITC3,ITC32,009035,19.462,44.211743,8.208691,992,50.97
009036,Mallare,07,Liguria,009,Savona,SV,1,Nord-ovest,E860,ITC,ITC3,ITC32,009036,32.072,44.289257,8.293207,1017,31.71
009037,Massimino,07,Liguria,009,Savona,SV,1,Nord-ovest,F046,ITC,ITC3,ITC32,009037,7.923,44.295823,8.081223,102,12.87
009038,Millesimo,07,Liguria,009,Savona,SV,1,Nord-ovest,F213,ITC,ITC3,ITC32,009038,15.667,44.347594,8.205942,3334,212.8
009039,Mioglia,07,Liguria,009,Savona,SV,1,Nord-ovest,F226,ITC,ITC3,ITC32,009039,19.267,44.487812,8.427422,502,26.05
009040,Murialdo,07,Liguria,009,Savona,SV,1,Nord-ovest,F813,ITC,ITC3,ITC32,009040,39.192,44.300493,8.142278,715,18.24
009041,Nasino,07,Liguria,009,Savona,SV,1,Nord-ovest,F847,ITC,ITC3,ITC32,009041,22.369,44.125979,8.025741,145,6.48
009042,Noli,07,Liguria,009,Savona,SV,1,Nord-ovest,F926,ITC,ITC3,ITC32,009042,9.738,44.211569,8.397306,2373,243.68
009043,Onzo,07,Liguria,009,Savona,SV,1,Nord-ovest,G076,ITC,ITC3,ITC32,009043,8.043,44.078429,8.048125,209,25.99
009044,Orco Feglino,07,Liguria,009,Savona,SV,1,Nord-ovest,D522,ITC,ITC3,ITC32,009044,17.274,44.235795,8.325358,901,52.16
009045,Ortovero,07,Liguria,009,Savona,SV,1,Nord-ovest,G144,ITC,ITC3,ITC32,009045,9.685,44.058958,8.08617,1689,174.39
009046,Osiglia,07,Liguria,009,Savona,SV,1,Nord-ovest,G155,ITC,ITC3,ITC32,009046,28.231,44.28348,8.194791,401,14.2
009047,Pallare,07,Liguria,009,Savona,SV,1,Nord-ovest,G281,ITC,ITC3,ITC32,009047,21.448,44.320299,8.255063,867,40.42
009048,Piana Crixia,07,Liguria,009,Savona,SV,1,Nord-ovest,G542,ITC,ITC3,ITC32,009048,30.609,44.497142,8.264501,749,24.47
009049,Pietra Ligure,07,Liguria,009,Savona,SV,1,Nord-ovest,G605,ITC,ITC3,ITC32,009049,9.713,44.159181,8.27936,8224,846.7
009050,Plodio,07,Liguria,009,Savona,SV,1,Nord-ovest,G741,ITC,ITC3,ITC32,009050,8.632,44.351436,8.247441,616,71.36
009051,Pontinvrea,07,Liguria,009,Savona,SV,1,Nord-ovest,G866,ITC,ITC3,ITC32,009051,24.831,44.430534,8.44625,807,32.5
009052,Quiliano,07,Liguria,009,Savona,SV,1,Nord-ovest,H126,ITC,ITC3,ITC32,009052,49.696,44.295769,8.380345,6818,137.19
009053,Rialto,07,Liguria,009,Savona,SV,1,Nord-ovest,H266,ITC,ITC3,ITC32,009053,19.649,44.22678,8.253832,526,26.77
009054,Roccavignale,07,Liguria,009,Savona,SV,1,Nord-ovest,H452,ITC,ITC3,ITC32,009054,17.892,44.348904,8.167149,755,42.2
009055,Sassello,07,Liguria,009,Savona,SV,1,Nord-ovest,I453,ITC,ITC3,ITC32,009055,100.816,44.475217,8.519851,1700,16.86
009056,Savona,07,Liguria,009,Savona,SV,1,Nord-ovest,I480,ITC,ITC3,ITC32,009056,65.574,44.334493,8.430633,58421,890.92
009057,Spotorno,07,Liguria,009,Savona,SV,1,Nord-ovest,I926,ITC,ITC3,ITC32,009057,7.991,44.231675,8.405217,3314,414.72
009058,Stella,07,Liguria,009,Savona,SV,1,Nord-ovest,I946,ITC,ITC3,ITC32,009058,43.921,44.398265,8.486615,2945,67.05
009059,Stellanello,07,Liguria,009,Savona,SV,1,Nord-ovest,I947,ITC,ITC3,ITC32,009059,17.78,43.997382,8.055683,806,45.33
009060,Testico,07,Liguria,009,Savona,SV,1,Nord-ovest,L152,ITC,ITC3,ITC32,009060,10.16,44.005373,8.020745,173,17.03
009061,Toirano,07,Liguria,009,Savona,SV,1,Nord-ovest,L190,ITC,ITC3,ITC32,009061,18.947,44.139578,8.187909,2724,143.77
009062,Tovo San Giacomo,07,Liguria,009,Savona,SV,1,Nord-ovest,L315,ITC,ITC3,ITC32,009062,9.414,44.184562,8.262803,2507,266.31
009063,Urbe,07,Liguria,009,Savona,SV,1,Nord-ovest,L499,ITC,ITC3,ITC32,009063,31.195,44.480931,8.629816,651,20.87
009064,Vado Ligure,07,Liguria,009,Savona,SV,1,Nord-ovest,L528,ITC,ITC3,ITC32,009064,23.797,44.259666,8.394452,7967,334.79
009065,Varazze,07,Liguria,009,Savona,SV,1,Nord-ovest,L675,ITC,ITC3,ITC32,009065,48.023,44.391364,8.572977,12409,258.4
009066,Vendone,07,Liguria,009,Savona,SV,1,Nord-ovest,L730,ITC,ITC3,ITC32,009066,10.221,44.084583,8.069276,343,33.56
009067,Vezzi Portio,07,Liguria,009,Savona,SV,1,Nord-ovest,L823,ITC,ITC3,ITC32,009067,9.073,44.23221,8.363555,795,87.62
009068,Villanova d'Albenga,07,Liguria,009,Savona,SV,1,Nord-ovest,L975,ITC,ITC3,ITC32,009068,15.751,44.037605,8.141305,2888,183.35
009069,Zuccarello,07,Liguria,009,Savona,SV,1,Nord-ovest,M197,ITC,ITC3,ITC32,009069,10.971,44.107666,8.133602,284,25.89
016001,Adrara San Martino,03,Lombardia,016,Bergamo,BG,1,Nord-ovest,A057,ITC,ITC4,ITC46,016001,12.808,45.715939,9.943919,2213,172.78
016002,Adrara San Rocco,03,Lombardia,016,Bergamo,BG,1,Nord-ovest,A058,ITC,ITC4,ITC46,016002,9.403,45.730801,9.973694,816,86.78
016003,Albano Sant'Alessandro,03,Lombardia,016,Bergamo,BG,1,Nord-ovest,A129,ITC,ITC4,ITC46,016003,5.483,45.685303,9.770107,8342,1521.43
016004,Albino,03,Lombardia,016,Bergamo,BG,1,Nord-ovest,A163,ITC,ITC4,ITC46,016004,32.054,45.758481,9.821067,17588,548.7
016248,Algua,03,Lombardia,016,Bergamo,BG,1,Nord-ovest,A193,ITC,ITC4,ITC46,016248,8.488,45.801629,9.748746,698,82.23
016006,Almenno San Bartolomeo,03,Lombardia,016,Bergamo,BG,1,Nord-ovest,A216,ITC,ITC4,ITC46,016006,10.648,45.74861,9.563536,6630,622.65
016007,Almenno San Salvatore,03,Lombardia,016,Bergamo,BG,1,Nord-ovest,A217,ITC,ITC4,ITC46,016007,4.908,45.751772,9.592759,5502,1121.03
016005,Almè,03,Lombardia,016,Bergamo,BG,1,Nord-ovest,A214,ITC,ITC4,ITC46,016005,1.862,45.738672,9.61381,5483,2944.68
016008,Alzano Lombardo,03,Lombardia,016,Bergamo,BG,1,Nord-ovest,A246,ITC,ITC4,ITC46,016008,13.518,45.752193,9.712881,13379,989.72
016009,Ambivere,03,Lombardia,016,Bergamo,BG,1,Nord-ovest,A259,ITC,ITC4,ITC46,016009,3.389,45.721683,9.539121,2334,688.7
016010,Antegnate,03,Lombardia,016,Bergamo,BG,1,Nord-ovest,A304,ITC,ITC4,ITC46,016010,9.722,45.486004,9.797496,3456,355.48
016011,Arcene,03,Lombardia,016,Bergamo,BG,1,Nord-ovest,A365,ITC,ITC4,ITC46,016011,4.489,45.574557,9.61226,5112,1138.78
016012,Ardesio,03,Lombardia,016,Bergamo,BG,1,Nord-ovest,A383,ITC,ITC4,ITC46,016012,54.444,45.948233,9.893002,3239,59.49
016013,Arzago d'Adda,03,Lombardia,016,Bergamo,BG,1,Nord-ovest,A440,ITC,ITC4,ITC46,016013,9.373,45.473234,9.566487,2767,295.21
016014,Averara,03,Lombardia,016,Bergamo,BG,1,Nord-ovest,A511,ITC,ITC4,ITC46,016014,10.403,46.013192,9.639152,179,17.21
016015,Aviatico,03,Lombardia,016,Bergamo,BG,1,Nord-ovest,A517,ITC,ITC4,ITC46,016015,8.384,45.791992,9.789906,593,70.73
016016,Azzano San Paolo,03,Lombardia,016,Bergamo,BG,1,Nord-ovest,A528,ITC,ITC4,ITC46,016016,4.058,45.657486,9.67952,7725,1903.65
016017,Azzone,03,Lombardia,016,Bergamo,BG,1,Nord-ovest,A533,ITC,ITC4,ITC46,016017,17.482,45.965799,10.130954,351,20.08
016018,Bagnatica,03,Lombardia,016,Bergamo,BG,1,Nord-ovest,A557,ITC,ITC4,ITC46,016018,6.479,45.657361,9.766587,4448,686.53
016019,Barbata,03,Lombardia,016,Bergamo,BG,1,Nord-ovest,A631,ITC,ITC4,ITC46,016019,7.847,45.457403,9.76992,695,88.57
016020,Bariano,03,Lombardia,016,Bergamo,BG,1,Nord-ovest,A664,ITC,ITC4,ITC46,016020,7.05,45.512664,9.707815,4332,614.47
016021,Barzana,03,Lombardia,016,Bergamo,BG,1,Nord-ovest,A684,ITC,ITC4,ITC46,016021,2.18,45.731057,9.568623,2039,935.32
016022,Bedulita,03,Lombardia,016,Bergamo,BG,1,Nord-ovest,A732,ITC,ITC4,ITC46,016022,4.317,45.792599,9.543843,712,164.93
016023,Berbenno,03,Lombardia,016,Bergamo,BG,1,Nord-ovest,A786,ITC,ITC4,ITC46,016023,6.247,45.805039,9.566921,2526,404.35
016024,Bergamo,03,Lombardia,016,Bergamo,BG,1,Nord-ovest,A794,ITC,ITC4,ITC46,016024,39.893,45.693601,9.667185,120629,3023.81
016025,Berzo San Fermo,03,Lombardia,016,Bergamo,BG,1,Nord-ovest,A815,ITC,ITC4,ITC46,016025,5.954,45.714742,9.910865,1456,244.54
016026,Bianzano,03,Lombardia,016,Bergamo,BG,1,Nord-ovest,A846,ITC,ITC4,ITC46,016026,6.668,45.774127,9.900011,642,96.28
016027,Blello,03,Lombardia,016,Bergamo,BG,1,Nord-ovest,A903,ITC,ITC4,ITC46,016027,2.165,45.835856,9.567777,71,32.79
016028,Bolgare,03,Lombardia,016,Bergamo,BG,1,Nord-ovest,A937,ITC,ITC4,ITC46,016028,8.46,45.628839,9.820028,6731,795.63
016029,Boltiere,03,Lombardia,016,Bergamo,BG,1,Nord-ovest,A950,ITC,ITC4,ITC46,016029,4.117,45.598972,9.578728,6185,1502.31
016030,Bonate Sopra,03,Lombardia,016,Bergamo,BG,1,Nord-ovest,A963,ITC,ITC4,ITC46,016030,5.9,45.685008,9.566734,10652,1805.42
016031,Bonate Sotto,03,Lombardia,016,Bergamo,BG,1,Nord-ovest,A962,ITC,ITC4,ITC46,016031,6.243,45.661232,9.559455,6645,1064.39
016032,Borgo di Terzo,03,Lombardia,016,Bergamo,BG,1,Nord-ovest,B010,ITC,ITC4,ITC46,016032,1.801,45.727015,9.874589,1225,680.18
016033,Bossico,03,Lombardia,016,Bergamo,BG,1,Nord-ovest,B083,ITC,ITC4,ITC46,016033,7.428,45.841087,10.043015,965,129.91
016034,Bottanuco,03,Lombardia,016,Bergamo,BG,1,Nord-ovest,B088,ITC,ITC4,ITC46,016034,5.846,45.637674,9.515228,5085,869.83
016035,Bracca,03,Lombardia,016,Bergamo,BG,1,Nord-ovest,B112,ITC,ITC4,ITC46,016035,5.57,45.81982,9.705037,705,126.57
016036,Branzi,03,Lombardia,016,Bergamo,BG,1,Nord-ovest,B123,ITC,ITC4,ITC46,016036,25.821,46.004335,9.754952,612,23.7
016037,Brembate,03,Lombardia,016,Bergamo,BG,1,Nord-ovest,B137,ITC,ITC4,ITC46,016037,5.616,45.608048,9.553594,8745,1557.16
016038,Brembate di Sopra,03,Lombardia,016,Bergamo,BG,1,Nord-ovest,B138,ITC,ITC4,ITC46,016038,4.12,45.715811,9.577086,8068,1958.25
016040,Brignano Gera d'Adda,03,Lombardia,016,Bergamo,BG,1,Nord-ovest,B178,ITC,ITC4,ITC46,016040,12.102,45.545548,9.650871,6267,517.85
016041,Brumano,03,Lombardia,016,Bergamo,BG,1,Nord-ovest,B217,ITC,ITC4,ITC46,016041,8.206,45.853685,9.48858,135,16.45
016042,Brusaporto,03,Lombardia,016,Bergamo,BG,1,Nord-ovest,B223,ITC,ITC4,ITC46,016042,5.232,45.669799,9.76413,5704,1090.21
016043,Calcinate,03,Lombardia,016,Bergamo,BG,1,Nord-ovest,B393,ITC,ITC4,ITC46,016043,14.785,45.623556,9.794991,6254,423.0
016044,Calcio,03,Lombardia,016,Bergamo,BG,1,Nord-ovest,B395,ITC,ITC4,ITC46,016044,15.553,45.502365,9.844502,5551,356.91
016046,Calusco d'Adda,03,Lombardia,016,Bergamo,BG,1,Nord-ovest,B434,ITC,ITC4,ITC46,016046,8.342,45.687732,9.481185,8432,1010.79
016047,Calvenzano,03,Lombardia,016,Bergamo,BG,1,Nord-ovest,B442,ITC,ITC4,ITC46,016047,6.756,45.489145,9.60089,4535,671.26
016048,Camerata Cornello,03,Lombardia,016,Bergamo,BG,1,Nord-ovest,B471,ITC,ITC4,ITC46,016048,12.899,45.913003,9.642768,545,42.25
016049,Canonica d'Adda,03,Lombardia,016,Bergamo,BG,1,Nord-ovest,B618,ITC,ITC4,ITC46,016049,3.202,45.57951,9.544344,4293,1340.72
016050,Capizzone,03,Lombardia,016,Bergamo,BG,1,Nord-ovest,B661,ITC,ITC4,ITC46,016050,4.579,45.788913,9.579868,1235,269.71
016051,Capriate San Gervasio,03,Lombardia,016,Bergamo,BG,1,Nord-ovest,B703,ITC,ITC4,ITC46,016051,5.524,45.607967,9.534714,8316,1505.43
016052,Caprino Bergamasco,03,Lombardia,016,Bergamo,BG,1,Nord-ovest,B710,ITC,ITC4,ITC46,016052,8.799,45.759767,9.494595,3087,350.84
016053,Caravaggio,03,Lombardia,016,Bergamo,BG,1,Nord-ovest,B731,ITC,ITC4,ITC46,016053,33.007,45.486202,9.643004,16513,500.29
016055,Carobbio degli Angeli,03,Lombardia,016,Bergamo,BG,1,Nord-ovest,B801,ITC,ITC4,ITC46,016055,6.781,45.660357,9.832954,4912,724.38
016056,Carona,03,Lombardia,016,Bergamo,BG,1,Nord-ovest,B803,ITC,ITC4,ITC46,016056,44.206,46.026768,9.833142,282,6.38
016057,Carvico,03,Lombardia,016,Bergamo,BG,1,Nord-ovest,B854,ITC,ITC4,ITC46,016057,4.662,45.707517,9.484102,4700,1008.15
016058,Casazza,03,Lombardia,016,Bergamo,BG,1,Nord-ovest,B947,ITC,ITC4,ITC46,016058,7.137,45.751062,9.909589,3843,538.46
016059,Casirate d'Adda,03,Lombardia,016,Bergamo,BG,1,Nord-ovest,B971,ITC,ITC4,ITC46,016059,10.216,45.499885,9.553519,4139,405.15
016060,Casnigo,03,Lombardia,016,Bergamo,BG,1,Nord-ovest,B978,ITC,ITC4,ITC46,016060,13.739,45.820285,9.869614,3005,218.72
016061,Cassiglio,03,Lombardia,016,Bergamo,BG,1,Nord-ovest,C007,ITC,ITC4,ITC46,016061,13.382,45.956,9.605595,105,7.85
016063,Castel Rozzone,03,Lombardia,016,Bergamo,BG,1,Nord-ovest,C255,ITC,ITC4,ITC46,016063,1.695,45.55283,9.621622,2855,1684.37
016062,Castelli Calepio,03,Lombardia,016,Bergamo,BG,1,Nord-ovest,C079,ITC,ITC4,ITC46,016062,10.32,45.631246,9.896131,10484,1015.89
016064,Castione della Presolana,03,Lombardia,016,Bergamo,BG,1,Nord-ovest,C324,ITC,ITC4,ITC46,016064,42.593,45.917626,10.051181,3381,79.38
016065,Castro,03,Lombardia,016,Bergamo,BG,1,Nord-ovest,C337,ITC,ITC4,ITC46,016065,2.593,45.800024,10.06495,1191,459.31
016066,Cavernago,03,Lombardia,016,Bergamo,BG,1,Nord-ovest,C396,ITC,ITC4,ITC46,016066,7.875,45.619157,9.760122,2974,377.65
016067,Cazzano Sant'Andrea,03,Lombardia,016,Bergamo,BG,1,Nord-ovest,C410,ITC,ITC4,ITC46,016067,1.97,45.808542,9.882527,1694,859.9
016068,Cenate Sopra,03,Lombardia,016,Bergamo,BG,1,Nord-ovest,C456,ITC,ITC4,ITC46,016068,6.993,45.718451,9.818802,2551,364.79
016069,Cenate Sotto,03,Lombardia,016,Bergamo,BG,1,Nord-ovest,C457,ITC,ITC4,ITC46,016069,4.671,45.700245,9.817615,4001,856.56
016070,Cene,03,Lombardia,016,Bergamo,BG,1,Nord-ovest,C459,ITC,ITC4,ITC46,016070,8.588,45.779481,9.845538,4044,470.89
016071,Cerete,03,Lombardia,016,Bergamo,BG,1,Nord-ovest,C506,ITC,ITC4,ITC46,016071,14.074,45.854113,10.011257,1643,116.74
016072,Chignolo d'Isola,03,Lombardia,016,Bergamo,BG,1,Nord-ovest,C635,ITC,ITC4,ITC46,016072,5.763,45.664396,9.52934,3383,587.02
016073,Chiuduno,03,Lombardia,016,Bergamo,BG,1,Nord-ovest,C649,ITC,ITC4,ITC46,016073,6.959,45.651899,9.849389,6260,899.55
016074,Cisano Bergamasco,03,Lombardia,016,Bergamo,BG,1,Nord-ovest,C728,ITC,ITC4,ITC46,016074,7.893,45.754183,9.465726,6232,789.56
016075,Ciserano,03,Lombardia,016,Bergamo,BG,1,Nord-ovest,C730,ITC,ITC4,ITC46,016075,5.26,45.585544,9.595332,5843,1110.84
016076,Cividate al Piano,03,Lombardia,016,Bergamo,BG,1,Nord-ovest,C759,ITC,ITC4,ITC46,016076,9.546,45.546362,9.822658,5099,534.15
016077,Clusone,03,Lombardia,016,Bergamo,BG,1,Nord-ovest,C800,ITC,ITC4,ITC46,016077,26.509,45.879043,9.937214,8596,324.27
016078,Colere,03,Lombardia,016,Bergamo,BG,1,Nord-ovest,C835,ITC,ITC4,ITC46,016078,18.62,45.957934,10.081363,1077,57.84
016079,Cologno al Serio,03,Lombardia,016,Bergamo,BG,1,Nord-ovest,C894,ITC,ITC4,ITC46,016079,18.556,45.575241,9.713062,11287,608.27
016080,Colzate,03,Lombardia,016,Bergamo,BG,1,Nord-ovest,C910,ITC,ITC4,ITC46,016080,6.736,45.829685,9.852032,1641,243.62
016081,Comun Nuovo,03,Lombardia,016,Bergamo,BG,1,Nord-ovest,C937,ITC,ITC4,ITC46,016081,6.657,45.614061,9.661863,4471,671.62
016082,Corna Imagna,03,Lombardia,016,Bergamo,BG,1,Nord-ovest,D015,ITC,ITC4,ITC46,016082,4.549,45.837076,9.548378,918,201.8
016249,Cornalba,03,Lombardia,016,Bergamo,BG,1,Nord-ovest,D016,ITC,ITC4,ITC46,016249,9.306,45.855051,9.757738,305,32.77
016083,Cortenuova,03,Lombardia,016,Bergamo,BG,1,Nord-ovest,D066,ITC,ITC4,ITC46,016083,7.188,45.53367,9.793519,1981,275.6
016247,Costa Serina,03,Lombardia,016,Bergamo,BG,1,Nord-ovest,D111,ITC,ITC4,ITC46,016247,12.04,45.822017,9.744997,910,75.58
016085,Costa Valle Imagna,03,Lombardia,016,Bergamo,BG,1,Nord-ovest,D103,ITC,ITC4,ITC46,016085,4.434,45.803115,9.501889,547,123.36
016086,Costa Volpino,03,Lombardia,016,Bergamo,BG,1,Nord-ovest,D117,ITC,ITC4,ITC46,016086,18.746,45.840827,10.090957,8792,469.01
016084,Costa di Mezzate,03,Lombardia,016,Bergamo,BG,1,Nord-ovest,D110,ITC,ITC4,ITC46,016084,5.384,45.655381,9.798957,3428,636.7
016087,Covo,03,Lombardia,016,Bergamo,BG,1,Nord-ovest,D126,ITC,ITC4,ITC46,016087,13.018,45.50364,9.797446,4368,335.54
016088,Credaro,03,Lombardia,016,Bergamo,BG,1,Nord-ovest,D139,ITC,ITC4,ITC46,016088,3.31,45.662646,9.920375,3561,1075.83
016089,Curno,03,Lombardia,016,Bergamo,BG,1,Nord-ovest,D221,ITC,ITC4,ITC46,016089,4.758,45.686255,9.60683,7574,1591.85
016090,Cusio,03,Lombardia,016,Bergamo,BG,1,Nord-ovest,D233,ITC,ITC4,ITC46,016090,9.457,46.000632,9.596002,197,20.83
016091,Dalmine,03,Lombardia,016,Bergamo,BG,1,Nord-ovest,D245,ITC,ITC4,ITC46,016091,11.931,45.64545,9.598971,23818,1996.31
016092,Dossena,03,Lombardia,016,Bergamo,BG,1,Nord-ovest,D352,ITC,ITC4,ITC46,016092,19.599,45.892792,9.701513,878,44.8
016093,Endine Gaiano,03,Lombardia,016,Bergamo,BG,1,Nord-ovest,D406,ITC,ITC4,ITC46,016093,20.954,45.78328,9.968491,3462,165.22
016094,Entratico,03,Lombardia,016,Bergamo,BG,1,Nord-ovest,D411,ITC,ITC4,ITC46,016094,4.07,45.703385,9.882502,2025,497.54
016096,Fara Gera d'Adda,03,Lombardia,016,Bergamo,BG,1,Nord-ovest,D490,ITC,ITC4,ITC46,016096,10.768,45.545143,9.546496,8080,750.37
016097,Fara Olivana con Sola,03,Lombardia,016,Bergamo,BG,1,Nord-ovest,D491,ITC,ITC4,ITC46,016097,4.883,45.488835,9.735606,1345,275.45
016098,Filago,03,Lombardia,016,Bergamo,BG,1,Nord-ovest,D588,ITC,ITC4,ITC46,016098,5.346,45.629866,9.548294,3130,585.48
016099,Fino del Monte,03,Lombardia,016,Bergamo,BG,1,Nord-ovest,D604,ITC,ITC4,ITC46,016099,4.389,45.906666,9.996102,1135,258.6
016100,Fiorano al Serio,03,Lombardia,016,Bergamo,BG,1,Nord-ovest,D606,ITC,ITC4,ITC46,016100,1.05,45.804495,9.839826,2938,2798.1
016101,Fontanella,03,Lombardia,016,Bergamo,BG,1,Nord-ovest,D672,ITC,ITC4,ITC46,016101,17.866,45.451747,9.798658,4914,275.05
016102,Fonteno,03,Lombardia,016,Bergamo,BG,1,Nord-ovest,D684,ITC,ITC4,ITC46,016102,10.86,45.752598,10.001514,550,50.64
016103,Foppolo,03,Lombardia,016,Bergamo,BG,1,Nord-ovest,D688,ITC,ITC4,ITC46,016103,16.582,46.047756,9.755081,152,9.17
016104,Foresto Sparso,03,Lombardia,016,Bergamo,BG,1,Nord-ovest,D697,ITC,ITC4,ITC46,016104,7.853,45.693089,9.91106,3133,398.96
016105,Fornovo San Giovanni,03,Lombardia,016,Bergamo,BG,1,Nord-ovest,D727,ITC,ITC4,ITC46,016105,7.017,45.491912,9.682319,3424,487.96
016106,Fuipiano Valle Imagna,03,Lombardia,016,Bergamo,BG,1,Nord-ovest,D817,ITC,ITC4,ITC46,016106,4.484,45.858052,9.530835,203,45.27
016107,Gandellino,03,Lombardia,016,Bergamo,BG,1,Nord-ovest,D903,ITC,ITC4,ITC46,016107,25.029,46.007529,9.936625,936,37.4
016108,Gandino,03,Lombardia,016,Bergamo,BG,1,Nord-ovest,D905,ITC,ITC4,ITC46,016108,28.918,45.826789,9.934458,5182,179.2
016109,Gandosso,03,Lombardia,016,Bergamo,BG,1,Nord-ovest,D906,ITC,ITC4,ITC46,016109,3.093,45.662761,9.895946,1446,467.51
016110,Gaverina Terme,03,Lombardia,016,Bergamo,BG,1,Nord-ovest,D943,ITC,ITC4,ITC46,016110,5.285,45.755278,9.883688,899,170.1
016111,Gazzaniga,03,Lombardia,016,Bergamo,BG,1,Nord-ovest,D952,ITC,ITC4,ITC46,016111,14.595,45.813075,9.797393,4976,340.94
016113,Ghisalba,03,Lombardia,016,Bergamo,BG,1,Nord-ovest,E006,ITC,ITC4,ITC46,016113,10.722,45.593221,9.761495,6256,583.47
016114,Gorlago,03,Lombardia,016,Bergamo,BG,1,Nord-ovest,E100,ITC,ITC4,ITC46,016114,5.43,45.666817,9.816383,5182,954.33
016115,Gorle,03,Lombardia,016,Bergamo,BG,1,Nord-ovest,E103,ITC,ITC4,ITC46,016115,2.645,45.700737,9.716554,6572,2484.69
016116,Gorno,03,Lombardia,016,Bergamo,BG,1,Nord-ovest,E106,ITC,ITC4,ITC46,016116,9.969,45.874366,9.838689,1429,143.34
016117,Grassobbio,03,Lombardia,016,Bergamo,BG,1,Nord-ovest,E148,ITC,ITC4,ITC46,016117,8.707,45.649392,9.722229,6547,751.92
016118,Gromo,03,Lombardia,016,Bergamo,BG,1,Nord-ovest,E189,ITC,ITC4,ITC46,016118,20.085,45.974125,9.969515,1142,56.86
016119,Grone,03,Lombardia,016,Bergamo,BG,1,Nord-ovest,E192,ITC,ITC4,ITC46,016119,7.46,45.73111,9.929597,938,125.74
016120,Grumello del Monte,03,Lombardia,016,Bergamo,BG,1,Nord-ovest,E219,ITC,ITC4,ITC46,016120,9.981,45.636902,9.87165,7675,768.96
016121,Isola di Fondra,03,Lombardia,016,Bergamo,BG,1,Nord-ovest,E353,ITC,ITC4,ITC46,016121,12.8,45.977646,9.749439,172,13.44
016122,Isso,03,Lombardia,016,Bergamo,BG,1,Nord-ovest,E370,ITC,ITC4,ITC46,016122,5.168,45.469819,9.75362,635,122.87
016123,Lallio,03,Lombardia,016,Bergamo,BG,1,Nord-ovest,E422,ITC,ITC4,ITC46,016123,2.108,45.66256,9.625097,4254,2018.03
016124,Leffe,03,Lombardia,016,Bergamo,BG,1,Nord-ovest,E509,ITC,ITC4,ITC46,016124,6.874,45.789568,9.881594,4313,627.44
016125,Lenna,03,Lombardia,016,Bergamo,BG,1,Nord-ovest,E524,ITC,ITC4,ITC46,016125,12.893,45.931455,9.685931,549,42.58
016126,Levate,03,Lombardia,016,Bergamo,BG,1,Nord-ovest,E562,ITC,ITC4,ITC46,016126,5.396,45.628487,9.628323,3740,693.11
016127,Locatello,03,Lombardia,016,Bergamo,BG,1,Nord-ovest,E640,ITC,ITC4,ITC46,016127,3.701,45.842668,9.5321,812,219.4
016128,Lovere,03,Lombardia,016,Bergamo,BG,1,Nord-ovest,E704,ITC,ITC4,ITC46,016128,8.021,45.823427,10.068724,4943,616.26
016129,Lurano,03,Lombardia,016,Bergamo,BG,1,Nord-ovest,E751,ITC,ITC4,ITC46,016129,4.168,45.568866,9.642581,2893,694.1
016130,Luzzana,03,Lombardia,016,Bergamo,BG,1,Nord-ovest,E770,ITC,ITC4,ITC46,016130,3.524,45.722605,9.867248,912,258.8
016131,Madone,03,Lombardia,016,Bergamo,BG,1,Nord-ovest,E794,ITC,ITC4,ITC46,016131,3.224,45.649752,9.545313,4211,1306.14
016132,Mapello,03,Lombardia,016,Bergamo,BG,1,Nord-ovest,E901,ITC,ITC4,ITC46,016132,8.597,45.706204,9.537812,7039,818.77
016133,Martinengo,03,Lombardia,016,Bergamo,BG,1,Nord-ovest,E987,ITC,ITC4,ITC46,016133,21.976,45.560783,9.775569,11172,508.37
016250,Medolago,03,Lombardia,016,Bergamo,BG,1,Nord-ovest,F085,ITC,ITC4,ITC46,016250,4.008,45.673464,9.501503,2381,594.06
016134,Mezzoldo,03,Lombardia,016,Bergamo,BG,1,Nord-ovest,F186,ITC,ITC4,ITC46,016134,19.013,46.024158,9.651486,170,8.94
016135,Misano di Gera d'Adda,03,Lombardia,016,Bergamo,BG,1,Nord-ovest,F243,ITC,ITC4,ITC46,016135,6.32,45.466329,9.627205,3058,483.86
016136,Moio de' Calvi,03,Lombardia,016,Bergamo,BG,1,Nord-ovest,F276,ITC,ITC4,ITC46,016136,6.159,45.963258,9.70289,199,32.31
016137,Monasterolo del Castello,03,Lombardia,016,Bergamo,BG,1,Nord-ovest,F328,ITC,ITC4,ITC46,016137,8.833,45.759274,9.935582,1153,130.53
016139,Montello,03,Lombardia,016,Bergamo,BG,1,Nord-ovest,F547,ITC,ITC4,ITC46,016139,1.658,45.672073,9.803206,3267,1970.45
016140,Morengo,03,Lombardia,016,Bergamo,BG,1,Nord-ovest,F720,ITC,ITC4,ITC46,016140,9.656,45.538595,9.708464,2486,257.46
016141,Mornico al Serio,03,Lombardia,016,Bergamo,BG,1,Nord-ovest,F738,ITC,ITC4,ITC46,016141,7.061,45.584487,9.804171,3052,432.23
016142,Mozzanica,03,Lombardia,016,Bergamo,BG,1,Nord-ovest,F786,ITC,ITC4,ITC46,016142,9.637,45.467317,9.686203,4434,460.1
016143,Mozzo,03,Lombardia,016,Bergamo,BG,1,Nord-ovest,F791,ITC,ITC4,ITC46,016143,3.666,45.701597,9.607837,7233,1973.0
016144,Nembro,03,Lombardia,016,Bergamo,BG,1,Nord-ovest,F864,ITC,ITC4,ITC46,016144,15.059,45.75353,9.754366,11284,749.32
016145,Olmo al Brembo,03,Lombardia,016,Bergamo,BG,1,Nord-ovest,G049,ITC,ITC4,ITC46,016145,7.739,45.970782,9.645723,453,58.53
016146,Oltre il Colle,03,Lombardia,016,Bergamo,BG,1,Nord-ovest,G050,ITC,ITC4,ITC46,016146,32.833,45.91134,9.78856,920,28.02
016147,Oltressenda Alta,03,Lombardia,016,Bergamo,BG,1,Nord-ovest,G054,ITC,ITC4,ITC46,016147,17.298,45.943906,9.993543,135,7.8
016148,Oneta,03,Lombardia,016,Bergamo,BG,1,Nord-ovest,G068,ITC,ITC4,ITC46,016148,19.171,45.875044,9.804288,583,30.41
016149,Onore,03,Lombardia,016,Bergamo,BG,1,Nord-ovest,G075,ITC,ITC4,ITC46,016149,11.986,45.894109,10.025476,977,81.51
016150,Orio al Serio,03,Lombardia,016,Bergamo,BG,1,Nord-ovest,G108,ITC,ITC4,ITC46,016150,3.199,45.669511,9.698748,1588,496.41
016151,Ornica,03,Lombardia,016,Bergamo,BG,1,Nord-ovest,G118,ITC,ITC4,ITC46,016151,15.094,45.994795,9.570403,126,8.35
016152,Osio Sopra,03,Lombardia,016,Bergamo,BG,1,Nord-ovest,G159,ITC,ITC4,ITC46,016152,5.408,45.629705,9.585522,5195,960.61
016153,Osio Sotto,03,Lombardia,016,Bergamo,BG,1,Nord-ovest,G160,ITC,ITC4,ITC46,016153,7.601,45.611943,9.584968,12892,1696.09
016154,Pagazzano,03,Lombardia,016,Bergamo,BG,1,Nord-ovest,G233,ITC,ITC4,ITC46,016154,5.302,45.535648,9.674371,2238,422.1
016155,Paladina,03,Lombardia,016,Bergamo,BG,1,Nord-ovest,G249,ITC,ITC4,ITC46,016155,2.079,45.730021,9.610018,3946,1898.03
016156,Palazzago,03,Lombardia,016,Bergamo,BG,1,Nord-ovest,G259,ITC,ITC4,ITC46,016156,13.752,45.754527,9.524003,4597,334.28
016157,Palosco,03,Lombardia,016,Bergamo,BG,1,Nord-ovest,G295,ITC,ITC4,ITC46,016157,10.787,45.580621,9.830205,5730,531.19
016158,Parre,03,Lombardia,016,Bergamo,BG,1,Nord-ovest,G346,ITC,ITC4,ITC46,016158,22.522,45.903581,9.88904,2650,117.66
016159,Parzanica,03,Lombardia,016,Bergamo,BG,1,Nord-ovest,G350,ITC,ITC4,ITC46,016159,9.964,45.737457,10.040528,333,33.42
016160,Pedrengo,03,Lombardia,016,Bergamo,BG,1,Nord-ovest,G412,ITC,ITC4,ITC46,016160,3.384,45.696377,9.739359,5911,1746.75
016161,Peia,03,Lombardia,016,Bergamo,BG,1,Nord-ovest,G418,ITC,ITC4,ITC46,016161,4.429,45.795414,9.912958,1663,375.48
016162,Pianico,03,Lombardia,016,Bergamo,BG,1,Nord-ovest,G564,ITC,ITC4,ITC46,016162,3.036,45.806782,10.039139,1456,479.58
016163,Piario,03,Lombardia,016,Bergamo,BG,1,Nord-ovest,G574,ITC,ITC4,ITC46,016163,1.454,45.892314,9.924858,1000,687.76
016164,Piazza Brembana,03,Lombardia,016,Bergamo,BG,1,Nord-ovest,G579,ITC,ITC4,ITC46,016164,6.969,45.951315,9.660852,1195,171.47
016165,Piazzatorre,03,Lombardia,016,Bergamo,BG,1,Nord-ovest,G583,ITC,ITC4,ITC46,016165,24.36,46.00663,9.697802,396,16.26
016166,Piazzolo,03,Lombardia,016,Bergamo,BG,1,Nord-ovest,G588,ITC,ITC4,ITC46,016166,4.21,45.973458,9.670802,92,21.85
016167,Pognano,03,Lombardia,016,Bergamo,BG,1,Nord-ovest,G774,ITC,ITC4,ITC46,016167,3.145,45.585919,9.640898,1606,510.65
016168,Ponte Nossa,03,Lombardia,016,Bergamo,BG,1,Nord-ovest,F941,ITC,ITC4,ITC46,016168,5.366,45.861464,9.888162,1798,335.07
016170,Ponte San Pietro,03,Lombardia,016,Bergamo,BG,1,Nord-ovest,G856,ITC,ITC4,ITC46,016170,4.575,45.699155,9.580092,12007,2624.48
016169,Ponteranica,03,Lombardia,016,Bergamo,BG,1,Nord-ovest,G853,ITC,ITC4,ITC46,016169,8.409,45.743806,9.681837,6731,800.45
016171,Pontida,03,Lombardia,016,Bergamo,BG,1,Nord-ovest,G864,ITC,ITC4,ITC46,016171,10.403,45.732232,9.492978,3299,317.12
016172,Pontirolo Nuovo,03,Lombardia,016,Bergamo,BG,1,Nord-ovest,G867,ITC,ITC4,ITC46,016172,10.99,45.57695,9.567537,5046,459.14
016173,Pradalunga,03,Lombardia,016,Bergamo,BG,1,Nord-ovest,G968,ITC,ITC4,ITC46,016173,8.368,45.739038,9.792296,4494,537.05
016174,Predore,03,Lombardia,016,Bergamo,BG,1,Nord-ovest,H020,ITC,ITC4,ITC46,016174,10.893,45.686317,10.018057,1847,169.56
016175,Premolo,03,Lombardia,016,Bergamo,BG,1,Nord-ovest,H036,ITC,ITC4,ITC46,016175,17.79,45.896857,9.847594,1064,59.81
016176,Presezzo,03,Lombardia,016,Bergamo,BG,1,Nord-ovest,H046,ITC,ITC4,ITC46,016176,2.471,45.694162,9.567185,4790,1938.49
016177,Pumenengo,03,Lombardia,016,Bergamo,BG,1,Nord-ovest,H091,ITC,ITC4,ITC46,016177,9.972,45.472757,9.859591,1731,173.59
016178,Ranica,03,Lombardia,016,Bergamo,BG,1,Nord-ovest,H176,ITC,ITC4,ITC46,016178,4.224,45.728072,9.712541,5828,1379.73
016179,Ranzanico,03,Lombardia,016,Bergamo,BG,1,Nord-ovest,H177,ITC,ITC4,ITC46,016179,7.027,45.788951,9.937358,1217,173.19
016180,Riva di Solto,03,Lombardia,016,Bergamo,BG,1,Nord-ovest,H331,ITC,ITC4,ITC46,016180,8.502,45.765404,10.041035,843,99.15
016182,Rogno,03,Lombardia,016,Bergamo,BG,1,Nord-ovest,H492,ITC,ITC4,ITC46,016182,15.92,45.860543,10.121581,3854,242.09
016183,Romano di Lombardia,03,Lombardia,016,Bergamo,BG,1,Nord-ovest,H509,ITC,ITC4,ITC46,016183,19.782,45.523518,9.75998,21049,1064.05
016184,Roncobello,03,Lombardia,016,Bergamo,BG,1,Nord-ovest,H535,ITC,ITC4,ITC46,016184,25.576,45.956061,9.761723,421,16.46
016185,Roncola,03,Lombardia,016,Bergamo,BG,1,Nord-ovest,H544,ITC,ITC4,ITC46,016185,5.016,45.780004,9.547486,901,179.63
016186,Rota d'Imagna,03,Lombardia,016,Bergamo,BG,1,Nord-ovest,H584,ITC,ITC4,ITC46,016186,6.062,45.836296,9.513187,940,155.06
016187,Rovetta,03,Lombardia,016,Bergamo,BG,1,Nord-ovest,H615,ITC,ITC4,ITC46,016187,24.4,45.906525,9.975479,4150,170.08
016188,San Giovanni Bianco,03,Lombardia,016,Bergamo,BG,1,Nord-ovest,H910,ITC,ITC4,ITC46,016188,31.059,45.885096,9.6487,4569,147.11
016189,San Paolo d'Argon,03,Lombardia,016,Bergamo,BG,1,Nord-ovest,B310,ITC,ITC4,ITC46,016189,5.294,45.690217,9.802237,5938,1121.65
016190,San Pellegrino Terme,03,Lombardia,016,Bergamo,BG,1,Nord-ovest,I079,ITC,ITC4,ITC46,016190,22.938,45.840791,9.659806,4597,200.41
016252,Sant'Omobono Terme,03,Lombardia,016,Bergamo,BG,1,Nord-ovest,M333,ITC,ITC4,ITC46,016252,16.188,45.817746,9.504477,3953,244.19
016191,Santa Brigida,03,Lombardia,016,Bergamo,BG,1,Nord-ovest,I168,ITC,ITC4,ITC46,016191,14.177,45.997405,9.624959,517,36.47
016193,Sarnico,03,Lombardia,016,Bergamo,BG,1,Nord-ovest,I437,ITC,ITC4,ITC46,016193,6.961,45.67626,9.971005,6858,985.2
016194,Scanzorosciate,03,Lombardia,016,Bergamo,BG,1,Nord-ovest,I506,ITC,ITC4,ITC46,016194,10.798,45.712418,9.761433,10168,941.66
016195,Schilpario,03,Lombardia,016,Bergamo,BG,1,Nord-ovest,I530,ITC,ITC4,ITC46,016195,63.579,46.02196,10.188417,1136,17.87
016196,Sedrina,03,Lombardia,016,Bergamo,BG,1,Nord-ovest,I567,ITC,ITC4,ITC46,016196,5.799,45.775524,9.628111,2361,407.14
016197,Selvino,03,Lombardia,016,Bergamo,BG,1,Nord-ovest,I597,ITC,ITC4,ITC46,016197,6.593,45.785868,9.747777,1961,297.44
016198,Seriate,03,Lombardia,016,Bergamo,BG,1,Nord-ovest,I628,ITC,ITC4,ITC46,016198,12.431,45.661596,9.738526,25857,2080.04
016199,Serina,03,Lombardia,016,Bergamo,BG,1,Nord-ovest,I629,ITC,ITC4,ITC46,016199,26.879,45.886145,9.739974,2107,78.39
016200,Solto Collina,03,Lombardia,016,Bergamo,BG,1,Nord-ovest,I812,ITC,ITC4,ITC46,016200,11.512,45.782386,10.016133,1836,159.49
016251,Solza,03,Lombardia,016,Bergamo,BG,1,Nord-ovest,I813,ITC,ITC4,ITC46,016251,1.235,45.678004,9.4889,2009,1626.72
016201,Songavazzo,03,Lombardia,016,Bergamo,BG,1,Nord-ovest,I830,ITC,ITC4,ITC46,016201,12.477,45.871432,10.057128,732,58.67
016202,Sorisole,03,Lombardia,016,Bergamo,BG,1,Nord-ovest,I858,ITC,ITC4,ITC46,016202,12.461,45.750724,9.659567,8757,702.75
016203,Sotto il Monte Giovanni XXIII,03,Lombardia,016,Bergamo,BG,1,Nord-ovest,I869,ITC,ITC4,ITC46,016203,4.914,45.704979,9.504927,4431,901.71
016204,Sovere,03,Lombardia,016,Bergamo,BG,1,Nord-ovest,I873,ITC,ITC4,ITC46,016204,17.849,45.82571,10.007499,5310,297.5
016205,Spinone al Lago,03,Lombardia,016,Bergamo,BG,1,Nord-ovest,I916,ITC,ITC4,ITC46,016205,2.016,45.766049,9.918949,1006,499.01
016206,Spirano,03,Lombardia,016,Bergamo,BG,1,Nord-ovest,I919,ITC,ITC4,ITC46,016206,9.334,45.582664,9.669721,5737,614.63
016207,Stezzano,03,Lombardia,016,Bergamo,BG,1,Nord-ovest,I951,ITC,ITC4,ITC46,016207,9.263,45.644825,9.65139,13904,1501.03
016208,Strozza,03,Lombardia,016,Bergamo,BG,1,Nord-ovest,I986,ITC,ITC4,ITC46,016208,3.891,45.770754,9.579472,1093,280.9
016209,Suisio,03,Lombardia,016,Bergamo,BG,1,Nord-ovest,I997,ITC,ITC4,ITC46,016209,4.358,45.65894,9.50332,3785,868.52
016210,Taleggio,03,Lombardia,016,Bergamo,BG,1,Nord-ovest,L037,ITC,ITC4,ITC46,016210,46.941,45.901283,9.581167,537,11.44
016211,Tavernola Bergamasca,03,Lombardia,016,Bergamo,BG,1,Nord-ovest,L073,ITC,ITC4,ITC46,016211,11.047,45.701284,10.038959,1918,173.62
016212,Telgate,03,Lombardia,016,Bergamo,BG,1,Nord-ovest,L087,ITC,ITC4,ITC46,016212,8.382,45.619452,9.850195,5025,599.5
016213,Terno d'Isola,03,Lombardia,016,Bergamo,BG,1,Nord-ovest,L118,ITC,ITC4,ITC46,016213,4.123,45.685615,9.527123,7976,1934.51
016214,Torre Boldone,03,Lombardia,016,Bergamo,BG,1,Nord-ovest,L251,ITC,ITC4,ITC46,016214,3.432,45.722493,9.700424,8721,2541.08
016217,Torre Pallavicina,03,Lombardia,016,Bergamo,BG,1,Nord-ovest,L276,ITC,ITC4,ITC46,016217,10.894,45.446051,9.870575,1154,105.93
016215,Torre de' Busi,03,Lombardia,016,Bergamo,BG,1,Nord-ovest,L257,ITC,ITC4,ITC46,016215,8.926,45.779293,9.482336,2321,260.03
016216,Torre de' Roveri,03,Lombardia,016,Bergamo,BG,1,Nord-ovest,L265,ITC,ITC4,ITC46,016216,2.663,45.701194,9.768139,2614,981.6
016218,Trescore Balneario,03,Lombardia,016,Bergamo,BG,1,Nord-ovest,L388,ITC,ITC4,ITC46,016218,13.649,45.698207,9.852465,9922,726.94
016219,Treviglio,03,Lombardia,016,Bergamo,BG,1,Nord-ovest,L400,ITC,ITC4,ITC46,016219,32.65,45.534138,9.598031,31604,967.96
016220,Treviolo,03,Lombardia,016,Bergamo,BG,1,Nord-ovest,L404,ITC,ITC4,ITC46,016220,8.516,45.67394,9.61006,10923,1282.64
016221,Ubiale Clanezzo,03,Lombardia,016,Bergamo,BG,1,Nord-ovest,C789,ITC,ITC4,ITC46,016221,7.473,45.780973,9.605668,1316,176.1
016222,Urgnano,03,Lombardia,016,Bergamo,BG,1,Nord-ovest,L502,ITC,ITC4,ITC46,016222,15.062,45.601812,9.705922,10140,673.22
016253,Val Brembilla,03,Lombardia,016,Bergamo,BG,1,Nord-ovest,M334,ITC,ITC4,ITC46,016253,31.292,45.82371,9.602194,4114,131.47
016223,Valbondione,03,Lombardia,016,Bergamo,BG,1,Nord-ovest,L544,ITC,ITC4,ITC46,016223,97.124,46.036013,9.995653,941,9.69
016224,Valbrembo,03,Lombardia,016,Bergamo,BG,1,Nord-ovest,L545,ITC,ITC4,ITC46,016224,3.78,45.71867,9.605741,4299,1137.3
016225,Valgoglio,03,Lombardia,016,Bergamo,BG,1,Nord-ovest,L579,ITC,ITC4,ITC46,016225,32.162,45.982602,9.874711,554,17.23
016226,Valleve,03,Lombardia,016,Bergamo,BG,1,Nord-ovest,L623,ITC,ITC4,ITC46,016226,14.577,46.039311,9.709903,129,8.85
016227,Valnegra,03,Lombardia,016,Bergamo,BG,1,Nord-ovest,L642,ITC,ITC4,ITC46,016227,2.334,45.95962,9.682916,198,84.83
016229,Valtorta,03,Lombardia,016,Bergamo,BG,1,Nord-ovest,L655,ITC,ITC4,ITC46,016229,30.772,45.980295,9.533012,228,7.41
016230,Vedeseta,03,Lombardia,016,Bergamo,BG,1,Nord-ovest,L707,ITC,ITC4,ITC46,016230,19.433,45.912158,9.528045,196,10.09
016232,Verdellino,03,Lombardia,016,Bergamo,BG,1,Nord-ovest,L752,ITC,ITC4,ITC46,016232,3.83,45.604323,9.610782,7843,2047.78
016233,Verdello,03,Lombardia,016,Bergamo,BG,1,Nord-ovest,L753,ITC,ITC4,ITC46,016233,7.084,45.604066,9.636812,8212,1159.23
016234,Vertova,03,Lombardia,016,Bergamo,BG,1,Nord-ovest,L795,ITC,ITC4,ITC46,016234,15.466,45.831431,9.81383,4457,288.18
016235,Viadanica,03,Lombardia,016,Bergamo,BG,1,Nord-ovest,L827,ITC,ITC4,ITC46,016235,5.31,45.690345,9.973437,1121,211.11
016236,Vigano San Martino,03,Lombardia,016,Bergamo,BG,1,Nord-ovest,L865,ITC,ITC4,ITC46,016236,3.708,45.730149,9.888071,1400,377.56
016237,Vigolo,03,Lombardia,016,Bergamo,BG,1,Nord-ovest,L894,ITC,ITC4,ITC46,016237,12.453,45.721911,10.014908,571,45.85
016238,Villa d'Adda,03,Lombardia,016,Bergamo,BG,1,Nord-ovest,L929,ITC,ITC4,ITC46,016238,6.079,45.713991,9.464988,4580,753.41
016239,Villa d'Almè,03,Lombardia,016,Bergamo,BG,1,Nord-ovest,A215,ITC,ITC4,ITC46,016239,6.522,45.750604,9.624009,6428,985.59
016241,Villa d'Ogna,03,Lombardia,016,Bergamo,BG,1,Nord-ovest,L938,ITC,ITC4,ITC46,016241,4.963,45.907571,9.931139,1784,359.46
016240,Villa di Serio,03,Lombardia,016,Bergamo,BG,1,Nord-ovest,L936,ITC,ITC4,ITC46,016240,4.531,45.724422,9.745117,6490,1432.35
016242,Villongo,03,Lombardia,016,Bergamo,BG,1,Nord-ovest,M045,ITC,ITC4,ITC46,016242,5.941,45.67527,9.925348,8169,1375.02
016243,Vilminore di Scalve,03,Lombardia,016,Bergamo,BG,1,Nord-ovest,M050,ITC,ITC4,ITC46,016243,40.75,46.012678,10.071791,1423,34.92
016244,Zandobbio,03,Lombardia,016,Bergamo,BG,1,Nord-ovest,M144,ITC,ITC4,ITC46,016244,6.522,45.68284,9.875359,2737,419.66
016245,Zanica,03,Lombardia,016,Bergamo,BG,1,Nord-ovest,M147,ITC,ITC4,ITC46,016245,15.104,45.638547,9.690297,8839,585.21
016246,Zogno,03,Lombardia,016,Bergamo,BG,1,Nord-ovest,M184,ITC,ITC4,ITC46,016246,35.301,45.794972,9.677846,8590,243.34
017001,Acquafredda,03,Lombardia,017,Brescia,BS,1,Nord-ovest,A034,ITC,ITC4,ITC47,017001,9.424,45.30447,10.40841,1549,164.37
017002,Adro,03,Lombardia,017,Brescia,BS,1,Nord-ovest,A060,ITC,ITC4,ITC47,017002,14.354,45.622559,9.959054,7196,501.32
017003,Agnosine,03,Lombardia,017,Brescia,BS,1,Nord-ovest,A082,ITC,ITC4,ITC47,017003,13.521,45.639826,10.34786,1646,121.74
017004,Alfianello,03,Lombardia,017,Brescia,BS,1,Nord-ovest,A188,ITC,ITC4,ITC47,017004,13.575,45.265759,10.153534,2307,169.94
017005,Anfo,03,Lombardia,017,Brescia,BS,1,Nord-ovest,A288,ITC,ITC4,ITC47,017005,23.817,45.784811,10.476625,439,18.43
017006,Angolo Terme,03,Lombardia,017,Brescia,BS,1,Nord-ovest,A293,ITC,ITC4,ITC47,017006,30.735,45.903058,10.126329,2324,75.61
017007,Artogne,03,Lombardia,017,Brescia,BS,1,Nord-ovest,A451,ITC,ITC4,ITC47,017007,20.972,45.83731,10.210489,3714,177.09
017008,Azzano Mella,03,Lombardia,017,Brescia,BS,1,Nord-ovest,A529,ITC,ITC4,ITC47,017008,10.58,45.468173,10.109039,3519,332.61
017009,Bagnolo Mella,03,Lombardia,017,Brescia,BS,1,Nord-ovest,A569,ITC,ITC4,ITC47,017009,31.191,45.419925,10.189223,12536,401.91
017010,Bagolino,03,Lombardia,017,Brescia,BS,1,Nord-ovest,A578,ITC,ITC4,ITC47,017010,108.937,45.86537,10.439508,3738,34.31
017011,Barbariga,03,Lombardia,017,Brescia,BS,1,Nord-ovest,A630,ITC,ITC4,ITC47,017011,11.52,45.40658,10.046445,2307,200.26
017012,Barghe,03,Lombardia,017,Brescia,BS,1,Nord-ovest,A661,ITC,ITC4,ITC47,017012,5.107,45.67988,10.412241,1138,222.83
017013,Bassano Bresciano,03,Lombardia,017,Brescia,BS,1,Nord-ovest,A702,ITC,ITC4,ITC47,017013,10.016,45.322417,10.130116,2363,235.92
017014,Bedizzole,03,Lombardia,017,Brescia,BS,1,Nord-ovest,A729,ITC,ITC4,ITC47,017014,26.247,45.498761,10.419385,12266,467.33
017015,Berlingo,03,Lombardia,017,Brescia,BS,1,Nord-ovest,A799,ITC,ITC4,ITC47,017015,4.597,45.50556,10.035671,2751,598.43
017016,Berzo Demo,03,Lombardia,017,Brescia,BS,1,Nord-ovest,A816,ITC,ITC4,ITC47,017016,16.032,46.103551,10.336119,1444,90.07
017017,Berzo Inferiore,03,Lombardia,017,Brescia,BS,1,Nord-ovest,A817,ITC,ITC4,ITC47,017017,21.978,45.899261,10.296169,2522,114.75
017018,Bienno,03,Lombardia,017,Brescia,BS,1,Nord-ovest,A861,ITC,ITC4,ITC47,017018,46.774,45.905699,10.373932,3756,80.3
017019,Bione,03,Lombardia,017,Brescia,BS,1,Nord-ovest,A878,ITC,ITC4,ITC47,017019,17.487,45.674379,10.331155,1319,75.43
017020,Borgo San Giacomo,03,Lombardia,017,Brescia,BS,1,Nord-ovest,B035,ITC,ITC4,ITC47,017020,29.323,45.343448,9.985777,5590,190.64
017021,Borgosatollo,03,Lombardia,017,Brescia,BS,1,Nord-ovest,B040,ITC,ITC4,ITC47,017021,8.24,45.481644,10.240441,9099,1104.25
017022,Borno,03,Lombardia,017,Brescia,BS,1,Nord-ovest,B054,ITC,ITC4,ITC47,017022,30.298,45.956498,10.173489,2403,79.31
017023,Botticino,03,Lombardia,017,Brescia,BS,1,Nord-ovest,B091,ITC,ITC4,ITC47,017023,18.528,45.548842,10.313025,10849,585.55
017024,Bovegno,03,Lombardia,017,Brescia,BS,1,Nord-ovest,B100,ITC,ITC4,ITC47,017024,48.113,45.818246,10.259894,2012,41.82
017025,Bovezzo,03,Lombardia,017,Brescia,BS,1,Nord-ovest,B102,ITC,ITC4,ITC47,017025,6.462,45.601484,10.250759,7386,1142.99
017026,Brandico,03,Lombardia,017,Brescia,BS,1,Nord-ovest,B120,ITC,ITC4,ITC47,017026,8.497,45.453026,10.043945,1767,207.96
017027,Braone,03,Lombardia,017,Brescia,BS,1,Nord-ovest,B124,ITC,ITC4,ITC47,017027,13.322,45.969682,10.399294,681,51.12
017028,Breno,03,Lombardia,017,Brescia,BS,1,Nord-ovest,B149,ITC,ITC4,ITC47,017028,59.929,45.941634,10.447382,4674,77.99
017029,Brescia,03,Lombardia,017,Brescia,BS,1,Nord-ovest,B157,ITC,ITC4,ITC47,017029,90.716,45.53255,10.230711,201342,2219.48
017030,Brione,03,Lombardia,017,Brescia,BS,1,Nord-ovest,B184,ITC,ITC4,ITC47,017030,6.765,45.640651,10.148118,759,112.2
017031,Caino,03,Lombardia,017,Brescia,BS,1,Nord-ovest,B365,ITC,ITC4,ITC47,017031,17.352,45.619324,10.321786,2180,125.63
017032,Calcinato,03,Lombardia,017,Brescia,BS,1,Nord-ovest,B394,ITC,ITC4,ITC47,017032,33.327,45.450619,10.405957,13147,394.48
017033,Calvagese della Riviera,03,Lombardia,017,Brescia,BS,1,Nord-ovest,B436,ITC,ITC4,ITC47,017033,11.788,45.528229,10.45754,3679,312.1
017034,Calvisano,03,Lombardia,017,Brescia,BS,1,Nord-ovest,B450,ITC,ITC4,ITC47,017034,44.884,45.357744,10.352069,8461,188.51
017035,Capo di Ponte,03,Lombardia,017,Brescia,BS,1,Nord-ovest,B664,ITC,ITC4,ITC47,017035,18.431,46.045319,10.309025,2293,124.41
017036,Capovalle,03,Lombardia,017,Brescia,BS,1,Nord-ovest,B676,ITC,ITC4,ITC47,017036,23.111,45.745192,10.536579,332,14.37
017037,Capriano del Colle,03,Lombardia,017,Brescia,BS,1,Nord-ovest,B698,ITC,ITC4,ITC47,017037,13.657,45.450526,10.141471,4917,360.04
017038,Capriolo,03,Lombardia,017,Brescia,BS,1,Nord-ovest,B711,ITC,ITC4,ITC47,017038,10.463,45.63788,9.933044,9405,898.88
017039,Carpenedolo,03,Lombardia,017,Brescia,BS,1,Nord-ovest,B817,ITC,ITC4,ITC47,017039,30.032,45.350418,10.436236,13050,434.54
017040,Castegnato,03,Lombardia,017,Brescia,BS,1,Nord-ovest,C055,ITC,ITC4,ITC47,017040,9.455,45.555302,10.114387,8457,894.45
017042,Castel Mella,03,Lombardia,017,Brescia,BS,1,Nord-ovest,C208,ITC,ITC4,ITC47,017042,7.418,45.499644,10.1425,10961,1477.62
017041,Castelcovati,03,Lombardia,017,Brescia,BS,1,Nord-ovest,C072,ITC,ITC4,ITC47,017041,6.444,45.498004,9.944071,7087,1099.78
017043,Castenedolo,03,Lombardia,017,Brescia,BS,1,Nord-ovest,C293,ITC,ITC4,ITC47,017043,26.12,45.465443,10.295701,11643,445.75
017044,Casto,03,Lombardia,017,Brescia,BS,1,Nord-ovest,C330,ITC,ITC4,ITC47,017044,21.277,45.692508,10.309826,1613,75.81
017045,Castrezzato,03,Lombardia,017,Brescia,BS,1,Nord-ovest,C332,ITC,ITC4,ITC47,017045,13.613,45.508869,9.981895,7984,586.5
017046,Cazzago San Martino,03,Lombardia,017,Brescia,BS,1,Nord-ovest,C408,ITC,ITC4,ITC47,017046,22.423,45.566166,10.041562,10784,480.93
017047,Cedegolo,03,Lombardia,017,Brescia,BS,1,Nord-ovest,C417,ITC,ITC4,ITC47,017047,11.401,46.062669,10.385595,1129,99.03
017048,Cellatica,03,Lombardia,017,Brescia,BS,1,Nord-ovest,C439,ITC,ITC4,ITC47,017048,6.528,45.574174,10.178221,4815,737.59
017049,Cerveno,03,Lombardia,017,Brescia,BS,1,Nord-ovest,C549,ITC,ITC4,ITC47,017049,21.619,46.015457,10.288505,707,32.7
017050,Ceto,03,Lombardia,017,Brescia,BS,1,Nord-ovest,C585,ITC,ITC4,ITC47,017050,31.935,45.993997,10.395088,1775,55.58
017051,Cevo,03,Lombardia,017,Brescia,BS,1,Nord-ovest,C591,ITC,ITC4,ITC47,017051,35.433,46.066771,10.461168,771,21.76
017052,Chiari,03,Lombardia,017,Brescia,BS,1,Nord-ovest,C618,ITC,ITC4,ITC47,017052,38.041,45.526777,9.923432,19717,518.31
017053,Cigole,03,Lombardia,017,Brescia,BS,1,Nord-ovest,C685,ITC,ITC4,ITC47,017053,10.15,45.314757,10.185063,1503,148.08
017054,Cimbergo,03,Lombardia,017,Brescia,BS,1,Nord-ovest,C691,ITC,ITC4,ITC47,017054,24.854,46.024801,10.403997,526,21.16
017055,Cividate Camuno,03,Lombardia,017,Brescia,BS,1,Nord-ovest,C760,ITC,ITC4,ITC47,017055,3.266,45.94061,10.268663,2687,822.72
017056,Coccaglio,03,Lombardia,017,Brescia,BS,1,Nord-ovest,C806,ITC,ITC4,ITC47,017056,12.078,45.554458,9.966209,8937,739.94
017057,Collebeato,03,Lombardia,017,Brescia,BS,1,Nord-ovest,C850,ITC,ITC4,ITC47,017057,5.548,45.585153,10.208121,4469,805.52
017058,Collio,03,Lombardia,017,Brescia,BS,1,Nord-ovest,C883,ITC,ITC4,ITC47,017058,53.512,45.828532,10.353216,1955,36.53
017059,Cologne,03,Lombardia,017,Brescia,BS,1,Nord-ovest,C893,ITC,ITC4,ITC47,017059,13.861,45.577985,9.937487,7608,548.88
017060,Comezzano-Cizzago,03,Lombardia,017,Brescia,BS,1,Nord-ovest,C925,ITC,ITC4,ITC47,017060,15.26,45.464454,9.95489,4202,275.36
017061,Concesio,03,Lombardia,017,Brescia,BS,1,Nord-ovest,C948,ITC,ITC4,ITC47,017061,18.995,45.610239,10.208689,15735,828.38
017062,Corte Franca,03,Lombardia,017,Brescia,BS,1,Nord-ovest,D058,ITC,ITC4,ITC47,017062,13.986,45.628149,9.998109,7150,511.23
017063,Corteno Golgi,03,Lombardia,017,Brescia,BS,1,Nord-ovest,D064,ITC,ITC4,ITC47,017063,83.086,46.133138,10.221699,1909,22.98
017064,Corzano,03,Lombardia,017,Brescia,BS,1,Nord-ovest,D082,ITC,ITC4,ITC47,017064,12.182,45.438242,10.023091,1540,126.42
017065,Darfo Boario Terme,03,Lombardia,017,Brescia,BS,1,Nord-ovest,D251,ITC,ITC4,ITC47,017065,35.945,45.890816,10.192441,15974,444.4
017066,Dello,03,Lombardia,017,Brescia,BS,1,Nord-ovest,D270,ITC,ITC4,ITC47,017066,23.519,45.418916,10.101344,5686,241.76
017067,Desenzano del Garda,03,Lombardia,017,Brescia,BS,1,Nord-ovest,D284,ITC,ITC4,ITC47,017067,59.805,45.450568,10.562743,29353,490.81
017068,Edolo,03,Lombardia,017,Brescia,BS,1,Nord-ovest,D391,ITC,ITC4,ITC47,017068,89.381,46.176054,10.39248,4447,49.75
017069,Erbusco,03,Lombardia,017,Brescia,BS,1,Nord-ovest,D421,ITC,ITC4,ITC47,017069,16.253,45.593387,9.973064,8852,544.64
017070,Esine,03,Lombardia,017,Brescia,BS,1,Nord-ovest,D434,ITC,ITC4,ITC47,017070,30.344,45.890211,10.249601,5055,166.59
017071,Fiesse,03,Lombardia,017,Brescia,BS,1,Nord-ovest,D576,ITC,ITC4,ITC47,017071,15.931,45.228224,10.336489,2095,131.5
017072,Flero,03,Lombardia,017,Brescia,BS,1,Nord-ovest,D634,ITC,ITC4,ITC47,017072,10.098,45.48079,10.168678,8812,872.65
017073,Gambara,03,Lombardia,017,Brescia,BS,1,Nord-ovest,D891,ITC,ITC4,ITC47,017073,31.795,45.255155,10.309273,4760,149.71
017074,Gardone Riviera,03,Lombardia,017,Brescia,BS,1,Nord-ovest,D917,ITC,ITC4,ITC47,017074,21.475,45.642174,10.556038,2568,119.58
017075,Gardone Val Trompia,03,Lombardia,017,Brescia,BS,1,Nord-ovest,D918,ITC,ITC4,ITC47,017075,26.78,45.710153,10.178808,11599,433.12
017076,Gargnano,03,Lombardia,017,Brescia,BS,1,Nord-ovest,D924,ITC,ITC4,ITC47,017076,76.445,45.702923,10.632552,2615,34.21
017077,Gavardo,03,Lombardia,017,Brescia,BS,1,Nord-ovest,D940,ITC,ITC4,ITC47,017077,30.004,45.591524,10.428147,12438,414.54
017078,Ghedi,03,Lombardia,017,Brescia,BS,1,Nord-ovest,D999,ITC,ITC4,ITC47,017078,60.767,45.394323,10.282743,18546,305.2
017079,Gianico,03,Lombardia,017,Brescia,BS,1,Nord-ovest,E010,ITC,ITC4,ITC47,017079,13.287,45.853362,10.213701,2078,156.39
017080,Gottolengo,03,Lombardia,017,Brescia,BS,1,Nord-ovest,E116,ITC,ITC4,ITC47,017080,28.813,45.308893,10.26931,5051,175.3
017081,Gussago,03,Lombardia,017,Brescia,BS,1,Nord-ovest,E271,ITC,ITC4,ITC47,017081,24.547,45.591094,10.152895,16663,678.82
017082,Idro,03,Lombardia,017,Brescia,BS,1,Nord-ovest,E280,ITC,ITC4,ITC47,017082,22.81,45.763359,10.513151,1873,82.11
017083,Incudine,03,Lombardia,017,Brescia,BS,1,Nord-ovest,E297,ITC,ITC4,ITC47,017083,20.226,46.236289,10.357465,345,17.06
017084,Irma,03,Lombardia,017,Brescia,BS,1,Nord-ovest,E325,ITC,ITC4,ITC47,017084,4.971,45.773076,10.298488,135,27.16
017085,Iseo,03,Lombardia,017,Brescia,BS,1,Nord-ovest,E333,ITC,ITC4,ITC47,017085,28.132,45.667227,10.036255,8969,318.82
017086,Isorella,03,Lombardia,017,Brescia,BS,1,Nord-ovest,E364,ITC,ITC4,ITC47,017086,15.436,45.30797,10.318315,4123,267.1
017087,Lavenone,03,Lombardia,017,Brescia,BS,1,Nord-ovest,E497,ITC,ITC4,ITC47,017087,31.664,45.761321,10.435539,508,16.04
017088,Leno,03,Lombardia,017,Brescia,BS,1,Nord-ovest,E526,ITC,ITC4,ITC47,017088,58.964,45.359005,10.221964,14474,245.47
017089,Limone sul Garda,03,Lombardia,017,Brescia,BS,1,Nord-ovest,E596,ITC,ITC4,ITC47,017089,23.118,45.819166,10.794947,1096,47.41
017090,Lodrino,03,Lombardia,017,Brescia,BS,1,Nord-ovest,E652,ITC,ITC4,ITC47,017090,16.419,45.714364,10.273651,1627,99.09
017091,Lograto,03,Lombardia,017,Brescia,BS,1,Nord-ovest,E654,ITC,ITC4,ITC47,017091,12.241,45.484811,10.071365,3845,314.11
017092,Lonato del Garda,03,Lombardia,017,Brescia,BS,1,Nord-ovest,M312,ITC,ITC4,ITC47,017092,68.437,45.444412,10.479305,17168,250.86
017093,Longhena,03,Lombardia,017,Brescia,BS,1,Nord-ovest,E673,ITC,ITC4,ITC47,017093,3.479,45.434257,10.061038,565,162.4
017094,Losine,03,Lombardia,017,Brescia,BS,1,Nord-ovest,E698,ITC,ITC4,ITC47,017094,6.332,45.978217,10.306132,647,102.18
017095,Lozio,03,Lombardia,017,Brescia,BS,1,Nord-ovest,E706,ITC,ITC4,ITC47,017095,24.011,45.996737,10.248677,365,15.2
017096,Lumezzane,03,Lombardia,017,Brescia,BS,1,Nord-ovest,E738,ITC,ITC4,ITC47,017096,31.452,45.649953,10.273325,21742,691.28
017097,Maclodio,03,Lombardia,017,Brescia,BS,1,Nord-ovest,E787,ITC,ITC4,ITC47,017097,4.978,45.480694,10.039801,1478,296.91
017098,Magasa,03,Lombardia,017,Brescia,BS,1,Nord-ovest,E800,ITC,ITC4,ITC47,017098,19.314,45.78171,10.63652,104,5.38
017099,Mairano,03,Lombardia,017,Brescia,BS,1,Nord-ovest,E841,ITC,ITC4,ITC47,017099,11.629,45.458131,10.082897,3498,300.8
017100,Malegno,03,Lombardia,017,Brescia,BS,1,Nord-ovest,E851,ITC,ITC4,ITC47,017100,7.223,45.959593,10.273933,1925,266.51
017101,Malonno,03,Lombardia,017,Brescia,BS,1,Nord-ovest,E865,ITC,ITC4,ITC47,017101,30.544,46.125464,10.304164,2997,98.12
017102,Manerba del Garda,03,Lombardia,017,Brescia,BS,1,Nord-ovest,E883,ITC,ITC4,ITC47,017102,36.727,45.551469,10.583179,5415,147.44
017103,Manerbio,03,Lombardia,017,Brescia,BS,1,Nord-ovest,E884,ITC,ITC4,ITC47,017103,27.53,45.352142,10.140248,13630,495.1
017104,Marcheno,03,Lombardia,017,Brescia,BS,1,Nord-ovest,E928,ITC,ITC4,ITC47,017104,22.93,45.714016,10.226436,4152,181.07
017105,Marmentino,03,Lombardia,017,Brescia,BS,1,Nord-ovest,E961,ITC,ITC4,ITC47,017105,18.061,45.756443,10.286503,648,35.88
017106,Marone,03,Lombardia,017,Brescia,BS,1,Nord-ovest,E967,ITC,ITC4,ITC47,017106,23.883,45.751486,10.081183,3096,129.63
017107,Mazzano,03,Lombardia,017,Brescia,BS,1,Nord-ovest,F063,ITC,ITC4,ITC47,017107,15.884,45.505189,10.362333,12715,800.49
017108,Milzano,03,Lombardia,017,Brescia,BS,1,Nord-ovest,F216,ITC,ITC4,ITC47,017108,8.698,45.271779,10.192691,1704,195.91
017109,Moniga del Garda,03,Lombardia,017,Brescia,BS,1,Nord-ovest,F373,ITC,ITC4,ITC47,017109,14.643,45.526674,10.578129,2682,183.16
017110,Monno,03,Lombardia,017,Brescia,BS,1,Nord-ovest,F375,ITC,ITC4,ITC47,017110,30.769,46.245337,10.320307,515,16.74
017111,Monte Isola,03,Lombardia,017,Brescia,BS,1,Nord-ovest,F532,ITC,ITC4,ITC47,017111,12.614,45.710328,10.080798,1576,124.94
017112,Monticelli Brusati,03,Lombardia,017,Brescia,BS,1,Nord-ovest,F672,ITC,ITC4,ITC47,017112,10.776,45.640121,10.098702,4556,422.79
017113,Montichiari,03,Lombardia,017,Brescia,BS,1,Nord-ovest,F471,ITC,ITC4,ITC47,017113,81.529,45.411225,10.386671,26506,325.11
017114,Montirone,03,Lombardia,017,Brescia,BS,1,Nord-ovest,F680,ITC,ITC4,ITC47,017114,10.42,45.446804,10.232879,5161,495.3
017115,Mura,03,Lombardia,017,Brescia,BS,1,Nord-ovest,F806,ITC,ITC4,ITC47,017115,12.737,45.714242,10.343742,765,60.06
017116,Muscoline,03,Lombardia,017,Brescia,BS,1,Nord-ovest,F820,ITC,ITC4,ITC47,017116,10.073,45.558267,10.465734,2730,271.02
017117,Nave,03,Lombardia,017,Brescia,BS,1,Nord-ovest,F851,ITC,ITC4,ITC47,017117,27.147,45.589304,10.290551,10627,391.46
017118,Niardo,03,Lombardia,017,Brescia,BS,1,Nord-ovest,F884,ITC,ITC4,ITC47,017118,22.242,45.955778,10.373166,1949,87.63
017119,Nuvolento,03,Lombardia,017,Brescia,BS,1,Nord-ovest,F989,ITC,ITC4,ITC47,017119,7.371,45.541003,10.389467,3962,537.51
017120,Nuvolera,03,Lombardia,017,Brescia,BS,1,Nord-ovest,F990,ITC,ITC4,ITC47,017120,13.204,45.538422,10.361513,4777,361.78
017121,Odolo,03,Lombardia,017,Brescia,BS,1,Nord-ovest,G001,ITC,ITC4,ITC47,017121,6.643,45.639862,10.389883,1948,293.24
017122,Offlaga,03,Lombardia,017,Brescia,BS,1,Nord-ovest,G006,ITC,ITC4,ITC47,017122,23.014,45.378472,10.108148,4167,181.06
017123,Ome,03,Lombardia,017,Brescia,BS,1,Nord-ovest,G061,ITC,ITC4,ITC47,017123,9.807,45.631609,10.127691,3103,316.41
017124,Ono San Pietro,03,Lombardia,017,Brescia,BS,1,Nord-ovest,G074,ITC,ITC4,ITC47,017124,13.942,46.039647,10.272489,973,69.79
017125,Orzinuovi,03,Lombardia,017,Brescia,BS,1,Nord-ovest,G149,ITC,ITC4,ITC47,017125,48.107,45.398602,9.92676,12496,259.75
017126,Orzivecchi,03,Lombardia,017,Brescia,BS,1,Nord-ovest,G150,ITC,ITC4,ITC47,017126,9.589,45.424359,9.964884,2517,262.49
017127,Ospitaletto,03,Lombardia,017,Brescia,BS,1,Nord-ovest,G170,ITC,ITC4,ITC47,017127,9.111,45.552025,10.076267,14969,1642.96
017128,Ossimo,03,Lombardia,017,Brescia,BS,1,Nord-ovest,G179,ITC,ITC4,ITC47,017128,14.659,45.968185,10.234608,1439,98.16
017129,Padenghe sul Garda,03,Lombardia,017,Brescia,BS,1,Nord-ovest,G213,ITC,ITC4,ITC47,017129,27.017,45.50571,10.540552,4912,181.81
017130,Paderno Franciacorta,03,Lombardia,017,Brescia,BS,1,Nord-ovest,G217,ITC,ITC4,ITC47,017130,5.801,45.580506,10.084326,3667,632.13
017131,Paisco Loveno,03,Lombardia,017,Brescia,BS,1,Nord-ovest,G247,ITC,ITC4,ITC47,017131,36.092,46.071899,10.228456,164,4.54
017132,Paitone,03,Lombardia,017,Brescia,BS,1,Nord-ovest,G248,ITC,ITC4,ITC47,017132,8.115,45.569953,10.395529,2248,277.02
017133,Palazzolo sull'Oglio,03,Lombardia,017,Brescia,BS,1,Nord-ovest,G264,ITC,ITC4,ITC47,017133,23.08,45.589045,9.882615,20603,892.68
017134,Paratico,03,Lombardia,017,Brescia,BS,1,Nord-ovest,G327,ITC,ITC4,ITC47,017134,6.239,45.656389,9.959637,5023,805.1
017135,Paspardo,03,Lombardia,017,Brescia,BS,1,Nord-ovest,G354,ITC,ITC4,ITC47,017135,11.007,46.043578,10.378851,576,52.33
017136,Passirano,03,Lombardia,017,Brescia,BS,1,Nord-ovest,G361,ITC,ITC4,ITC47,017136,13.086,45.591182,10.06304,6842,522.85
017137,Pavone del Mella,03,Lombardia,017,Brescia,BS,1,Nord-ovest,G391,ITC,ITC4,ITC47,017137,11.629,45.30256,10.221764,2717,233.64
017139,Pertica Alta,03,Lombardia,017,Brescia,BS,1,Nord-ovest,G474,ITC,ITC4,ITC47,017139,20.937,45.748265,10.333293,549,26.22
017140,Pertica Bassa,03,Lombardia,017,Brescia,BS,1,Nord-ovest,G475,ITC,ITC4,ITC47,017140,30.19,45.756483,10.371169,543,17.99
017141,Pezzaze,03,Lombardia,017,Brescia,BS,1,Nord-ovest,G529,ITC,ITC4,ITC47,017141,21.576,45.785606,10.219565,1419,65.77
017142,Pian Camuno,03,Lombardia,017,Brescia,BS,1,Nord-ovest,G546,ITC,ITC4,ITC47,017142,10.699,45.830395,10.157847,4826,451.07
017206,Piancogno,03,Lombardia,017,Brescia,BS,1,Nord-ovest,G549,ITC,ITC4,ITC47,017206,14.249,45.925779,10.206313,4787,335.95
017143,Pisogne,03,Lombardia,017,Brescia,BS,1,Nord-ovest,G710,ITC,ITC4,ITC47,017143,49.307,45.797779,10.137583,7901,160.24
017144,Polaveno,03,Lombardia,017,Brescia,BS,1,Nord-ovest,G779,ITC,ITC4,ITC47,017144,9.113,45.666611,10.135246,2531,277.74
017145,Polpenazze del Garda,03,Lombardia,017,Brescia,BS,1,Nord-ovest,G801,ITC,ITC4,ITC47,017145,9.007,45.545216,10.506502,2735,303.65
017146,Pompiano,03,Lombardia,017,Brescia,BS,1,Nord-ovest,G815,ITC,ITC4,ITC47,017146,15.301,45.420107,9.997837,3755,245.41
017147,Poncarale,03,Lombardia,017,Brescia,BS,1,Nord-ovest,G818,ITC,ITC4,ITC47,017147,12.785,45.458474,10.181336,5192,406.1
017148,Ponte di Legno,03,Lombardia,017,Brescia,BS,1,Nord-ovest,G844,ITC,ITC4,ITC47,017148,100.316,46.267994,10.542985,1756,17.5
017149,Pontevico,03,Lombardia,017,Brescia,BS,1,Nord-ovest,G859,ITC,ITC4,ITC47,017149,29.102,45.277906,10.096201,7131,245.03
017150,Pontoglio,03,Lombardia,017,Brescia,BS,1,Nord-ovest,G869,ITC,ITC4,ITC47,017150,11.103,45.560822,9.85782,7004,630.82
017151,Pozzolengo,03,Lombardia,017,Brescia,BS,1,Nord-ovest,G959,ITC,ITC4,ITC47,017151,21.003,45.413634,10.621963,3577,170.31
017152,Pralboino,03,Lombardia,017,Brescia,BS,1,Nord-ovest,G977,ITC,ITC4,ITC47,017152,17.397,45.264327,10.235863,2850,163.82
017153,Preseglie,03,Lombardia,017,Brescia,BS,1,Nord-ovest,H043,ITC,ITC4,ITC47,017153,11.739,45.668493,10.385907,1470,125.22
017155,Prevalle,03,Lombardia,017,Brescia,BS,1,Nord-ovest,H055,ITC,ITC4,ITC47,017155,9.565,45.544923,10.41861,6902,721.59
017157,Provaglio Val Sabbia,03,Lombardia,017,Brescia,BS,1,Nord-ovest,H077,ITC,ITC4,ITC47,017157,14.954,45.685507,10.447963,844,56.44
017156,Provaglio d'Iseo,03,Lombardia,017,Brescia,BS,1,Nord-ovest,H078,ITC,ITC4,ITC47,017156,16.513,45.631053,10.051318,7068,428.03
017158,Puegnago del Garda,03,Lombardia,017,Brescia,BS,1,Nord-ovest,H086,ITC,ITC4,ITC47,017158,11.09,45.572604,10.513586,3478,313.62
017159,Quinzano d'Oglio,03,Lombardia,017,Brescia,BS,1,Nord-ovest,H140,ITC,ITC4,ITC47,017159,21.415,45.31402,10.003314,6392,298.48
017160,Remedello,03,Lombardia,017,Brescia,BS,1,Nord-ovest,H230,ITC,ITC4,ITC47,017160,21.678,45.271692,10.369949,3446,158.96
017161,Rezzato,03,Lombardia,017,Brescia,BS,1,Nord-ovest,H256,ITC,ITC4,ITC47,017161,18.19,45.507787,10.319985,13592,747.22
017162,Roccafranca,03,Lombardia,017,Brescia,BS,1,Nord-ovest,H410,ITC,ITC4,ITC47,017162,19.186,45.458151,9.91672,4989,260.03
017163,Rodengo Saiano,03,Lombardia,017,Brescia,BS,1,Nord-ovest,H477,ITC,ITC4,ITC47,017163,13.034,45.589801,10.113372,9868,757.1
017165,Roncadelle,03,Lombardia,017,Brescia,BS,1,Nord-ovest,H525,ITC,ITC4,ITC47,017165,8.956,45.533033,10.142487,9315,1040.08
017166,Rovato,03,Lombardia,017,Brescia,BS,1,Nord-ovest,H598,ITC,ITC4,ITC47,017166,26.342,45.548079,10.015061,19746,749.6
017164,Roè Volciano,03,Lombardia,017,Brescia,BS,1,Nord-ovest,H484,ITC,ITC4,ITC47,017164,5.706,45.619771,10.497812,4323,757.62
017167,Rudiano,03,Lombardia,017,Brescia,BS,1,Nord-ovest,H630,ITC,ITC4,ITC47,017167,9.942,45.482352,9.893257,5910,594.45
017168,Sabbio Chiese,03,Lombardia,017,Brescia,BS,1,Nord-ovest,H650,ITC,ITC4,ITC47,017168,18.272,45.644781,10.430534,4093,224.0
017169,Sale Marasino,03,Lombardia,017,Brescia,BS,1,Nord-ovest,H699,ITC,ITC4,ITC47,017169,16.539,45.704929,10.124608,3238,195.78
017170,Salò,03,Lombardia,017,Brescia,BS,1,Nord-ovest,H717,ITC,ITC4,ITC47,017170,27.471,45.613901,10.539077,10292,374.65
017171,San Felice del Benaco,03,Lombardia,017,Brescia,BS,1,Nord-ovest,H838,ITC,ITC4,ITC47,017171,20.278,45.58596,10.581984,3468,171.02
017172,San Gervasio Bresciano,03,Lombardia,017,Brescia,BS,1,Nord-ovest,H865,ITC,ITC4,ITC47,017172,10.345,45.300515,10.148269,2679,258.97
017138,San Paolo,03,Lombardia,017,Brescia,BS,1,Nord-ovest,G407,ITC,ITC4,ITC47,017138,18.556,45.372159,10.022481,4490,241.97
017173,San Zeno Naviglio,03,Lombardia,017,Brescia,BS,1,Nord-ovest,I412,ITC,ITC4,ITC47,017173,6.407,45.486935,10.218356,4733,738.72
017174,Sarezzo,03,Lombardia,017,Brescia,BS,1,Nord-ovest,I433,ITC,ITC4,ITC47,017174,17.765,45.662548,10.200178,13309,749.17
017175,Saviore dell'Adamello,03,Lombardia,017,Brescia,BS,1,Nord-ovest,I476,ITC,ITC4,ITC47,017175,83.862,46.12717,10.515754,787,9.38
017176,Sellero,03,Lombardia,017,Brescia,BS,1,Nord-ovest,I588,ITC,ITC4,ITC47,017176,14.047,46.063582,10.323628,1380,98.24
017177,Seniga,03,Lombardia,017,Brescia,BS,1,Nord-ovest,I607,ITC,ITC4,ITC47,017177,13.004,45.247501,10.182625,1447,111.27
017178,Serle,03,Lombardia,017,Brescia,BS,1,Nord-ovest,I631,ITC,ITC4,ITC47,017178,18.47,45.57502,10.357532,3126,169.25
017179,Sirmione,03,Lombardia,017,Brescia,BS,1,Nord-ovest,I633,ITC,ITC4,ITC47,017179,26.008,45.475781,10.615013,8454,325.05
017180,Soiano del Lago,03,Lombardia,017,Brescia,BS,1,Nord-ovest,I782,ITC,ITC4,ITC47,017180,5.859,45.531507,10.505826,1953,333.33
017181,Sonico,03,Lombardia,017,Brescia,BS,1,Nord-ovest,I831,ITC,ITC4,ITC47,017181,60.543,46.142,10.410749,1186,19.59
017182,Sulzano,03,Lombardia,017,Brescia,BS,1,Nord-ovest,L002,ITC,ITC4,ITC47,017182,10.554,45.684715,10.108942,1941,183.91
017183,Tavernole sul Mella,03,Lombardia,017,Brescia,BS,1,Nord-ovest,C698,ITC,ITC4,ITC47,017183,19.701,45.745102,10.219153,1200,60.91
017184,Temù,03,Lombardia,017,Brescia,BS,1,Nord-ovest,L094,ITC,ITC4,ITC47,017184,43.246,46.259357,10.483785,1154,26.68
017185,Tignale,03,Lombardia,017,Brescia,BS,1,Nord-ovest,L169,ITC,ITC4,ITC47,017185,45.713,45.741955,10.709734,1158,25.33
017186,Torbole Casaglia,03,Lombardia,017,Brescia,BS,1,Nord-ovest,L210,ITC,ITC4,ITC47,017186,13.457,45.501586,10.107999,6488,482.13
017187,Toscolano-Maderno,03,Lombardia,017,Brescia,BS,1,Nord-ovest,L312,ITC,ITC4,ITC47,017187,58.183,45.656975,10.621927,7655,131.57
017188,Travagliato,03,Lombardia,017,Brescia,BS,1,Nord-ovest,L339,ITC,ITC4,ITC47,017188,17.799,45.519457,10.069818,14007,786.95
017189,Tremosine sul Garda,03,Lombardia,017,Brescia,BS,1,Nord-ovest,L372,ITC,ITC4,ITC47,017189,72.427,45.791821,10.731384,2141,29.56
017190,Trenzano,03,Lombardia,017,Brescia,BS,1,Nord-ovest,L380,ITC,ITC4,ITC47,017190,20.026,45.484596,9.999893,5556,277.44
017191,Treviso Bresciano,03,Lombardia,017,Brescia,BS,1,Nord-ovest,L406,ITC,ITC4,ITC47,017191,17.917,45.7115,10.462756,522,29.13
017192,Urago d'Oglio,03,Lombardia,017,Brescia,BS,1,Nord-ovest,L494,ITC,ITC4,ITC47,017192,10.682,45.520866,9.8734,3829,358.45
017193,Vallio Terme,03,Lombardia,017,Brescia,BS,1,Nord-ovest,L626,ITC,ITC4,ITC47,017193,14.784,45.613414,10.390689,1438,97.27
017194,Valvestino,03,Lombardia,017,Brescia,BS,1,Nord-ovest,L468,ITC,ITC4,ITC47,017194,31.299,45.762893,10.591129,169,5.4
017195,Verolanuova,03,Lombardia,017,Brescia,BS,1,Nord-ovest,L777,ITC,ITC4,ITC47,017195,26.085,45.337885,10.08563,8168,313.13
017196,Verolavecchia,03,Lombardia,017,Brescia,BS,1,Nord-ovest,L778,ITC,ITC4,ITC47,017196,21.072,45.316699,10.04753,3893,184.75
017197,Vestone,03,Lombardia,017,Brescia,BS,1,Nord-ovest,L812,ITC,ITC4,ITC47,017197,12.834,45.709009,10.403117,4143,322.81
017198,Vezza d'Oglio,03,Lombardia,017,Brescia,BS,1,Nord-ovest,L816,ITC,ITC4,ITC47,017198,54.179,46.270334,10.383295,1461,26.97
017199,Villa Carcina,03,Lombardia,017,Brescia,BS,1,Nord-ovest,L919,ITC,ITC4,ITC47,017199,14.461,45.638124,10.197406,10721,741.37
017200,Villachiara,03,Lombardia,017,Brescia,BS,1,Nord-ovest,L923,ITC,ITC4,ITC47,017200,16.94,45.356711,9.913768,1355,79.99
017201,Villanuova sul Clisi,03,Lombardia,017,Brescia,BS,1,Nord-ovest,L995,ITC,ITC4,ITC47,017201,9.103,45.610586,10.462955,5929,651.32
017202,Vione,03,Lombardia,017,Brescia,BS,1,Nord-ovest,M065,ITC,ITC4,ITC47,017202,35.499,46.259739,10.439688,621,17.49
017203,Visano,03,Lombardia,017,Brescia,BS,1,Nord-ovest,M070,ITC,ITC4,ITC47,017203,11.352,45.313557,10.3663,2020,177.94
017204,Vobarno,03,Lombardia,017,Brescia,BS,1,Nord-ovest,M104,ITC,ITC4,ITC47,017204,53.536,45.67502,10.506281,8485,158.49
017205,Zone,03,Lombardia,017,Brescia,BS,1,Nord-ovest,M188,ITC,ITC4,ITC47,017205,19.63,45.762157,10.128289,1041,53.03
013003,Albavilla,03,Lombardia,013,Como,CO,1,Nord-ovest,A143,ITC,ITC4,ITC42,013003,10.534,45.810616,9.188207,6348,602.62
013004,Albese con Cassano,03,Lombardia,013,Como,CO,1,Nord-ovest,A153,ITC,ITC4,ITC42,013004,8.022,45.811274,9.168114,4277,533.16
013005,Albiolo,03,Lombardia,013,Como,CO,1,Nord-ovest,A164,ITC,ITC4,ITC42,013005,2.908,45.805873,8.941225,2800,962.86
013006,Alserio,03,Lombardia,013,Como,CO,1,Nord-ovest,A224,ITC,ITC4,ITC42,013006,1.75,45.781406,9.204625,1417,809.71
013253,Alta Valle Intelvi,03,Lombardia,013,Como,CO,1,Nord-ovest,M383,ITC,ITC4,ITC42,013253,25.482,45.972336,9.025481,3186,125.03
013007,Alzate Brianza,03,Lombardia,013,Como,CO,1,Nord-ovest,A249,ITC,ITC4,ITC42,013007,7.406,45.759786,9.187618,4834,652.71
013009,Anzano del Parco,03,Lombardia,013,Como,CO,1,Nord-ovest,A319,ITC,ITC4,ITC42,013009,3.256,45.769282,9.207229,1675,514.43
013010,Appiano Gentile,03,Lombardia,013,Como,CO,1,Nord-ovest,A333,ITC,ITC4,ITC42,013010,12.769,45.735901,8.969231,7749,606.86
013011,Argegno,03,Lombardia,013,Como,CO,1,Nord-ovest,A391,ITC,ITC4,ITC42,013011,4.175,45.943284,9.134533,676,161.92
013012,Arosio,03,Lombardia,013,Como,CO,1,Nord-ovest,A430,ITC,ITC4,ITC42,013012,2.503,45.722657,9.207973,5227,2088.29
013013,Asso,03,Lombardia,013,Como,CO,1,Nord-ovest,A476,ITC,ITC4,ITC42,013013,6.462,45.867718,9.266029,3555,550.14
013015,Barni,03,Lombardia,013,Como,CO,1,Nord-ovest,A670,ITC,ITC4,ITC42,013015,5.68,45.908433,9.265028,611,107.57
013250,Bellagio,03,Lombardia,013,Como,CO,1,Nord-ovest,M335,ITC,ITC4,ITC42,013250,29.18,45.957184,9.245798,3509,120.25
013021,Bene Lario,03,Lombardia,013,Como,CO,1,Nord-ovest,A778,ITC,ITC4,ITC42,013021,5.685,46.024431,9.171863,349,61.39
013022,Beregazzo con Figliaro,03,Lombardia,013,Como,CO,1,Nord-ovest,A791,ITC,ITC4,ITC42,013022,3.933,45.771549,8.957882,2825,718.28
013023,Binago,03,Lombardia,013,Como,CO,1,Nord-ovest,A870,ITC,ITC4,ITC42,013023,7.123,45.773103,8.922666,4814,675.84
013024,Bizzarone,03,Lombardia,013,Como,CO,1,Nord-ovest,A898,ITC,ITC4,ITC42,013024,2.693,45.836509,8.944194,1789,664.31
013025,Blessagno,03,Lombardia,013,Como,CO,1,Nord-ovest,A904,ITC,ITC4,ITC42,013025,3.515,45.96786,9.101283,313,89.05
013026,Blevio,03,Lombardia,013,Como,CO,1,Nord-ovest,A905,ITC,ITC4,ITC42,013026,5.466,45.839825,9.105693,1002,183.32
013028,Bregnano,03,Lombardia,013,Como,CO,1,Nord-ovest,B134,ITC,ITC4,ITC42,013028,6.113,45.693383,9.05749,6402,1047.28
013029,Brenna,03,Lombardia,013,Como,CO,1,Nord-ovest,B144,ITC,ITC4,ITC42,013029,5.134,45.740272,9.182681,2194,427.35
013030,Brienno,03,Lombardia,013,Como,CO,1,Nord-ovest,B172,ITC,ITC4,ITC42,013030,8.94,45.916285,9.128413,311,34.79
013032,Brunate,03,Lombardia,013,Como,CO,1,Nord-ovest,B218,ITC,ITC4,ITC42,013032,2.01,45.819139,9.098216,1572,782.09
013034,Bulgarograsso,03,Lombardia,013,Como,CO,1,Nord-ovest,B262,ITC,ITC4,ITC42,013034,3.875,45.749494,9.002489,3957,1021.16
013035,Cabiate,03,Lombardia,013,Como,CO,1,Nord-ovest,B313,ITC,ITC4,ITC42,013035,3.089,45.676296,9.171325,7404,2396.89
013036,Cadorago,03,Lombardia,013,Como,CO,1,Nord-ovest,B346,ITC,ITC4,ITC42,013036,7.366,45.721254,9.047374,8051,1092.99
013037,Caglio,03,Lombardia,013,Como,CO,1,Nord-ovest,B355,ITC,ITC4,ITC42,013037,6.614,45.870813,9.226354,476,71.97
013040,Campione d'Italia,03,Lombardia,013,Como,CO,1,Nord-ovest,B513,ITC,ITC4,ITC42,013040,2.813,45.975146,8.969922,1848,656.95
013041,Cantù,03,Lombardia,013,Como,CO,1,Nord-ovest,B639,ITC,ITC4,ITC42,013041,23.383,45.737341,9.140504,40451,1729.93
013042,Canzo,03,Lombardia,013,Como,CO,1,Nord-ovest,B641,ITC,ITC4,ITC42,013042,11.294,45.849073,9.288151,5223,462.46
013043,Capiago Intimiano,03,Lombardia,013,Como,CO,1,Nord-ovest,B653,ITC,ITC4,ITC42,013043,5.927,45.771673,9.127589,5433,916.65
013044,Carate Urio,03,Lombardia,013,Como,CO,1,Nord-ovest,B730,ITC,ITC4,ITC42,013044,7.081,45.880842,9.1092,1090,153.93
013045,Carbonate,03,Lombardia,013,Como,CO,1,Nord-ovest,B742,ITC,ITC4,ITC42,013045,4.986,45.695722,8.946146,2977,597.07
013046,Carimate,03,Lombardia,013,Como,CO,1,Nord-ovest,B778,ITC,ITC4,ITC42,013046,5.169,45.707227,9.107624,4374,846.2
013047,Carlazzo,03,Lombardia,013,Como,CO,1,Nord-ovest,B785,ITC,ITC4,ITC42,013047,12.821,46.054591,9.165629,3146,245.38
013048,Carugo,03,Lombardia,013,Como,CO,1,Nord-ovest,B851,ITC,ITC4,ITC42,013048,4.034,45.716467,9.194578,6658,1650.47
013052,Caslino d'Erba,03,Lombardia,013,Como,CO,1,Nord-ovest,B974,ITC,ITC4,ITC42,013052,6.798,45.847665,9.213612,1670,245.66
013053,Casnate con Bernate,03,Lombardia,013,Como,CO,1,Nord-ovest,B977,ITC,ITC4,ITC42,013053,5.365,45.75951,9.074091,5033,938.12
013055,Cassina Rizzardi,03,Lombardia,013,Como,CO,1,Nord-ovest,C020,ITC,ITC4,ITC42,013055,3.394,45.749385,9.027896,3263,961.4
013058,Castelmarte,03,Lombardia,013,Como,CO,1,Nord-ovest,C206,ITC,ITC4,ITC42,013058,1.943,45.835643,9.243047,1267,652.08
013059,Castelnuovo Bozzente,03,Lombardia,013,Como,CO,1,Nord-ovest,C220,ITC,ITC4,ITC42,013059,3.689,45.759117,8.941217,916,248.31
013062,Cavargna,03,Lombardia,013,Como,CO,1,Nord-ovest,C381,ITC,ITC4,ITC42,013062,15.074,46.108578,9.098229,171,11.34
013254,Centro Valle Intelvi,03,Lombardia,013,Como,CO,1,Nord-ovest,M394,ITC,ITC4,ITC42,013254,19.539,45.949445,9.057122,3778,193.36
013063,Cerano d'Intelvi,03,Lombardia,013,Como,CO,1,Nord-ovest,C482,ITC,ITC4,ITC42,013063,5.878,45.928318,9.07067,593,100.88
013064,Cermenate,03,Lombardia,013,Como,CO,1,Nord-ovest,C516,ITC,ITC4,ITC42,013064,8.26,45.700889,9.083515,9457,1144.92
013065,Cernobbio,03,Lombardia,013,Como,CO,1,Nord-ovest,C520,ITC,ITC4,ITC42,013065,11.973,45.856221,9.066308,6152,513.82
013068,Cirimido,03,Lombardia,013,Como,CO,1,Nord-ovest,C724,ITC,ITC4,ITC42,013068,2.667,45.694411,9.012218,2198,824.15
013071,Claino con Osteno,03,Lombardia,013,Como,CO,1,Nord-ovest,C787,ITC,ITC4,ITC42,013071,12.768,46.010734,9.089036,543,42.53
013074,Colonno,03,Lombardia,013,Como,CO,1,Nord-ovest,C902,ITC,ITC4,ITC42,013074,5.875,45.966733,9.140139,432,73.53
013251,Colverde,03,Lombardia,013,Como,CO,1,Nord-ovest,M336,ITC,ITC4,ITC42,013251,8.476,45.805592,9.001835,5553,655.14
013075,Como,03,Lombardia,013,Como,CO,1,Nord-ovest,C933,ITC,ITC4,ITC42,013075,37.356,45.801577,9.092089,83035,2222.8
013077,Corrido,03,Lombardia,013,Como,CO,1,Nord-ovest,D041,ITC,ITC4,ITC42,013077,6.18,46.057349,9.120796,845,136.73
013083,Cremia,03,Lombardia,013,Como,CO,1,Nord-ovest,D147,ITC,ITC4,ITC42,013083,10.084,46.088076,9.259766,674,66.84
013084,Cucciago,03,Lombardia,013,Como,CO,1,Nord-ovest,D196,ITC,ITC4,ITC42,013084,5.037,45.738252,9.096743,3365,668.06
013085,Cusino,03,Lombardia,013,Como,CO,1,Nord-ovest,D232,ITC,ITC4,ITC42,013085,9.685,46.088448,9.180842,250,25.81
013087,Dizzasco,03,Lombardia,013,Como,CO,1,Nord-ovest,D310,ITC,ITC4,ITC42,013087,3.84,45.947622,9.112237,642,167.19
013089,Domaso,03,Lombardia,013,Como,CO,1,Nord-ovest,D329,ITC,ITC4,ITC42,013089,6.16,46.149066,9.336013,1392,225.97
013090,Dongo,03,Lombardia,013,Como,CO,1,Nord-ovest,D341,ITC,ITC4,ITC42,013090,7.215,46.126329,9.270458,3158,437.7
013092,Dosso del Liro,03,Lombardia,013,Como,CO,1,Nord-ovest,D355,ITC,ITC4,ITC42,013092,23.439,46.195136,9.222962,235,10.03
013095,Erba,03,Lombardia,013,Como,CO,1,Nord-ovest,D416,ITC,ITC4,ITC42,013095,17.935,45.816313,9.221144,16266,906.94
013097,Eupilio,03,Lombardia,013,Como,CO,1,Nord-ovest,D445,ITC,ITC4,ITC42,013097,6.796,45.813905,9.262792,2526,371.69
013098,Faggeto Lario,03,Lombardia,013,Como,CO,1,Nord-ovest,D462,ITC,ITC4,ITC42,013098,17.854,45.856551,9.1711,1063,59.54
013099,Faloppio,03,Lombardia,013,Como,CO,1,Nord-ovest,D482,ITC,ITC4,ITC42,013099,4.16,45.81021,8.971618,4882,1173.56
013100,Fenegrò,03,Lombardia,013,Como,CO,1,Nord-ovest,D531,ITC,ITC4,ITC42,013100,5.555,45.6971,8.998069,3326,598.74
013101,Figino Serenza,03,Lombardia,013,Como,CO,1,Nord-ovest,D579,ITC,ITC4,ITC42,013101,5.02,45.712392,9.135797,4972,990.44
013102,Fino Mornasco,03,Lombardia,013,Como,CO,1,Nord-ovest,D605,ITC,ITC4,ITC42,013102,7.144,45.742342,9.05147,10139,1419.23
013106,Garzeno,03,Lombardia,013,Como,CO,1,Nord-ovest,D930,ITC,ITC4,ITC42,013106,28.366,46.127684,9.194485,656,23.13
013107,Gera Lario,03,Lombardia,013,Como,CO,1,Nord-ovest,D974,ITC,ITC4,ITC42,013107,7.097,46.155924,9.403708,1065,150.06
013110,Grandate,03,Lombardia,013,Como,CO,1,Nord-ovest,E139,ITC,ITC4,ITC42,013110,3.049,45.769063,9.056681,2803,919.32
013111,Grandola ed Uniti,03,Lombardia,013,Como,CO,1,Nord-ovest,E141,ITC,ITC4,ITC42,013111,16.702,46.051206,9.190167,1289,77.18
013249,Gravedona ed Uniti,03,Lombardia,013,Como,CO,1,Nord-ovest,M315,ITC,ITC4,ITC42,013249,40.308,46.158074,9.185792,4032,100.03
013113,Griante,03,Lombardia,013,Como,CO,1,Nord-ovest,E172,ITC,ITC4,ITC42,013113,6.718,45.996309,9.238588,553,82.32
013114,Guanzate,03,Lombardia,013,Como,CO,1,Nord-ovest,E235,ITC,ITC4,ITC42,013114,6.76,45.724991,9.011326,5810,859.47
013118,Inverigo,03,Lombardia,013,Como,CO,1,Nord-ovest,E309,ITC,ITC4,ITC42,013118,10.351,45.738689,9.220701,9149,883.88
013119,Laglio,03,Lombardia,013,Como,CO,1,Nord-ovest,E405,ITC,ITC4,ITC42,013119,6.186,45.884487,9.133364,813,131.43
013120,Laino,03,Lombardia,013,Como,CO,1,Nord-ovest,E416,ITC,ITC4,ITC42,013120,6.496,45.982886,9.102156,566,87.13
013121,Lambrugo,03,Lombardia,013,Como,CO,1,Nord-ovest,E428,ITC,ITC4,ITC42,013121,1.84,45.762549,9.242602,2544,1382.61
013123,Lasnigo,03,Lombardia,013,Como,CO,1,Nord-ovest,E462,ITC,ITC4,ITC42,013123,5.645,45.88518,9.267583,444,78.65
013126,Lezzeno,03,Lombardia,013,Como,CO,1,Nord-ovest,E569,ITC,ITC4,ITC42,013126,20.584,45.942533,9.186829,1856,90.17
013128,Limido Comasco,03,Lombardia,013,Como,CO,1,Nord-ovest,E593,ITC,ITC4,ITC42,013128,4.679,45.68503,8.976739,3925,838.85
013129,Lipomo,03,Lombardia,013,Como,CO,1,Nord-ovest,E607,ITC,ITC4,ITC42,013129,2.333,45.790141,9.119719,5869,2515.65
013130,Livo,03,Lombardia,013,Como,CO,1,Nord-ovest,E623,ITC,ITC4,ITC42,013130,33.042,46.200814,9.300576,158,4.78
013131,Locate Varesino,03,Lombardia,013,Como,CO,1,Nord-ovest,E638,ITC,ITC4,ITC42,013131,6.041,45.69351,8.933081,4303,712.3
013133,Lomazzo,03,Lombardia,013,Como,CO,1,Nord-ovest,E659,ITC,ITC4,ITC42,013133,9.574,45.692249,9.032708,10046,1049.3
013134,Longone al Segrino,03,Lombardia,013,Como,CO,1,Nord-ovest,E679,ITC,ITC4,ITC42,013134,1.408,45.822848,9.255461,1984,1409.09
013135,Luisago,03,Lombardia,013,Como,CO,1,Nord-ovest,E735,ITC,ITC4,ITC42,013135,2.113,45.760886,9.041042,2834,1341.22
013137,Lurago Marinone,03,Lombardia,013,Como,CO,1,Nord-ovest,E750,ITC,ITC4,ITC42,013137,3.654,45.704172,8.975562,2598,711.0
013136,Lurago d'Erba,03,Lombardia,013,Como,CO,1,Nord-ovest,E749,ITC,ITC4,ITC42,013136,4.53,45.757458,9.221468,5587,1233.33
013138,Lurate Caccivio,03,Lombardia,013,Como,CO,1,Nord-ovest,E753,ITC,ITC4,ITC42,013138,5.96,45.766036,8.992838,9692,1626.17
013139,Magreglio,03,Lombardia,013,Como,CO,1,Nord-ovest,E830,ITC,ITC4,ITC42,013139,3.256,45.918445,9.253573,673,206.7
013143,Mariano Comense,03,Lombardia,013,Como,CO,1,Nord-ovest,E951,ITC,ITC4,ITC42,013143,13.71,45.695742,9.172855,25531,1862.22
013144,Maslianico,03,Lombardia,013,Como,CO,1,Nord-ovest,F017,ITC,ITC4,ITC42,013144,1.336,45.845192,9.047502,3162,2366.77
013145,Menaggio,03,Lombardia,013,Como,CO,1,Nord-ovest,F120,ITC,ITC4,ITC42,013145,11.882,46.023515,9.241659,2946,247.94
013147,Merone,03,Lombardia,013,Como,CO,1,Nord-ovest,F151,ITC,ITC4,ITC42,013147,3.461,45.781566,9.250853,4003,1156.6
013152,Moltrasio,03,Lombardia,013,Como,CO,1,Nord-ovest,F305,ITC,ITC4,ITC42,013152,9.079,45.874065,9.091937,1485,163.56
013153,Monguzzo,03,Lombardia,013,Como,CO,1,Nord-ovest,F372,ITC,ITC4,ITC42,013153,3.9,45.778027,9.229478,2381,610.51
013154,Montano Lucino,03,Lombardia,013,Como,CO,1,Nord-ovest,F427,ITC,ITC4,ITC42,013154,5.122,45.790261,9.027636,5479,1069.7
013155,Montemezzo,03,Lombardia,013,Como,CO,1,Nord-ovest,F564,ITC,ITC4,ITC42,013155,9.081,46.197429,9.362218,203,22.35
013157,Montorfano,03,Lombardia,013,Como,CO,1,Nord-ovest,F688,ITC,ITC4,ITC42,013157,3.516,45.780813,9.148633,2494,709.33
013159,Mozzate,03,Lombardia,013,Como,CO,1,Nord-ovest,F788,ITC,ITC4,ITC42,013159,10.719,45.681414,8.958979,8684,810.15
013160,Musso,03,Lombardia,013,Como,CO,1,Nord-ovest,F828,ITC,ITC4,ITC42,013160,3.827,46.113407,9.268254,935,244.32
013161,Nesso,03,Lombardia,013,Como,CO,1,Nord-ovest,F877,ITC,ITC4,ITC42,013161,14.598,45.906356,9.15633,1074,73.57
013163,Novedrate,03,Lombardia,013,Como,CO,1,Nord-ovest,F958,ITC,ITC4,ITC42,013163,2.83,45.700353,9.132392,2871,1014.49
013165,Olgiate Comasco,03,Lombardia,013,Como,CO,1,Nord-ovest,G025,ITC,ITC4,ITC42,013165,11.015,45.781221,8.973695,12184,1106.13
013169,Oltrona di San Mamette,03,Lombardia,013,Como,CO,1,Nord-ovest,G056,ITC,ITC4,ITC42,013169,2.741,45.754866,8.970706,2356,859.54
013170,Orsenigo,03,Lombardia,013,Como,CO,1,Nord-ovest,G126,ITC,ITC4,ITC42,013170,4.378,45.775313,9.181873,2638,602.56
013178,Peglio,03,Lombardia,013,Como,CO,1,Nord-ovest,G415,ITC,ITC4,ITC42,013178,10.653,46.179088,9.283814,193,18.12
013183,Pianello del Lario,03,Lombardia,013,Como,CO,1,Nord-ovest,G556,ITC,ITC4,ITC42,013183,9.661,46.10252,9.256809,1074,111.17
013184,Pigra,03,Lombardia,013,Como,CO,1,Nord-ovest,G665,ITC,ITC4,ITC42,013184,4.389,45.966579,9.121303,229,52.18
013185,Plesio,03,Lombardia,013,Como,CO,1,Nord-ovest,G737,ITC,ITC4,ITC42,013185,16.972,46.064708,9.20599,807,47.55
013186,Pognana Lario,03,Lombardia,013,Como,CO,1,Nord-ovest,G773,ITC,ITC4,ITC42,013186,5.197,45.882187,9.163934,657,126.42
013187,Ponna,03,Lombardia,013,Como,CO,1,Nord-ovest,G821,ITC,ITC4,ITC42,013187,5.818,45.996182,9.111085,223,38.33
013188,Ponte Lambro,03,Lombardia,013,Como,CO,1,Nord-ovest,G847,ITC,ITC4,ITC42,013188,3.436,45.828781,9.221235,4266,1241.56
013189,Porlezza,03,Lombardia,013,Como,CO,1,Nord-ovest,G889,ITC,ITC4,ITC42,013189,18.636,46.028273,9.136271,4901,262.99
013192,Proserpio,03,Lombardia,013,Como,CO,1,Nord-ovest,H074,ITC,ITC4,ITC42,013192,2.263,45.831122,9.253077,951,420.24
013193,Pusiano,03,Lombardia,013,Como,CO,1,Nord-ovest,H094,ITC,ITC4,ITC42,013193,3.187,45.820288,9.28305,1301,408.22
013195,Rezzago,03,Lombardia,013,Como,CO,1,Nord-ovest,H255,ITC,ITC4,ITC42,013195,4.065,45.857944,9.235745,311,76.51
013197,Rodero,03,Lombardia,013,Como,CO,1,Nord-ovest,H478,ITC,ITC4,ITC42,013197,2.539,45.824716,8.919065,1282,504.92
013201,Rovellasca,03,Lombardia,013,Como,CO,1,Nord-ovest,H601,ITC,ITC4,ITC42,013201,3.308,45.668572,9.045273,8028,2426.84
013202,Rovello Porro,03,Lombardia,013,Como,CO,1,Nord-ovest,H602,ITC,ITC4,ITC42,013202,5.64,45.658996,9.038286,6387,1132.45
013203,Sala Comacina,03,Lombardia,013,Como,CO,1,Nord-ovest,H679,ITC,ITC4,ITC42,013203,4.59,45.97072,9.157274,456,99.35
013204,San Bartolomeo Val Cavargna,03,Lombardia,013,Como,CO,1,Nord-ovest,H760,ITC,ITC4,ITC42,013204,10.706,46.095404,9.15991,926,86.49
013206,San Fermo della Battaglia,03,Lombardia,013,Como,CO,1,Nord-ovest,H840,ITC,ITC4,ITC42,013206,5.793,45.807389,9.036825,7770,1341.27
013207,San Nazzaro Val Cavargna,03,Lombardia,013,Como,CO,1,Nord-ovest,I051,ITC,ITC4,ITC42,013207,12.891,46.102668,9.131356,256,19.86
013248,San Siro,03,Lombardia,013,Como,CO,1,Nord-ovest,I162,ITC,ITC4,ITC42,013248,18.769,46.057539,9.262637,1672,89.08
013211,Schignano,03,Lombardia,013,Como,CO,1,Nord-ovest,I529,ITC,ITC4,ITC42,013211,10.069,45.922063,9.098909,868,86.21
013212,Senna Comasco,03,Lombardia,013,Como,CO,1,Nord-ovest,I611,ITC,ITC4,ITC42,013212,2.652,45.760757,9.105894,3174,1196.83
013255,Solbiate con Cagno,03,Lombardia,013,Como,CO,1,Nord-ovest,M412,ITC,ITC4,ITC42,013255,7.473,45.800818,8.915538,4638,620.63
013216,Sorico,03,Lombardia,013,Como,CO,1,Nord-ovest,I856,ITC,ITC4,ITC42,013216,24.489,46.187626,9.40153,1243,50.76
013217,Sormano,03,Lombardia,013,Como,CO,1,Nord-ovest,I860,ITC,ITC4,ITC42,013217,10.592,45.892872,9.229464,692,65.33
013218,Stazzona,03,Lombardia,013,Como,CO,1,Nord-ovest,I943,ITC,ITC4,ITC42,013218,7.349,46.148799,9.263767,593,80.69
013222,Tavernerio,03,Lombardia,013,Como,CO,1,Nord-ovest,L071,ITC,ITC4,ITC42,013222,11.646,45.812881,9.14295,5586,479.65
013223,Torno,03,Lombardia,013,Como,CO,1,Nord-ovest,L228,ITC,ITC4,ITC42,013223,7.399,45.849106,9.127498,1030,139.21
013252,Tremezzina,03,Lombardia,013,Como,CO,1,Nord-ovest,M341,ITC,ITC4,ITC42,013252,29.249,45.98219,9.193795,4942,168.96
013226,Trezzone,03,Lombardia,013,Como,CO,1,Nord-ovest,L413,ITC,ITC4,ITC42,013226,3.952,46.187769,9.34564,231,58.45
013227,Turate,03,Lombardia,013,Como,CO,1,Nord-ovest,L470,ITC,ITC4,ITC42,013227,10.432,45.661142,9.005194,9911,950.06
013256,Uggiate con Ronago,03,Lombardia,013,Como,CO,1,Nord-ovest,M435,ITC,ITC4,ITC42,013256,7.763,45.822677,8.967363,6825,879.17
013233,Val Rezzo,03,Lombardia,013,Como,CO,1,Nord-ovest,H259,ITC,ITC4,ITC42,013233,6.565,46.069974,9.100642,172,26.2
013229,Valbrona,03,Lombardia,013,Como,CO,1,Nord-ovest,L547,ITC,ITC4,ITC42,013229,13.392,45.881079,9.3018,2622,195.79
013232,Valmorea,03,Lombardia,013,Como,CO,1,Nord-ovest,L640,ITC,ITC4,ITC42,013232,3.07,45.818481,8.932373,2595,845.28
013234,Valsolda,03,Lombardia,013,Como,CO,1,Nord-ovest,C936,ITC,ITC4,ITC42,013234,31.936,46.028484,9.044796,1434,44.9
013236,Veleso,03,Lombardia,013,Como,CO,1,Nord-ovest,L715,ITC,ITC4,ITC42,013236,6.045,45.916368,9.18717,195,32.26
013238,Veniano,03,Lombardia,013,Como,CO,1,Nord-ovest,L737,ITC,ITC4,ITC42,013238,3.1,45.717895,8.981766,3157,1018.39
013239,Vercana,03,Lombardia,013,Como,CO,1,Nord-ovest,L748,ITC,ITC4,ITC42,013239,15.143,46.192258,9.331051,732,48.34
013242,Vertemate con Minoprio,03,Lombardia,013,Como,CO,1,Nord-ovest,L792,ITC,ITC4,ITC42,013242,5.62,45.728322,9.077645,4189,745.37
013245,Villa Guardia,03,Lombardia,013,Como,CO,1,Nord-ovest,L956,ITC,ITC4,ITC42,013245,7.76,45.772362,9.027007,7867,1013.79
013246,Zelbio,03,Lombardia,013,Como,CO,1,Nord-ovest,M156,ITC,ITC4,ITC42,013246,4.682,45.901596,9.19611,182,38.87
019001,Acquanegra Cremonese,03,Lombardia,019,Cremona,CR,1,Nord-ovest,A039,ITC,ITC4,ITC4A,019001,9.228,45.174385,9.888995,1167,126.46
019002,Agnadello,03,Lombardia,019,Cremona,CR,1,Nord-ovest,A076,ITC,ITC4,ITC4A,019002,11.994,45.439598,9.554024,3963,330.42
019003,Annicco,03,Lombardia,019,Cremona,CR,1,Nord-ovest,A299,ITC,ITC4,ITC4A,019003,19.488,45.252384,9.875156,1980,101.6
019004,Azzanello,03,Lombardia,019,Cremona,CR,1,Nord-ovest,A526,ITC,ITC4,ITC4A,019004,10.927,45.309883,9.914786,631,57.75
019005,Bagnolo Cremasco,03,Lombardia,019,Cremona,CR,1,Nord-ovest,A570,ITC,ITC4,ITC4A,019005,10.363,45.365192,9.61687,5115,493.58
019006,Bonemerse,03,Lombardia,019,Cremona,CR,1,Nord-ovest,A972,ITC,ITC4,ITC4A,019006,5.961,45.106068,10.093913,1434,240.56
019007,Bordolano,03,Lombardia,019,Cremona,CR,1,Nord-ovest,A986,ITC,ITC4,ITC4A,019007,8.134,45.291415,9.980242,602,74.01
019009,Calvatone,03,Lombardia,019,Cremona,CR,1,Nord-ovest,B439,ITC,ITC4,ITC4A,019009,13.644,45.128948,10.454424,1130,82.82
019010,Camisano,03,Lombardia,019,Cremona,CR,1,Nord-ovest,B484,ITC,ITC4,ITC4A,019010,11.248,45.448061,9.746914,1253,111.4
019011,Campagnola Cremasca,03,Lombardia,019,Cremona,CR,1,Nord-ovest,B498,ITC,ITC4,ITC4A,019011,4.581,45.4022,9.674205,649,141.67
019012,Capergnanica,03,Lombardia,019,Cremona,CR,1,Nord-ovest,B650,ITC,ITC4,ITC4A,019012,6.849,45.331742,9.639419,2150,313.91
019013,Cappella Cantone,03,Lombardia,019,Cremona,CR,1,Nord-ovest,B679,ITC,ITC4,ITC4A,019013,13.402,45.240374,9.839887,538,40.14
019014,Cappella de' Picenardi,03,Lombardia,019,Cremona,CR,1,Nord-ovest,B680,ITC,ITC4,ITC4A,019014,14.168,45.15011,10.238255,422,29.79
019015,Capralba,03,Lombardia,019,Cremona,CR,1,Nord-ovest,B686,ITC,ITC4,ITC4A,019015,13.507,45.429067,9.64781,2293,169.76
019016,Casalbuttano ed Uniti,03,Lombardia,019,Cremona,CR,1,Nord-ovest,B869,ITC,ITC4,ITC4A,019016,22.828,45.245687,9.973237,3796,166.29
019017,Casale Cremasco-Vidolasco,03,Lombardia,019,Cremona,CR,1,Nord-ovest,B881,ITC,ITC4,ITC4A,019017,9.227,45.438621,9.717794,1815,196.71
019018,Casaletto Ceredano,03,Lombardia,019,Cremona,CR,1,Nord-ovest,B889,ITC,ITC4,ITC4A,019018,6.263,45.311514,9.620749,1171,186.97
019020,Casaletto Vaprio,03,Lombardia,019,Cremona,CR,1,Nord-ovest,B891,ITC,ITC4,ITC4A,019020,5.48,45.410016,9.640077,1778,324.45
019019,Casaletto di Sopra,03,Lombardia,019,Cremona,CR,1,Nord-ovest,B890,ITC,ITC4,ITC4A,019019,8.786,45.414416,9.79298,527,59.98
019021,Casalmaggiore,03,Lombardia,019,Cremona,CR,1,Nord-ovest,B898,ITC,ITC4,ITC4A,019021,64.301,44.990115,10.421572,15114,235.05
019022,Casalmorano,03,Lombardia,019,Cremona,CR,1,Nord-ovest,B900,ITC,ITC4,ITC4A,019022,12.581,45.292625,9.898844,1727,137.27
019024,Castel Gabbiano,03,Lombardia,019,Cremona,CR,1,Nord-ovest,C115,ITC,ITC4,ITC4A,019024,5.803,45.471182,9.718431,542,93.4
019023,Casteldidone,03,Lombardia,019,Cremona,CR,1,Nord-ovest,C089,ITC,ITC4,ITC4A,019023,10.818,45.068729,10.402296,542,50.1
019025,Castelleone,03,Lombardia,019,Cremona,CR,1,Nord-ovest,C153,ITC,ITC4,ITC4A,019025,45.153,45.295013,9.77921,9340,206.85
019026,Castelverde,03,Lombardia,019,Cremona,CR,1,Nord-ovest,B129,ITC,ITC4,ITC4A,019026,30.952,45.201493,9.989906,5699,184.12
019027,Castelvisconti,03,Lombardia,019,Cremona,CR,1,Nord-ovest,C290,ITC,ITC4,ITC4A,019027,10.107,45.300187,9.945213,306,30.28
019028,Cella Dati,03,Lombardia,019,Cremona,CR,1,Nord-ovest,C435,ITC,ITC4,ITC4A,019028,18.915,45.086337,10.210544,514,27.17
019029,Chieve,03,Lombardia,019,Cremona,CR,1,Nord-ovest,C634,ITC,ITC4,ITC4A,019029,6.155,45.336774,9.612419,2270,368.81
019030,Cicognolo,03,Lombardia,019,Cremona,CR,1,Nord-ovest,C678,ITC,ITC4,ITC4A,019030,7.017,45.162772,10.202126,977,139.23
019031,Cingia de' Botti,03,Lombardia,019,Cremona,CR,1,Nord-ovest,C703,ITC,ITC4,ITC4A,019031,14.525,45.080084,10.268049,1171,80.62
019032,Corte de' Cortesi con Cignone,03,Lombardia,019,Cremona,CR,1,Nord-ovest,D056,ITC,ITC4,ITC4A,019032,12.694,45.268553,10.000426,1070,84.29
019033,Corte de' Frati,03,Lombardia,019,Cremona,CR,1,Nord-ovest,D057,ITC,ITC4,ITC4A,019033,19.939,45.22739,10.105838,1318,66.1
019034,Credera Rubbiano,03,Lombardia,019,Cremona,CR,1,Nord-ovest,D141,ITC,ITC4,ITC4A,019034,13.988,45.295916,9.650603,1476,105.52
019035,Crema,03,Lombardia,019,Cremona,CR,1,Nord-ovest,D142,ITC,ITC4,ITC4A,019035,34.25,45.365698,9.68489,34147,996.99
019036,Cremona,03,Lombardia,019,Cremona,CR,1,Nord-ovest,D150,ITC,ITC4,ITC4A,019036,70.232,45.137095,10.032922,71093,1012.26
019037,Cremosano,03,Lombardia,019,Cremona,CR,1,Nord-ovest,D151,ITC,ITC4,ITC4A,019037,5.896,45.389668,9.64417,1730,293.42
019038,Crotta d'Adda,03,Lombardia,019,Cremona,CR,1,Nord-ovest,D186,ITC,ITC4,ITC4A,019038,12.656,45.154027,9.837467,613,48.44
019039,Cumignano sul Naviglio,03,Lombardia,019,Cremona,CR,1,Nord-ovest,D203,ITC,ITC4,ITC4A,019039,6.696,45.348324,9.840011,406,60.63
019040,Derovere,03,Lombardia,019,Cremona,CR,1,Nord-ovest,D278,ITC,ITC4,ITC4A,019040,10.14,45.114431,10.242778,284,28.01
019041,Dovera,03,Lombardia,019,Cremona,CR,1,Nord-ovest,D358,ITC,ITC4,ITC4A,019041,20.707,45.364753,9.538203,3734,180.33
019043,Fiesco,03,Lombardia,019,Cremona,CR,1,Nord-ovest,D574,ITC,ITC4,ITC4A,019043,8.313,45.333693,9.776426,1217,146.4
019044,Formigara,03,Lombardia,019,Cremona,CR,1,Nord-ovest,D710,ITC,ITC4,ITC4A,019044,12.331,45.230684,9.751408,1038,84.18
019045,Gabbioneta-Binanuova,03,Lombardia,019,Cremona,CR,1,Nord-ovest,D834,ITC,ITC4,ITC4A,019045,15.855,45.21933,10.203088,859,54.18
019046,Gadesco-Pieve Delmona,03,Lombardia,019,Cremona,CR,1,Nord-ovest,D841,ITC,ITC4,ITC4A,019046,16.796,45.167953,10.114935,1882,112.05
019047,Genivolta,03,Lombardia,019,Cremona,CR,1,Nord-ovest,D966,ITC,ITC4,ITC4A,019047,18.752,45.343405,9.873169,1082,57.7
019048,Gerre de' Caprioli,03,Lombardia,019,Cremona,CR,1,Nord-ovest,D993,ITC,ITC4,ITC4A,019048,7.663,45.091885,10.039743,1310,170.95
019049,Gombito,03,Lombardia,019,Cremona,CR,1,Nord-ovest,E082,ITC,ITC4,ITC4A,019049,9.37,45.254485,9.734766,611,65.21
019050,Grontardo,03,Lombardia,019,Cremona,CR,1,Nord-ovest,E193,ITC,ITC4,ITC4A,019050,12.301,45.200004,10.143728,1498,121.78
019051,Grumello Cremonese ed Uniti,03,Lombardia,019,Cremona,CR,1,Nord-ovest,E217,ITC,ITC4,ITC4A,019051,22.612,45.199079,9.865996,1725,76.29
019052,Gussola,03,Lombardia,019,Cremona,CR,1,Nord-ovest,E272,ITC,ITC4,ITC4A,019052,25.14,45.005425,10.34408,2687,106.88
019053,Isola Dovarese,03,Lombardia,019,Cremona,CR,1,Nord-ovest,E356,ITC,ITC4,ITC4A,019053,9.528,45.175776,10.31072,1065,111.78
019054,Izano,03,Lombardia,019,Cremona,CR,1,Nord-ovest,E380,ITC,ITC4,ITC4A,019054,6.151,45.35171,9.751932,1951,317.18
019055,Madignano,03,Lombardia,019,Cremona,CR,1,Nord-ovest,E793,ITC,ITC4,ITC4A,019055,10.969,45.335638,9.722696,2764,251.98
019056,Malagnino,03,Lombardia,019,Cremona,CR,1,Nord-ovest,E843,ITC,ITC4,ITC4A,019056,10.563,45.127508,10.106711,1703,161.22
019057,Martignana di Po,03,Lombardia,019,Cremona,CR,1,Nord-ovest,E983,ITC,ITC4,ITC4A,019057,14.777,45.00499,10.376786,2024,136.97
019058,Monte Cremasco,03,Lombardia,019,Cremona,CR,1,Nord-ovest,F434,ITC,ITC4,ITC4A,019058,2.346,45.373561,9.569592,2217,945.01
019059,Montodine,03,Lombardia,019,Cremona,CR,1,Nord-ovest,F681,ITC,ITC4,ITC4A,019059,11.802,45.279384,9.707071,2394,202.85
019060,Moscazzano,03,Lombardia,019,Cremona,CR,1,Nord-ovest,F761,ITC,ITC4,ITC4A,019060,8.271,45.292663,9.681553,697,84.27
019061,Motta Baluffi,03,Lombardia,019,Cremona,CR,1,Nord-ovest,F771,ITC,ITC4,ITC4A,019061,16.466,45.045624,10.243059,769,46.7
019062,Offanengo,03,Lombardia,019,Cremona,CR,1,Nord-ovest,G004,ITC,ITC4,ITC4A,019062,12.554,45.384986,9.747801,5945,473.55
019063,Olmeneta,03,Lombardia,019,Cremona,CR,1,Nord-ovest,G047,ITC,ITC4,ITC4A,019063,9.145,45.238908,10.033333,934,102.13
019064,Ostiano,03,Lombardia,019,Cremona,CR,1,Nord-ovest,G185,ITC,ITC4,ITC4A,019064,19.174,45.222196,10.262786,2825,147.33
019065,Paderno Ponchielli,03,Lombardia,019,Cremona,CR,1,Nord-ovest,G222,ITC,ITC4,ITC4A,019065,23.675,45.230947,9.924754,1292,54.57
019066,Palazzo Pignano,03,Lombardia,019,Cremona,CR,1,Nord-ovest,G260,ITC,ITC4,ITC4A,019066,8.907,45.403197,9.585589,3793,425.84
019067,Pandino,03,Lombardia,019,Cremona,CR,1,Nord-ovest,G306,ITC,ITC4,ITC4A,019067,22.434,45.408332,9.538391,8988,400.64
019068,Persico Dosimo,03,Lombardia,019,Cremona,CR,1,Nord-ovest,G469,ITC,ITC4,ITC4A,019068,20.752,45.181557,10.081643,3250,156.61
019069,Pescarolo ed Uniti,03,Lombardia,019,Cremona,CR,1,Nord-ovest,G483,ITC,ITC4,ITC4A,019069,16.503,45.194933,10.187992,1547,93.74
019070,Pessina Cremonese,03,Lombardia,019,Cremona,CR,1,Nord-ovest,G504,ITC,ITC4,ITC4A,019070,21.918,45.182265,10.267886,574,26.19
019116,Piadena Drizzona,03,Lombardia,019,Cremona,CR,1,Nord-ovest,M418,ITC,ITC4,ITC4A,019116,31.217,45.135058,10.364573,4063,130.15
019072,Pianengo,03,Lombardia,019,Cremona,CR,1,Nord-ovest,G558,ITC,ITC4,ITC4A,019072,5.916,45.407499,9.699629,2570,434.42
019073,Pieranica,03,Lombardia,019,Cremona,CR,1,Nord-ovest,G603,ITC,ITC4,ITC4A,019073,2.855,45.42956,9.610018,1107,387.74
019075,Pieve San Giacomo,03,Lombardia,019,Cremona,CR,1,Nord-ovest,G651,ITC,ITC4,ITC4A,019075,14.864,45.126901,10.183946,1571,105.69
019074,Pieve d'Olmi,03,Lombardia,019,Cremona,CR,1,Nord-ovest,G647,ITC,ITC4,ITC4A,019074,19.896,45.071518,10.131639,1238,62.22
019076,Pizzighettone,03,Lombardia,019,Cremona,CR,1,Nord-ovest,G721,ITC,ITC4,ITC4A,019076,32.107,45.190673,9.800269,6242,194.41
019077,Pozzaglio ed Uniti,03,Lombardia,019,Cremona,CR,1,Nord-ovest,B914,ITC,ITC4,ITC4A,019077,20.898,45.212857,10.044976,1416,67.76
019078,Quintano,03,Lombardia,019,Cremona,CR,1,Nord-ovest,H130,ITC,ITC4,ITC4A,019078,2.846,45.420669,9.622669,932,327.48
019079,Ricengo,03,Lombardia,019,Cremona,CR,1,Nord-ovest,H276,ITC,ITC4,ITC4A,019079,12.353,45.407772,9.7403,1724,139.56
019080,Ripalta Arpina,03,Lombardia,019,Cremona,CR,1,Nord-ovest,H314,ITC,ITC4,ITC4A,019080,6.669,45.289468,9.726301,1088,163.14
019081,Ripalta Cremasca,03,Lombardia,019,Cremona,CR,1,Nord-ovest,H315,ITC,ITC4,ITC4A,019081,11.623,45.327994,9.677658,3454,297.17
019082,Ripalta Guerina,03,Lombardia,019,Cremona,CR,1,Nord-ovest,H316,ITC,ITC4,ITC4A,019082,2.907,45.305702,9.7057,538,185.07
019083,Rivarolo del Re ed Uniti,03,Lombardia,019,Cremona,CR,1,Nord-ovest,H341,ITC,ITC4,ITC4A,019083,27.37,45.035772,10.465545,1848,67.52
019084,Rivolta d'Adda,03,Lombardia,019,Cremona,CR,1,Nord-ovest,H357,ITC,ITC4,ITC4A,019084,30.444,45.461832,9.519547,8358,274.54
019085,Robecco d'Oglio,03,Lombardia,019,Cremona,CR,1,Nord-ovest,H372,ITC,ITC4,ITC4A,019085,18.28,45.257602,10.05826,2250,123.09
019086,Romanengo,03,Lombardia,019,Cremona,CR,1,Nord-ovest,H508,ITC,ITC4,ITC4A,019086,15.053,45.382153,9.789112,3257,216.37
019087,Salvirola,03,Lombardia,019,Cremona,CR,1,Nord-ovest,H731,ITC,ITC4,ITC4A,019087,7.468,45.360101,9.774782,1143,153.05
019088,San Bassano,03,Lombardia,019,Cremona,CR,1,Nord-ovest,H767,ITC,ITC4,ITC4A,019088,13.501,45.240193,9.80131,2057,152.36
019089,San Daniele Po,03,Lombardia,019,Cremona,CR,1,Nord-ovest,H815,ITC,ITC4,ITC4A,019089,22.491,45.053055,10.182992,1297,57.67
019090,San Giovanni in Croce,03,Lombardia,019,Cremona,CR,1,Nord-ovest,H918,ITC,ITC4,ITC4A,019090,16.581,45.074875,10.376336,1915,115.49
019091,San Martino del Lago,03,Lombardia,019,Cremona,CR,1,Nord-ovest,I007,ITC,ITC4,ITC4A,019091,10.226,45.079107,10.314635,384,37.55
019092,Scandolara Ravara,03,Lombardia,019,Cremona,CR,1,Nord-ovest,I497,ITC,ITC4,ITC4A,019092,17.042,45.045498,10.316593,1237,72.59
019093,Scandolara Ripa d'Oglio,03,Lombardia,019,Cremona,CR,1,Nord-ovest,I498,ITC,ITC4,ITC4A,019093,5.627,45.227551,10.153564,505,89.75
019094,Sergnano,03,Lombardia,019,Cremona,CR,1,Nord-ovest,I627,ITC,ITC4,ITC4A,019094,12.285,45.4349,9.683436,3460,281.64
019095,Sesto ed Uniti,03,Lombardia,019,Cremona,CR,1,Nord-ovest,I683,ITC,ITC4,ITC4A,019095,26.687,45.187491,9.934017,3286,123.13
019096,Solarolo Rainerio,03,Lombardia,019,Cremona,CR,1,Nord-ovest,I790,ITC,ITC4,ITC4A,019096,11.553,45.076319,10.350131,921,79.72
019097,Soncino,03,Lombardia,019,Cremona,CR,1,Nord-ovest,I827,ITC,ITC4,ITC4A,019097,45.15,45.401826,9.858981,7554,167.31
019098,Soresina,03,Lombardia,019,Cremona,CR,1,Nord-ovest,I849,ITC,ITC4,ITC4A,019098,27.95,45.290939,9.852425,9306,332.95
019099,Sospiro,03,Lombardia,019,Cremona,CR,1,Nord-ovest,I865,ITC,ITC4,ITC4A,019099,18.97,45.106737,10.168446,3041,160.31
019100,Spinadesco,03,Lombardia,019,Cremona,CR,1,Nord-ovest,I906,ITC,ITC4,ITC4A,019100,17.34,45.132482,9.943532,1485,85.64
019101,Spineda,03,Lombardia,019,Cremona,CR,1,Nord-ovest,I909,ITC,ITC4,ITC4A,019101,9.924,45.060823,10.515997,608,61.27
019102,Spino d'Adda,03,Lombardia,019,Cremona,CR,1,Nord-ovest,I914,ITC,ITC4,ITC4A,019102,19.718,45.392715,9.484463,7013,355.66
019103,Stagno Lombardo,03,Lombardia,019,Cremona,CR,1,Nord-ovest,I935,ITC,ITC4,ITC4A,019103,40.414,45.063527,10.083624,1402,34.69
019104,Ticengo,03,Lombardia,019,Cremona,CR,1,Nord-ovest,L164,ITC,ITC4,ITC4A,019104,7.824,45.383672,9.820455,455,58.15
019105,Torlino Vimercati,03,Lombardia,019,Cremona,CR,1,Nord-ovest,L221,ITC,ITC4,ITC4A,019105,5.664,45.427056,9.590005,451,79.63
019106,Tornata,03,Lombardia,019,Cremona,CR,1,Nord-ovest,L225,ITC,ITC4,ITC4A,019106,10.239,45.104125,10.437196,400,39.07
019107,Torre de' Picenardi,03,Lombardia,019,Cremona,CR,1,Nord-ovest,L258,ITC,ITC4,ITC4A,019107,34.359,45.124558,10.285299,2183,63.54
019108,Torricella del Pizzo,03,Lombardia,019,Cremona,CR,1,Nord-ovest,L296,ITC,ITC4,ITC4A,019108,23.207,45.017532,10.284169,585,25.21
019109,Trescore Cremasco,03,Lombardia,019,Cremona,CR,1,Nord-ovest,L389,ITC,ITC4,ITC4A,019109,5.864,45.398218,9.616391,2916,497.27
019110,Trigolo,03,Lombardia,019,Cremona,CR,1,Nord-ovest,L426,ITC,ITC4,ITC4A,019110,16.121,45.327311,9.81936,1648,102.23
019111,Vaiano Cremasco,03,Lombardia,019,Cremona,CR,1,Nord-ovest,L535,ITC,ITC4,ITC4A,019111,6.25,45.373765,9.594614,3592,574.72
019112,Vailate,03,Lombardia,019,Cremona,CR,1,Nord-ovest,L539,ITC,ITC4,ITC4A,019112,9.527,45.457238,9.598004,4723,495.75
019113,Vescovato,03,Lombardia,019,Cremona,CR,1,Nord-ovest,L806,ITC,ITC4,ITC4A,019113,17.62,45.161199,10.160192,3994,226.67
019114,Volongo,03,Lombardia,019,Cremona,CR,1,Nord-ovest,M116,ITC,ITC4,ITC4A,019114,8.206,45.205563,10.300482,455,55.45
019115,Voltido,03,Lombardia,019,Cremona,CR,1,Nord-ovest,M127,ITC,ITC4,ITC4A,019115,12.3,45.11107,10.336389,334,27.15
097001,Abbadia Lariana,03,Lombardia,097,Lecco,LC,1,Nord-ovest,A005,ITC,ITC4,ITC43,097001,16.481,45.898637,9.356947,3138,190.4
097002,Airuno,03,Lombardia,097,Lecco,LC,1,Nord-ovest,A112,ITC,ITC4,ITC43,097002,4.334,45.753265,9.422127,2928,675.59
097003,Annone di Brianza,03,Lombardia,097,Lecco,LC,1,Nord-ovest,A301,ITC,ITC4,ITC43,097003,5.889,45.80321,9.330905,2283,387.67
097004,Ballabio,03,Lombardia,097,Lecco,LC,1,Nord-ovest,A594,ITC,ITC4,ITC43,097004,14.948,45.902995,9.424333,4181,279.7
097005,Barzago,03,Lombardia,097,Lecco,LC,1,Nord-ovest,A683,ITC,ITC4,ITC43,097005,3.632,45.753896,9.318772,2407,662.72
097006,Barzanò,03,Lombardia,097,Lecco,LC,1,Nord-ovest,A686,ITC,ITC4,ITC43,097006,3.67,45.730183,9.310326,5047,1375.2
097007,Barzio,03,Lombardia,097,Lecco,LC,1,Nord-ovest,A687,ITC,ITC4,ITC43,097007,21.413,45.955296,9.496069,1269,59.26
097008,Bellano,03,Lombardia,097,Lecco,LC,1,Nord-ovest,A745,ITC,ITC4,ITC43,097008,22.114,46.051587,9.321529,3357,151.8
097009,Bosisio Parini,03,Lombardia,097,Lecco,LC,1,Nord-ovest,B081,ITC,ITC4,ITC43,097009,5.927,45.798266,9.292933,3199,539.73
097010,Brivio,03,Lombardia,097,Lecco,LC,1,Nord-ovest,B194,ITC,ITC4,ITC43,097010,7.884,45.753231,9.44578,4351,551.88
097011,Bulciago,03,Lombardia,097,Lecco,LC,1,Nord-ovest,B261,ITC,ITC4,ITC43,097011,3.052,45.753592,9.287181,2925,958.39
097012,Calco,03,Lombardia,097,Lecco,LC,1,Nord-ovest,B396,ITC,ITC4,ITC43,097012,4.45,45.725311,9.426088,5476,1230.56
097013,Calolziocorte,03,Lombardia,097,Lecco,LC,1,Nord-ovest,B423,ITC,ITC4,ITC43,097013,9.048,45.79406,9.443481,13593,1502.32
097014,Carenno,03,Lombardia,097,Lecco,LC,1,Nord-ovest,B763,ITC,ITC4,ITC43,097014,7.8,45.805217,9.474015,1390,178.21
097015,Casargo,03,Lombardia,097,Lecco,LC,1,Nord-ovest,B937,ITC,ITC4,ITC43,097015,19.713,46.038765,9.385183,833,42.26
097016,Casatenovo,03,Lombardia,097,Lecco,LC,1,Nord-ovest,B943,ITC,ITC4,ITC43,097016,12.759,45.682968,9.326987,13234,1037.23
097017,Cassago Brianza,03,Lombardia,097,Lecco,LC,1,Nord-ovest,B996,ITC,ITC4,ITC43,097017,3.42,45.734409,9.290246,4395,1285.09
097018,Cassina Valsassina,03,Lombardia,097,Lecco,LC,1,Nord-ovest,C024,ITC,ITC4,ITC43,097018,2.7,45.915462,9.491638,549,203.33
097019,Castello di Brianza,03,Lombardia,097,Lecco,LC,1,Nord-ovest,C187,ITC,ITC4,ITC43,097019,3.617,45.756218,9.345323,2633,727.95
097020,Cernusco Lombardone,03,Lombardia,097,Lecco,LC,1,Nord-ovest,C521,ITC,ITC4,ITC43,097020,3.701,45.692344,9.393974,3837,1036.75
097021,Cesana Brianza,03,Lombardia,097,Lecco,LC,1,Nord-ovest,C563,ITC,ITC4,ITC43,097021,3.703,45.819976,9.29556,2327,628.41
097022,Civate,03,Lombardia,097,Lecco,LC,1,Nord-ovest,C752,ITC,ITC4,ITC43,097022,9.297,45.827583,9.332039,3709,398.95
097023,Colico,03,Lombardia,097,Lecco,LC,1,Nord-ovest,C839,ITC,ITC4,ITC43,097023,35.024,46.125325,9.356765,8188,233.78
097024,Colle Brianza,03,Lombardia,097,Lecco,LC,1,Nord-ovest,C851,ITC,ITC4,ITC43,097024,8.362,45.763793,9.371189,1860,222.43
097025,Cortenova,03,Lombardia,097,Lecco,LC,1,Nord-ovest,D065,ITC,ITC4,ITC43,097025,11.644,45.991232,9.380147,1173,100.74
097026,Costa Masnaga,03,Lombardia,097,Lecco,LC,1,Nord-ovest,D112,ITC,ITC4,ITC43,097026,5.681,45.766306,9.267023,4738,834.01
097027,Crandola Valsassina,03,Lombardia,097,Lecco,LC,1,Nord-ovest,D131,ITC,ITC4,ITC43,097027,8.641,46.019387,9.407294,261,30.2
097028,Cremella,03,Lombardia,097,Lecco,LC,1,Nord-ovest,D143,ITC,ITC4,ITC43,097028,1.822,45.740663,9.304726,1689,927.0
097029,Cremeno,03,Lombardia,097,Lecco,LC,1,Nord-ovest,D145,ITC,ITC4,ITC43,097029,13.299,45.91699,9.462159,1839,138.28
097030,Dervio,03,Lombardia,097,Lecco,LC,1,Nord-ovest,D280,ITC,ITC4,ITC43,097030,11.846,46.078442,9.304424,2518,212.56
097031,Dolzago,03,Lombardia,097,Lecco,LC,1,Nord-ovest,D327,ITC,ITC4,ITC43,097031,2.363,45.770144,9.344998,2544,1076.6
097032,Dorio,03,Lombardia,097,Lecco,LC,1,Nord-ovest,D346,ITC,ITC4,ITC43,097032,11.614,46.10525,9.365507,325,27.98
097033,Ello,03,Lombardia,097,Lecco,LC,1,Nord-ovest,D398,ITC,ITC4,ITC43,097033,2.356,45.782659,9.361941,1187,503.82
097034,Erve,03,Lombardia,097,Lecco,LC,1,Nord-ovest,D428,ITC,ITC4,ITC43,097034,6.051,45.826274,9.454476,644,106.43
097035,Esino Lario,03,Lombardia,097,Lecco,LC,1,Nord-ovest,D436,ITC,ITC4,ITC43,097035,17.882,45.985885,9.340049,751,42.0
097036,Galbiate,03,Lombardia,097,Lecco,LC,1,Nord-ovest,D865,ITC,ITC4,ITC43,097036,15.504,45.808633,9.369789,8426,543.47
097037,Garbagnate Monastero,03,Lombardia,097,Lecco,LC,1,Nord-ovest,D913,ITC,ITC4,ITC43,097037,3.532,45.767051,9.303049,2503,708.66
097038,Garlate,03,Lombardia,097,Lecco,LC,1,Nord-ovest,D926,ITC,ITC4,ITC43,097038,3.729,45.810056,9.400647,2661,713.6
097039,Imbersago,03,Lombardia,097,Lecco,LC,1,Nord-ovest,E287,ITC,ITC4,ITC43,097039,3.227,45.708942,9.44415,2565,794.86
097040,Introbio,03,Lombardia,097,Lecco,LC,1,Nord-ovest,E305,ITC,ITC4,ITC43,097040,26.108,45.997516,9.479137,1948,74.61
097092,La Valletta Brianza,03,Lombardia,097,Lecco,LC,1,Nord-ovest,M348,ITC,ITC4,ITC43,097092,8.888,45.728913,9.368818,4637,521.71
097042,Lecco,03,Lombardia,097,Lecco,LC,1,Nord-ovest,E507,ITC,ITC4,ITC43,097042,45.118,45.859897,9.426232,47326,1048.94
097043,Lierna,03,Lombardia,097,Lecco,LC,1,Nord-ovest,E581,ITC,ITC4,ITC43,097043,11.303,45.961417,9.316401,2111,186.76
097044,Lomagna,03,Lombardia,097,Lecco,LC,1,Nord-ovest,E656,ITC,ITC4,ITC43,097044,4.14,45.668291,9.370053,5118,1236.23
097045,Malgrate,03,Lombardia,097,Lecco,LC,1,Nord-ovest,E858,ITC,ITC4,ITC43,097045,1.831,45.849414,9.37896,4146,2264.34
097046,Mandello del Lario,03,Lombardia,097,Lecco,LC,1,Nord-ovest,E879,ITC,ITC4,ITC43,097046,43.582,45.937744,9.343504,9856,226.15
097047,Margno,03,Lombardia,097,Lecco,LC,1,Nord-ovest,E947,ITC,ITC4,ITC43,097047,3.663,46.029898,9.390579,421,114.93
097048,Merate,03,Lombardia,097,Lecco,LC,1,Nord-ovest,F133,ITC,ITC4,ITC43,097048,11.194,45.698341,9.420313,15031,1342.77
097049,Missaglia,03,Lombardia,097,Lecco,LC,1,Nord-ovest,F248,ITC,ITC4,ITC43,097049,11.588,45.703513,9.344198,9010,777.53
097050,Moggio,03,Lombardia,097,Lecco,LC,1,Nord-ovest,F265,ITC,ITC4,ITC43,097050,13.469,45.910864,9.508164,492,36.53
097051,Molteno,03,Lombardia,097,Lecco,LC,1,Nord-ovest,F304,ITC,ITC4,ITC43,097051,3.054,45.779513,9.300273,3528,1155.21
097052,Monte Marenzo,03,Lombardia,097,Lecco,LC,1,Nord-ovest,F561,ITC,ITC4,ITC43,097052,3.097,45.771474,9.453652,1775,573.14
097053,Montevecchia,03,Lombardia,097,Lecco,LC,1,Nord-ovest,F657,ITC,ITC4,ITC43,097053,5.582,45.705196,9.378398,2680,480.11
097054,Monticello Brianza,03,Lombardia,097,Lecco,LC,1,Nord-ovest,F674,ITC,ITC4,ITC43,097054,4.606,45.712922,9.31125,4184,908.38
097055,Morterone,03,Lombardia,097,Lecco,LC,1,Nord-ovest,F758,ITC,ITC4,ITC43,097055,13.83,45.879615,9.483534,30,2.17
097056,Nibionno,03,Lombardia,097,Lecco,LC,1,Nord-ovest,F887,ITC,ITC4,ITC43,097056,3.571,45.750554,9.264588,3588,1004.76
097057,Oggiono,03,Lombardia,097,Lecco,LC,1,Nord-ovest,G009,ITC,ITC4,ITC43,097057,7.708,45.793165,9.346062,9218,1195.9
097058,Olgiate Molgora,03,Lombardia,097,Lecco,LC,1,Nord-ovest,G026,ITC,ITC4,ITC43,097058,7.192,45.727177,9.396368,6414,891.82
097059,Olginate,03,Lombardia,097,Lecco,LC,1,Nord-ovest,G030,ITC,ITC4,ITC43,097059,7.887,45.785981,9.398575,6925,878.03
097060,Oliveto Lario,03,Lombardia,097,Lecco,LC,1,Nord-ovest,G040,ITC,ITC4,ITC43,097060,15.697,45.92976,9.284402,1148,73.13
097061,Osnago,03,Lombardia,097,Lecco,LC,1,Nord-ovest,G161,ITC,ITC4,ITC43,097061,4.351,45.675449,9.392885,4831,1110.32
097062,Paderno d'Adda,03,Lombardia,097,Lecco,LC,1,Nord-ovest,G218,ITC,ITC4,ITC43,097062,3.327,45.673563,9.454304,3891,1169.52
097063,Pagnona,03,Lombardia,097,Lecco,LC,1,Nord-ovest,G241,ITC,ITC4,ITC43,097063,9.286,46.075972,9.406041,309,33.28
097064,Parlasco,03,Lombardia,097,Lecco,LC,1,Nord-ovest,G336,ITC,ITC4,ITC43,097064,3.103,46.014133,9.343215,135,43.51
097065,Pasturo,03,Lombardia,097,Lecco,LC,1,Nord-ovest,G368,ITC,ITC4,ITC43,097065,21.905,45.946652,9.420339,1959,89.43
097067,Perledo,03,Lombardia,097,Lecco,LC,1,Nord-ovest,G456,ITC,ITC4,ITC43,097067,13.61,46.019152,9.298656,830,60.98
097068,Pescate,03,Lombardia,097,Lecco,LC,1,Nord-ovest,G485,ITC,ITC4,ITC43,097068,2.086,45.830817,9.395707,2134,1023.01
097069,Premana,03,Lombardia,097,Lecco,LC,1,Nord-ovest,H028,ITC,ITC4,ITC43,097069,33.207,46.054071,9.457196,2150,64.75
097070,Primaluna,03,Lombardia,097,Lecco,LC,1,Nord-ovest,H063,ITC,ITC4,ITC43,097070,22.985,45.99017,9.427317,2274,98.93
097071,Robbiate,03,Lombardia,097,Lecco,LC,1,Nord-ovest,G223,ITC,ITC4,ITC43,097071,4.634,45.682421,9.4335,6441,1389.94
097072,Rogeno,03,Lombardia,097,Lecco,LC,1,Nord-ovest,H486,ITC,ITC4,ITC43,097072,4.506,45.788092,9.271758,3050,676.88
097074,Santa Maria Hoè,03,Lombardia,097,Lecco,LC,1,Nord-ovest,I243,ITC,ITC4,ITC43,097074,2.494,45.74193,9.381687,2079,833.6
097075,Sirone,03,Lombardia,097,Lecco,LC,1,Nord-ovest,I759,ITC,ITC4,ITC43,097075,3.293,45.776371,9.3259,2333,708.47
097076,Sirtori,03,Lombardia,097,Lecco,LC,1,Nord-ovest,I761,ITC,ITC4,ITC43,097076,4.228,45.733682,9.335276,2790,659.89
097077,Sueglio,03,Lombardia,097,Lecco,LC,1,Nord-ovest,I994,ITC,ITC4,ITC43,097077,4.231,46.0932,9.340456,157,37.11
097078,Suello,03,Lombardia,097,Lecco,LC,1,Nord-ovest,I996,ITC,ITC4,ITC43,097078,2.769,45.821017,9.314209,1704,615.38
097079,Taceno,03,Lombardia,097,Lecco,LC,1,Nord-ovest,L022,ITC,ITC4,ITC43,097079,3.656,46.014277,9.362068,595,162.75
097082,Valgreghentino,03,Lombardia,097,Lecco,LC,1,Nord-ovest,L581,ITC,ITC4,ITC43,097082,6.547,45.773871,9.402534,3357,512.75
097083,Valmadrera,03,Lombardia,097,Lecco,LC,1,Nord-ovest,L634,ITC,ITC4,ITC43,097083,12.729,45.853638,9.348134,11233,882.47
097093,Valvarrone,03,Lombardia,097,Lecco,LC,1,Nord-ovest,M395,ITC,ITC4,ITC43,097093,14.918,46.085272,9.374441,499,33.45
097084,Varenna,03,Lombardia,097,Lecco,LC,1,Nord-ovest,L680,ITC,ITC4,ITC43,097084,12.633,45.987577,9.295355,646,51.14
097086,Vercurago,03,Lombardia,097,Lecco,LC,1,Nord-ovest,L751,ITC,ITC4,ITC43,097086,2.213,45.809314,9.425458,2671,1206.96
097091,Verderio,03,Lombardia,097,Lecco,LC,1,Nord-ovest,M337,ITC,ITC4,ITC43,097091,6.342,45.663363,9.442127,5516,869.76
097090,Viganò,03,Lombardia,097,Lecco,LC,1,Nord-ovest,L866,ITC,ITC4,ITC43,097090,1.631,45.721083,9.328878,2108,1292.46
098001,Abbadia Cerreto,03,Lombardia,098,Lodi,LO,1,Nord-ovest,A004,ITC,ITC4,ITC49,098001,6.401,45.319679,9.598199,280,43.74
098002,Bertonico,03,Lombardia,098,Lodi,LO,1,Nord-ovest,A811,ITC,ITC4,ITC49,098002,20.863,45.245479,9.67489,1081,51.81
098003,Boffalora d'Adda,03,Lombardia,098,Lodi,LO,1,Nord-ovest,A919,ITC,ITC4,ITC49,098003,8.601,45.358694,9.489696,1737,201.95
098004,Borghetto Lodigiano,03,Lombardia,098,Lodi,LO,1,Nord-ovest,A995,ITC,ITC4,ITC49,098004,24.192,45.210893,9.50331,4430,183.12
098005,Borgo San Giovanni,03,Lombardia,098,Lodi,LO,1,Nord-ovest,B017,ITC,ITC4,ITC49,098005,7.719,45.274706,9.421961,2444,316.62
098006,Brembio,03,Lombardia,098,Lodi,LO,1,Nord-ovest,B141,ITC,ITC4,ITC49,098006,17.28,45.210686,9.574526,2807,162.44
098008,Casaletto Lodigiano,03,Lombardia,098,Lodi,LO,1,Nord-ovest,B887,ITC,ITC4,ITC49,098008,9.376,45.298211,9.36713,3019,321.99
098009,Casalmaiocco,03,Lombardia,098,Lodi,LO,1,Nord-ovest,B899,ITC,ITC4,ITC49,098009,4.78,45.357843,9.372742,3218,673.22
098010,Casalpusterlengo,03,Lombardia,098,Lodi,LO,1,Nord-ovest,B910,ITC,ITC4,ITC49,098010,25.592,45.197916,9.621283,16069,627.89
098011,Caselle Landi,03,Lombardia,098,Lodi,LO,1,Nord-ovest,B961,ITC,ITC4,ITC49,098011,25.914,45.091075,9.80662,1431,55.22
098012,Caselle Lurani,03,Lombardia,098,Lodi,LO,1,Nord-ovest,B958,ITC,ITC4,ITC49,098012,7.554,45.273212,9.361149,3071,406.54
098062,Castelgerundo,03,Lombardia,098,Lodi,LO,1,Nord-ovest,M393,ITC,ITC4,ITC49,098062,20.254,45.200674,9.736593,1454,71.79
098013,Castelnuovo Bocca d'Adda,03,Lombardia,098,Lodi,LO,1,Nord-ovest,C228,ITC,ITC4,ITC49,098013,20.69,45.107034,9.863095,1544,74.63
098014,Castiglione d'Adda,03,Lombardia,098,Lodi,LO,1,Nord-ovest,C304,ITC,ITC4,ITC49,098014,13.03,45.224119,9.70425,4524,347.2
098015,Castiraga Vidardo,03,Lombardia,098,Lodi,LO,1,Nord-ovest,C329,ITC,ITC4,ITC49,098015,5.142,45.265645,9.394345,3048,592.77
098017,Cavenago d'Adda,03,Lombardia,098,Lodi,LO,1,Nord-ovest,C394,ITC,ITC4,ITC49,098017,16.115,45.278966,9.598893,2128,132.05
098018,Cervignano d'Adda,03,Lombardia,098,Lodi,LO,1,Nord-ovest,C555,ITC,ITC4,ITC49,098018,4.16,45.373336,9.426945,2247,540.14
098019,Codogno,03,Lombardia,098,Lodi,LO,1,Nord-ovest,C816,ITC,ITC4,ITC49,098019,21.014,45.167261,9.694293,15652,744.84
098020,Comazzo,03,Lombardia,098,Lodi,LO,1,Nord-ovest,C917,ITC,ITC4,ITC49,098020,12.788,45.44719,9.467386,2379,186.03
098021,Cornegliano Laudense,03,Lombardia,098,Lodi,LO,1,Nord-ovest,D021,ITC,ITC4,ITC49,098021,5.96,45.284051,9.481475,2861,480.03
098022,Corno Giovine,03,Lombardia,098,Lodi,LO,1,Nord-ovest,D028,ITC,ITC4,ITC49,098022,9.985,45.129586,9.776465,1144,114.57
098023,Cornovecchio,03,Lombardia,098,Lodi,LO,1,Nord-ovest,D029,ITC,ITC4,ITC49,098023,6.522,45.14487,9.811785,199,30.51
098024,Corte Palasio,03,Lombardia,098,Lodi,LO,1,Nord-ovest,D068,ITC,ITC4,ITC49,098024,15.474,45.308126,9.559513,1522,98.36
098025,Crespiatica,03,Lombardia,098,Lodi,LO,1,Nord-ovest,D159,ITC,ITC4,ITC49,098025,7.185,45.3509,9.578396,2208,307.31
098026,Fombio,03,Lombardia,098,Lodi,LO,1,Nord-ovest,D660,ITC,ITC4,ITC49,098026,7.275,45.129152,9.681255,2266,311.48
098027,Galgagnano,03,Lombardia,098,Lodi,LO,1,Nord-ovest,D868,ITC,ITC4,ITC49,098027,5.995,45.35804,9.451658,1308,218.18
098028,Graffignana,03,Lombardia,098,Lodi,LO,1,Nord-ovest,E127,ITC,ITC4,ITC49,098028,10.683,45.208077,9.444864,2602,243.56
098029,Guardamiglio,03,Lombardia,098,Lodi,LO,1,Nord-ovest,E238,ITC,ITC4,ITC49,098029,10.441,45.111808,9.66756,2730,261.47
098030,Livraga,03,Lombardia,098,Lodi,LO,1,Nord-ovest,E627,ITC,ITC4,ITC49,098030,12.307,45.187635,9.547476,2534,205.9
098031,Lodi,03,Lombardia,098,Lodi,LO,1,Nord-ovest,E648,ITC,ITC4,ITC49,098031,41.124,45.31239,9.495745,45643,1109.89
098032,Lodi Vecchio,03,Lombardia,098,Lodi,LO,1,Nord-ovest,E651,ITC,ITC4,ITC49,098032,16.547,45.301128,9.421394,7717,466.37
098033,Maccastorna,03,Lombardia,098,Lodi,LO,1,Nord-ovest,E777,ITC,ITC4,ITC49,098033,5.438,45.146742,9.855495,67,12.32
098034,Mairago,03,Lombardia,098,Lodi,LO,1,Nord-ovest,E840,ITC,ITC4,ITC49,098034,11.186,45.256648,9.585776,1375,122.92
098035,Maleo,03,Lombardia,098,Lodi,LO,1,Nord-ovest,E852,ITC,ITC4,ITC49,098035,19.707,45.163696,9.75845,3055,155.02
098036,Marudo,03,Lombardia,098,Lodi,LO,1,Nord-ovest,E994,ITC,ITC4,ITC49,098036,4.306,45.256822,9.375459,1757,408.04
098037,Massalengo,03,Lombardia,098,Lodi,LO,1,Nord-ovest,F028,ITC,ITC4,ITC49,098037,8.481,45.260915,9.495196,4456,525.41
098038,Meleti,03,Lombardia,098,Lodi,LO,1,Nord-ovest,F102,ITC,ITC4,ITC49,098038,7.421,45.131075,9.826147,456,61.45
098039,Merlino,03,Lombardia,098,Lodi,LO,1,Nord-ovest,F149,ITC,ITC4,ITC49,098039,10.704,45.433881,9.430361,1655,154.62
098040,Montanaso Lombardo,03,Lombardia,098,Lodi,LO,1,Nord-ovest,F423,ITC,ITC4,ITC49,098040,9.733,45.335686,9.462733,2256,231.79
098041,Mulazzano,03,Lombardia,098,Lodi,LO,1,Nord-ovest,F801,ITC,ITC4,ITC49,098041,15.493,45.367476,9.401538,5829,376.23
098042,Orio Litta,03,Lombardia,098,Lodi,LO,1,Nord-ovest,G107,ITC,ITC4,ITC49,098042,9.887,45.153819,9.557187,2076,209.97
098043,Ospedaletto Lodigiano,03,Lombardia,098,Lodi,LO,1,Nord-ovest,G166,ITC,ITC4,ITC49,098043,8.392,45.169569,9.586438,2008,239.28
098044,Ossago Lodigiano,03,Lombardia,098,Lodi,LO,1,Nord-ovest,G171,ITC,ITC4,ITC49,098044,11.316,45.242485,9.537395,1422,125.66
098045,Pieve Fissiraga,03,Lombardia,098,Lodi,LO,1,Nord-ovest,G096,ITC,ITC4,ITC49,098045,12.098,45.267137,9.456499,1753,144.9
098046,Salerano sul Lambro,03,Lombardia,098,Lodi,LO,1,Nord-ovest,H701,ITC,ITC4,ITC49,098046,4.363,45.293125,9.383425,2690,616.55
098047,San Fiorano,03,Lombardia,098,Lodi,LO,1,Nord-ovest,H844,ITC,ITC4,ITC49,098047,9.071,45.132092,9.711134,1893,208.69
098048,San Martino in Strada,03,Lombardia,098,Lodi,LO,1,Nord-ovest,I012,ITC,ITC4,ITC49,098048,13.412,45.276078,9.5335,3776,281.54
098049,San Rocco al Porto,03,Lombardia,098,Lodi,LO,1,Nord-ovest,I140,ITC,ITC4,ITC49,098049,30.95,45.082372,9.694998,3452,111.53
098050,Sant'Angelo Lodigiano,03,Lombardia,098,Lodi,LO,1,Nord-ovest,I274,ITC,ITC4,ITC49,098050,19.957,45.229817,9.410919,13577,680.31
098051,Santo Stefano Lodigiano,03,Lombardia,098,Lodi,LO,1,Nord-ovest,I362,ITC,ITC4,ITC49,098051,10.368,45.121752,9.735575,1852,178.63
098052,Secugnago,03,Lombardia,098,Lodi,LO,1,Nord-ovest,I561,ITC,ITC4,ITC49,098052,6.852,45.229913,9.590538,2001,292.03
098053,Senna Lodigiana,03,Lombardia,098,Lodi,LO,1,Nord-ovest,I612,ITC,ITC4,ITC49,098053,26.982,45.135815,9.595658,1813,67.19
098054,Somaglia,03,Lombardia,098,Lodi,LO,1,Nord-ovest,I815,ITC,ITC4,ITC49,098054,21.005,45.154984,9.645144,3864,183.96
098055,Sordio,03,Lombardia,098,Lodi,LO,1,Nord-ovest,I848,ITC,ITC4,ITC49,098055,2.714,45.338566,9.374072,3444,1268.98
098056,Tavazzano con Villavesco,03,Lombardia,098,Lodi,LO,1,Nord-ovest,F260,ITC,ITC4,ITC49,098056,15.908,45.333611,9.404435,6098,383.33
098057,Terranova dei Passerini,03,Lombardia,098,Lodi,LO,1,Nord-ovest,L125,ITC,ITC4,ITC49,098057,11.149,45.203997,9.661812,952,85.39
098058,Turano Lodigiano,03,Lombardia,098,Lodi,LO,1,Nord-ovest,L469,ITC,ITC4,ITC49,098058,16.051,45.252011,9.626561,1576,98.19
098059,Valera Fratta,03,Lombardia,098,Lodi,LO,1,Nord-ovest,L572,ITC,ITC4,ITC49,098059,8.086,45.254617,9.33283,1698,209.99
098060,Villanova del Sillaro,03,Lombardia,098,Lodi,LO,1,Nord-ovest,L977,ITC,ITC4,ITC49,098060,13.485,45.24197,9.469516,1899,140.82
098061,Zelo Buon Persico,03,Lombardia,098,Lodi,LO,1,Nord-ovest,M158,ITC,ITC4,ITC49,098061,18.643,45.394181,9.431942,7434,398.76
020001,Acquanegra sul Chiese,03,Lombardia,020,Mantova,MN,1,Nord-ovest,A038,ITC,ITC4,ITC4B,020001,28.161,45.154646,10.451747,2722,96.66
020002,Asola,03,Lombardia,020,Mantova,MN,1,Nord-ovest,A470,ITC,ITC4,ITC4B,020002,73.227,45.221859,10.425915,9870,134.79
020003,Bagnolo San Vito,03,Lombardia,020,Mantova,MN,1,Nord-ovest,A575,ITC,ITC4,ITC4B,020003,49.393,45.078855,10.865296,5855,118.54
020072,Borgo Mantovano,03,Lombardia,020,Mantova,MN,1,Nord-ovest,M396,ITC,ITC4,ITC4B,020072,41.305,45.023262,11.113199,5379,130.23
020071,Borgo Virgilio,03,Lombardia,020,Mantova,MN,1,Nord-ovest,M340,ITC,ITC4,ITC4B,020071,69.608,45.08705,10.785465,15052,216.24
020073,Borgocarbonara,03,Lombardia,020,Mantova,MN,1,Nord-ovest,M406,ITC,ITC4,ITC4B,020073,30.313,45.024256,11.212883,1872,61.76
020007,Bozzolo,03,Lombardia,020,Mantova,MN,1,Nord-ovest,B110,ITC,ITC4,ITC4B,020007,18.806,45.103693,10.488245,4081,217.01
020008,Canneto sull'Oglio,03,Lombardia,020,Mantova,MN,1,Nord-ovest,B612,ITC,ITC4,ITC4B,020008,26.271,45.162853,10.385522,4445,169.2
020010,Casalmoro,03,Lombardia,020,Mantova,MN,1,Nord-ovest,B901,ITC,ITC4,ITC4B,020010,13.891,45.267938,10.413953,2216,159.53
020011,Casaloldo,03,Lombardia,020,Mantova,MN,1,Nord-ovest,B907,ITC,ITC4,ITC4B,020011,16.963,45.251853,10.48738,2624,154.69
020012,Casalromano,03,Lombardia,020,Mantova,MN,1,Nord-ovest,B911,ITC,ITC4,ITC4B,020012,12.086,45.200862,10.344022,1498,123.95
020015,Castel Goffredo,03,Lombardia,020,Mantova,MN,1,Nord-ovest,C118,ITC,ITC4,ITC4B,020015,42.243,45.301089,10.478662,12732,301.4
020014,Castel d'Ario,03,Lombardia,020,Mantova,MN,1,Nord-ovest,C076,ITC,ITC4,ITC4B,020014,22.633,45.172016,10.974537,4663,206.03
020013,Castelbelforte,03,Lombardia,020,Mantova,MN,1,Nord-ovest,C059,ITC,ITC4,ITC4B,020013,22.143,45.218001,10.89523,3381,152.69
020016,Castellucchio,03,Lombardia,020,Mantova,MN,1,Nord-ovest,C195,ITC,ITC4,ITC4B,020016,46.726,45.149356,10.635671,5161,110.45
020017,Castiglione delle Stiviere,03,Lombardia,020,Mantova,MN,1,Nord-ovest,C312,ITC,ITC4,ITC4B,020017,41.961,45.372614,10.499138,23950,570.77
020018,Cavriana,03,Lombardia,020,Mantova,MN,1,Nord-ovest,C406,ITC,ITC4,ITC4B,020018,36.784,45.335388,10.600437,3654,99.34
020019,Ceresara,03,Lombardia,020,Mantova,MN,1,Nord-ovest,C502,ITC,ITC4,ITC4B,020019,37.666,45.250233,10.540578,2465,65.44
020020,Commessaggio,03,Lombardia,020,Mantova,MN,1,Nord-ovest,C930,ITC,ITC4,ITC4B,020020,11.654,45.038261,10.568644,1022,87.7
020021,Curtatone,03,Lombardia,020,Mantova,MN,1,Nord-ovest,D227,ITC,ITC4,ITC4B,020021,67.383,45.111194,10.718659,14691,218.02
020022,Dosolo,03,Lombardia,020,Mantova,MN,1,Nord-ovest,D351,ITC,ITC4,ITC4B,020022,25.667,44.960177,10.634065,3155,122.92
020024,Gazoldo degli Ippoliti,03,Lombardia,020,Mantova,MN,1,Nord-ovest,D949,ITC,ITC4,ITC4B,020024,13.058,45.196394,10.569581,3046,233.27
020025,Gazzuolo,03,Lombardia,020,Mantova,MN,1,Nord-ovest,D959,ITC,ITC4,ITC4B,020025,22.546,45.069689,10.559701,2035,90.26
020026,Goito,03,Lombardia,020,Mantova,MN,1,Nord-ovest,E078,ITC,ITC4,ITC4B,020026,79.029,45.250188,10.664063,10135,128.24
020027,Gonzaga,03,Lombardia,020,Mantova,MN,1,Nord-ovest,E089,ITC,ITC4,ITC4B,020027,50.313,44.953987,10.819754,8574,170.41
020028,Guidizzolo,03,Lombardia,020,Mantova,MN,1,Nord-ovest,E261,ITC,ITC4,ITC4B,020028,22.387,45.308553,10.56905,6045,270.02
020029,Magnacavallo,03,Lombardia,020,Mantova,MN,1,Nord-ovest,E818,ITC,ITC4,ITC4B,020029,28.492,45.000913,11.178182,1399,49.1
020030,Mantova,03,Lombardia,020,Mantova,MN,1,Nord-ovest,E897,ITC,ITC4,ITC4B,020030,64.234,45.145506,10.800756,50215,781.75
020031,Marcaria,03,Lombardia,020,Mantova,MN,1,Nord-ovest,E922,ITC,ITC4,ITC4B,020031,89.43,45.106902,10.613218,6338,70.87
020032,Mariana Mantovana,03,Lombardia,020,Mantova,MN,1,Nord-ovest,E949,ITC,ITC4,ITC4B,020032,8.886,45.183873,10.487447,794,89.35
020033,Marmirolo,03,Lombardia,020,Mantova,MN,1,Nord-ovest,E962,ITC,ITC4,ITC4B,020033,42.176,45.256444,10.746038,7653,181.45
020034,Medole,03,Lombardia,020,Mantova,MN,1,Nord-ovest,F086,ITC,ITC4,ITC4B,020034,25.692,45.324604,10.515162,4243,165.15
020035,Moglia,03,Lombardia,020,Mantova,MN,1,Nord-ovest,F267,ITC,ITC4,ITC4B,020035,31.877,44.952444,10.923179,5394,169.21
020036,Monzambano,03,Lombardia,020,Mantova,MN,1,Nord-ovest,F705,ITC,ITC4,ITC4B,020036,30.19,45.382854,10.658836,4805,159.16
020037,Motteggiana,03,Lombardia,020,Mantova,MN,1,Nord-ovest,B012,ITC,ITC4,ITC4B,020037,25.18,45.032241,10.762943,2408,95.63
020038,Ostiglia,03,Lombardia,020,Mantova,MN,1,Nord-ovest,G186,ITC,ITC4,ITC4B,020038,39.996,45.085354,11.150151,6849,171.24
020039,Pegognaga,03,Lombardia,020,Mantova,MN,1,Nord-ovest,G417,ITC,ITC4,ITC4B,020039,46.432,44.999694,10.861954,6972,150.16
020041,Piubega,03,Lombardia,020,Mantova,MN,1,Nord-ovest,G717,ITC,ITC4,ITC4B,020041,16.734,45.216477,10.527419,1747,104.4
020042,Poggio Rusco,03,Lombardia,020,Mantova,MN,1,Nord-ovest,G753,ITC,ITC4,ITC4B,020042,41.887,44.961697,11.152534,6255,149.33
020043,Pomponesco,03,Lombardia,020,Mantova,MN,1,Nord-ovest,G816,ITC,ITC4,ITC4B,020043,12.552,44.94564,10.589866,1757,139.98
020044,Ponti sul Mincio,03,Lombardia,020,Mantova,MN,1,Nord-ovest,G862,ITC,ITC4,ITC4B,020044,11.813,45.409321,10.68869,2277,192.75
020045,Porto Mantovano,03,Lombardia,020,Mantova,MN,1,Nord-ovest,G917,ITC,ITC4,ITC4B,020045,37.335,45.19157,10.75434,16715,447.7
020046,Quingentole,03,Lombardia,020,Mantova,MN,1,Nord-ovest,H129,ITC,ITC4,ITC4B,020046,14.122,45.033684,11.05123,1016,71.94
020047,Quistello,03,Lombardia,020,Mantova,MN,1,Nord-ovest,H143,ITC,ITC4,ITC4B,020047,45.58,44.997194,10.999487,5281,115.86
020048,Redondesco,03,Lombardia,020,Mantova,MN,1,Nord-ovest,H218,ITC,ITC4,ITC4B,020048,19.062,45.176498,10.5215,1188,62.32
020050,Rivarolo Mantovano,03,Lombardia,020,Mantova,MN,1,Nord-ovest,H342,ITC,ITC4,ITC4B,020050,25.689,45.067352,10.455594,2302,89.61
020051,Rodigo,03,Lombardia,020,Mantova,MN,1,Nord-ovest,H481,ITC,ITC4,ITC4B,020051,41.689,45.192542,10.64268,5174,124.11
020052,Roncoferraro,03,Lombardia,020,Mantova,MN,1,Nord-ovest,H541,ITC,ITC4,ITC4B,020052,63.191,45.12083,10.956857,6935,109.75
020053,Roverbella,03,Lombardia,020,Mantova,MN,1,Nord-ovest,H604,ITC,ITC4,ITC4B,020053,62.839,45.268174,10.795625,8714,138.67
020054,Sabbioneta,03,Lombardia,020,Mantova,MN,1,Nord-ovest,H652,ITC,ITC4,ITC4B,020054,36.981,45.012035,10.532485,4076,110.22
020055,San Benedetto Po,03,Lombardia,020,Mantova,MN,1,Nord-ovest,H771,ITC,ITC4,ITC4B,020055,69.974,45.020728,10.939784,6792,97.06
020056,San Giacomo delle Segnate,03,Lombardia,020,Mantova,MN,1,Nord-ovest,H870,ITC,ITC4,ITC4B,020056,16.127,44.968033,11.021178,1508,93.51
020057,San Giorgio Bigarello,03,Lombardia,020,Mantova,MN,1,Nord-ovest,H883,ITC,ITC4,ITC4B,020057,51.823,45.18501,10.87719,11958,230.75
020058,San Giovanni del Dosso,03,Lombardia,020,Mantova,MN,1,Nord-ovest,H912,ITC,ITC4,ITC4B,020058,15.058,44.973319,11.078305,1244,82.61
020059,San Martino dall'Argine,03,Lombardia,020,Mantova,MN,1,Nord-ovest,I005,ITC,ITC4,ITC4B,020059,16.843,45.095914,10.525732,1604,95.23
020060,Schivenoglia,03,Lombardia,020,Mantova,MN,1,Nord-ovest,I532,ITC,ITC4,ITC4B,020060,13.088,45.000609,11.059275,1135,86.72
020061,Sermide e Felonica,03,Lombardia,020,Mantova,MN,1,Nord-ovest,I632,ITC,ITC4,ITC4B,020061,79.903,44.9834,11.289851,7040,88.11
020062,Serravalle a Po,03,Lombardia,020,Mantova,MN,1,Nord-ovest,I662,ITC,ITC4,ITC4B,020062,26.122,45.073008,11.086058,1474,56.43
020063,Solferino,03,Lombardia,020,Mantova,MN,1,Nord-ovest,I801,ITC,ITC4,ITC4B,020063,13.009,45.365335,10.558316,2639,202.86
020064,Sustinente,03,Lombardia,020,Mantova,MN,1,Nord-ovest,L015,ITC,ITC4,ITC4B,020064,26.184,45.080664,11.016186,1986,75.85
020065,Suzzara,03,Lombardia,020,Mantova,MN,1,Nord-ovest,L020,ITC,ITC4,ITC4B,020065,60.528,45.000287,10.748304,21318,352.2
020066,Viadana,03,Lombardia,020,Mantova,MN,1,Nord-ovest,L826,ITC,ITC4,ITC4B,020066,104.226,44.982426,10.584227,19787,189.85
020068,Villimpenta,03,Lombardia,020,Mantova,MN,1,Nord-ovest,M044,ITC,ITC4,ITC4B,020068,14.864,45.134724,11.013081,2152,144.78
020070,Volta Mantovana,03,Lombardia,020,Mantova,MN,1,Nord-ovest,M125,ITC,ITC4,ITC4B,020070,50.749,45.317555,10.662977,7248,142.82
015002,Abbiategrasso,03,Lombardia,015,Milano,MI,1,Nord-ovest,A010,ITC,ITC4,ITC4C,015002,47.546,45.370446,8.879711,32793,689.71
015005,Albairate,03,Lombardia,015,Milano,MI,1,Nord-ovest,A127,ITC,ITC4,ITC4C,015005,15.369,45.424456,8.941627,4719,307.05
015007,Arconate,03,Lombardia,015,Milano,MI,1,Nord-ovest,A375,ITC,ITC4,ITC4C,015007,8.615,45.54294,8.844353,6871,797.56
015009,Arese,03,Lombardia,015,Milano,MI,1,Nord-ovest,A389,ITC,ITC4,ITC4C,015009,6.579,45.549107,9.078997,19545,2970.82
015010,Arluno,03,Lombardia,015,Milano,MI,1,Nord-ovest,A413,ITC,ITC4,ITC4C,015010,12.513,45.50784,8.945678,12615,1008.15
015011,Assago,03,Lombardia,015,Milano,MI,1,Nord-ovest,A473,ITC,ITC4,ITC4C,015011,8.292,45.398784,9.132867,9348,1127.35
015250,Baranzate,03,Lombardia,015,Milano,MI,1,Nord-ovest,A618,ITC,ITC4,ITC4C,015250,2.972,45.528151,9.110758,12129,4081.09
015012,Bareggio,03,Lombardia,015,Milano,MI,1,Nord-ovest,A652,ITC,ITC4,ITC4C,015012,11.267,45.479342,8.995851,17271,1532.88
015014,Basiano,03,Lombardia,015,Milano,MI,1,Nord-ovest,A697,ITC,ITC4,ITC4C,015014,4.613,45.579054,9.465142,3645,790.16
015015,Basiglio,03,Lombardia,015,Milano,MI,1,Nord-ovest,A699,ITC,ITC4,ITC4C,015015,8.735,45.348671,9.164661,8027,918.95
015016,Bellinzago Lombardo,03,Lombardia,015,Milano,MI,1,Nord-ovest,A751,ITC,ITC4,ITC4C,015016,4.826,45.53295,9.445099,3728,772.48
015019,Bernate Ticino,03,Lombardia,015,Milano,MI,1,Nord-ovest,A804,ITC,ITC4,ITC4C,015019,12.106,45.478305,8.814976,2919,241.12
015022,Besate,03,Lombardia,015,Milano,MI,1,Nord-ovest,A820,ITC,ITC4,ITC4C,015022,12.871,45.303499,8.971091,2050,159.27
015024,Binasco,03,Lombardia,015,Milano,MI,1,Nord-ovest,A872,ITC,ITC4,ITC4C,015024,3.853,45.329894,9.101178,7068,1834.41
015026,Boffalora sopra Ticino,03,Lombardia,015,Milano,MI,1,Nord-ovest,A920,ITC,ITC4,ITC4C,015026,7.779,45.45591,8.823505,4104,527.57
015027,Bollate,03,Lombardia,015,Milano,MI,1,Nord-ovest,A940,ITC,ITC4,ITC4C,015027,12.921,45.548503,9.119895,36754,2844.52
015032,Bresso,03,Lombardia,015,Milano,MI,1,Nord-ovest,B162,ITC,ITC4,ITC4C,015032,3.385,45.536412,9.195001,26672,7879.47
015035,Bubbiano,03,Lombardia,015,Milano,MI,1,Nord-ovest,B235,ITC,ITC4,ITC4C,015035,2.828,45.32987,9.005432,2446,864.92
015036,Buccinasco,03,Lombardia,015,Milano,MI,1,Nord-ovest,B240,ITC,ITC4,ITC4C,015036,11.699,45.407652,9.1016,26345,2251.9
015038,Buscate,03,Lombardia,015,Milano,MI,1,Nord-ovest,B286,ITC,ITC4,ITC4C,015038,7.633,45.544047,8.812472,4696,615.22
015040,Bussero,03,Lombardia,015,Milano,MI,1,Nord-ovest,B292,ITC,ITC4,ITC4C,015040,4.436,45.534916,9.368869,8386,1890.44
015041,Busto Garolfo,03,Lombardia,015,Milano,MI,1,Nord-ovest,B301,ITC,ITC4,ITC4C,015041,12.874,45.543301,8.888658,14131,1097.64
015042,Calvignasco,03,Lombardia,015,Milano,MI,1,Nord-ovest,B448,ITC,ITC4,ITC4C,015042,1.765,45.323562,9.028279,1201,680.45
015044,Cambiago,03,Lombardia,015,Milano,MI,1,Nord-ovest,B461,ITC,ITC4,ITC4C,015044,7.231,45.570366,9.419682,7331,1013.83
015046,Canegrate,03,Lombardia,015,Milano,MI,1,Nord-ovest,B593,ITC,ITC4,ITC4C,015046,5.175,45.563715,8.919915,12889,2490.63
015050,Carpiano,03,Lombardia,015,Milano,MI,1,Nord-ovest,B820,ITC,ITC4,ITC4C,015050,17.471,45.344312,9.274978,4119,235.76
015051,Carugate,03,Lombardia,015,Milano,MI,1,Nord-ovest,B850,ITC,ITC4,ITC4C,015051,5.572,45.550723,9.3431,15763,2828.97
015055,Casarile,03,Lombardia,015,Milano,MI,1,Nord-ovest,B938,ITC,ITC4,ITC4C,015055,7.485,45.314643,9.103396,3929,524.92
015058,Casorezzo,03,Lombardia,015,Milano,MI,1,Nord-ovest,B989,ITC,ITC4,ITC4C,015058,6.536,45.528212,8.907234,5721,875.31
015059,Cassano d'Adda,03,Lombardia,015,Milano,MI,1,Nord-ovest,C003,ITC,ITC4,ITC4C,015059,18.377,45.530664,9.517382,19980,1087.23
015060,Cassina de' Pecchi,03,Lombardia,015,Milano,MI,1,Nord-ovest,C014,ITC,ITC4,ITC4C,015060,6.993,45.514172,9.37855,13955,1995.57
015061,Cassinetta di Lugagnano,03,Lombardia,015,Milano,MI,1,Nord-ovest,C033,ITC,ITC4,ITC4C,015061,3.347,45.425927,8.908421,1967,587.69
015062,Castano Primo,03,Lombardia,015,Milano,MI,1,Nord-ovest,C052,ITC,ITC4,ITC4C,015062,19.246,45.547831,8.764797,10931,567.96
015070,Cernusco sul Naviglio,03,Lombardia,015,Milano,MI,1,Nord-ovest,C523,ITC,ITC4,ITC4C,015070,13.086,45.524149,9.329431,34840,2662.39
015072,Cerro Maggiore,03,Lombardia,015,Milano,MI,1,Nord-ovest,C537,ITC,ITC4,ITC4C,015072,9.945,45.589862,8.957649,15192,1527.6
015071,Cerro al Lambro,03,Lombardia,015,Milano,MI,1,Nord-ovest,C536,ITC,ITC4,ITC4C,015071,10.379,45.33328,9.323546,5211,502.07
015074,Cesano Boscone,03,Lombardia,015,Milano,MI,1,Nord-ovest,C565,ITC,ITC4,ITC4C,015074,4.018,45.441136,9.09109,23285,5795.17
015076,Cesate,03,Lombardia,015,Milano,MI,1,Nord-ovest,C569,ITC,ITC4,ITC4C,015076,5.675,45.597211,9.082961,14364,2531.1
015077,Cinisello Balsamo,03,Lombardia,015,Milano,MI,1,Nord-ovest,C707,ITC,ITC4,ITC4C,015077,12.844,45.55886,9.224597,75154,5851.29
015078,Cisliano,03,Lombardia,015,Milano,MI,1,Nord-ovest,C733,ITC,ITC4,ITC4C,015078,14.831,45.441592,8.985259,5200,350.62
015081,Cologno Monzese,03,Lombardia,015,Milano,MI,1,Nord-ovest,C895,ITC,ITC4,ITC4C,015081,8.59,45.534379,9.286037,47179,5492.32
015082,Colturano,03,Lombardia,015,Milano,MI,1,Nord-ovest,C908,ITC,ITC4,ITC4C,015082,4.303,45.379753,9.341207,2056,477.81
015085,Corbetta,03,Lombardia,015,Milano,MI,1,Nord-ovest,C986,ITC,ITC4,ITC4C,015085,18.537,45.459191,8.931747,19156,1033.39
015086,Cormano,03,Lombardia,015,Milano,MI,1,Nord-ovest,D013,ITC,ITC4,ITC4C,015086,4.489,45.543922,9.162591,21036,4686.12
015087,Cornaredo,03,Lombardia,015,Milano,MI,1,Nord-ovest,D018,ITC,ITC4,ITC4C,015087,11.256,45.488298,9.024849,20746,1843.11
015093,Corsico,03,Lombardia,015,Milano,MI,1,Nord-ovest,D045,ITC,ITC4,ITC4C,015093,5.161,45.435985,9.104131,34811,6745.01
015096,Cuggiono,03,Lombardia,015,Milano,MI,1,Nord-ovest,D198,ITC,ITC4,ITC4C,015096,15.143,45.50713,8.808935,8198,541.37
015097,Cusago,03,Lombardia,015,Milano,MI,1,Nord-ovest,D229,ITC,ITC4,ITC4C,015097,11.691,45.447869,9.023906,4869,416.47
015098,Cusano Milanino,03,Lombardia,015,Milano,MI,1,Nord-ovest,D231,ITC,ITC4,ITC4C,015098,3.134,45.552237,9.183685,18994,6060.63
015099,Dairago,03,Lombardia,015,Milano,MI,1,Nord-ovest,D244,ITC,ITC4,ITC4C,015099,5.776,45.566465,8.853626,6346,1098.68
015101,Dresano,03,Lombardia,015,Milano,MI,1,Nord-ovest,D367,ITC,ITC4,ITC4C,015101,3.25,45.374665,9.36393,3054,939.69
015103,Gaggiano,03,Lombardia,015,Milano,MI,1,Nord-ovest,D845,ITC,ITC4,ITC4C,015103,26.381,45.395835,9.040572,9543,361.74
015105,Garbagnate Milanese,03,Lombardia,015,Milano,MI,1,Nord-ovest,D912,ITC,ITC4,ITC4C,015105,8.906,45.573962,9.075914,27064,3038.85
015106,Gessate,03,Lombardia,015,Milano,MI,1,Nord-ovest,D995,ITC,ITC4,ITC4C,015106,7.832,45.557534,9.429873,9137,1166.62
015108,Gorgonzola,03,Lombardia,015,Milano,MI,1,Nord-ovest,E094,ITC,ITC4,ITC4C,015108,10.264,45.528442,9.405882,21448,2089.63
015110,Grezzago,03,Lombardia,015,Milano,MI,1,Nord-ovest,E170,ITC,ITC4,ITC4C,015110,2.326,45.592325,9.492579,3176,1365.43
015112,Gudo Visconti,03,Lombardia,015,Milano,MI,1,Nord-ovest,E258,ITC,ITC4,ITC4C,015112,5.946,45.381839,9.005353,1608,270.43
015113,Inveruno,03,Lombardia,015,Milano,MI,1,Nord-ovest,E313,ITC,ITC4,ITC4C,015113,11.888,45.516881,8.856549,8568,720.73
015114,Inzago,03,Lombardia,015,Milano,MI,1,Nord-ovest,E317,ITC,ITC4,ITC4C,015114,11.981,45.541449,9.481479,11465,956.93
015115,Lacchiarella,03,Lombardia,015,Milano,MI,1,Nord-ovest,E395,ITC,ITC4,ITC4C,015115,23.777,45.32042,9.160271,9131,384.03
015116,Lainate,03,Lombardia,015,Milano,MI,1,Nord-ovest,E415,ITC,ITC4,ITC4C,015116,12.656,45.563203,9.030248,26457,2090.47
015118,Legnano,03,Lombardia,015,Milano,MI,1,Nord-ovest,E514,ITC,ITC4,ITC4C,015118,17.318,45.596516,8.907911,60980,3521.19
015122,Liscate,03,Lombardia,015,Milano,MI,1,Nord-ovest,E610,ITC,ITC4,ITC4C,015122,9.339,45.472237,9.415281,3931,420.92
015125,Locate di Triulzi,03,Lombardia,015,Milano,MI,1,Nord-ovest,E639,ITC,ITC4,ITC4C,015125,12.193,45.359522,9.225585,10360,849.67
015130,Magenta,03,Lombardia,015,Milano,MI,1,Nord-ovest,E801,ITC,ITC4,ITC4C,015130,22.012,45.451851,8.868912,25066,1138.74
015131,Magnago,03,Lombardia,015,Milano,MI,1,Nord-ovest,E819,ITC,ITC4,ITC4C,015131,11.106,45.580914,8.810646,9547,859.63
015134,Marcallo con Casone,03,Lombardia,015,Milano,MI,1,Nord-ovest,E921,ITC,ITC4,ITC4C,015134,8.18,45.489022,8.875034,6403,782.76
015136,Masate,03,Lombardia,015,Milano,MI,1,Nord-ovest,F003,ITC,ITC4,ITC4C,015136,4.454,45.567,9.462669,3917,879.43
015139,Mediglia,03,Lombardia,015,Milano,MI,1,Nord-ovest,F084,ITC,ITC4,ITC4C,015139,21.616,45.411723,9.329226,12373,572.4
015140,Melegnano,03,Lombardia,015,Milano,MI,1,Nord-ovest,F100,ITC,ITC4,ITC4C,015140,4.559,45.3557,9.320844,18169,3985.3
015142,Melzo,03,Lombardia,015,Milano,MI,1,Nord-ovest,F119,ITC,ITC4,ITC4C,015142,10.159,45.500019,9.424349,18540,1824.98
015144,Mesero,03,Lombardia,015,Milano,MI,1,Nord-ovest,F155,ITC,ITC4,ITC4C,015144,5.703,45.495287,8.851932,4134,724.88
015146,Milano,03,Lombardia,015,Milano,MI,1,Nord-ovest,F205,ITC,ITC4,ITC4C,015146,181.315,45.46113,9.172982,1362863,7516.55
015150,Morimondo,03,Lombardia,015,Milano,MI,1,Nord-ovest,D033,ITC,ITC4,ITC4C,015150,26.114,45.351693,8.949418,1005,38.49
015151,Motta Visconti,03,Lombardia,015,Milano,MI,1,Nord-ovest,F783,ITC,ITC4,ITC4C,015151,10.403,45.281798,8.989513,8253,793.33
015154,Nerviano,03,Lombardia,015,Milano,MI,1,Nord-ovest,F874,ITC,ITC4,ITC4C,015154,13.039,45.550813,8.982861,17071,1309.23
015155,Nosate,03,Lombardia,015,Milano,MI,1,Nord-ovest,F939,ITC,ITC4,ITC4C,015155,4.674,45.555491,8.722175,638,136.5
015157,Novate Milanese,03,Lombardia,015,Milano,MI,1,Nord-ovest,F955,ITC,ITC4,ITC4C,015157,5.412,45.532591,9.140097,20415,3772.17
015158,Noviglio,03,Lombardia,015,Milano,MI,1,Nord-ovest,F968,ITC,ITC4,ITC4C,015158,15.571,45.362694,9.062814,4534,291.18
015159,Opera,03,Lombardia,015,Milano,MI,1,Nord-ovest,G078,ITC,ITC4,ITC4C,015159,7.62,45.378946,9.210876,14463,1898.03
015164,Ossona,03,Lombardia,015,Milano,MI,1,Nord-ovest,G181,ITC,ITC4,ITC4C,015164,6.028,45.503053,8.903048,4440,736.56
015165,Ozzero,03,Lombardia,015,Milano,MI,1,Nord-ovest,G206,ITC,ITC4,ITC4C,015165,11.098,45.362726,8.920202,1349,121.55
015166,Paderno Dugnano,03,Lombardia,015,Milano,MI,1,Nord-ovest,G220,ITC,ITC4,ITC4C,015166,14.125,45.572142,9.167123,47938,3393.84
015167,Pantigliate,03,Lombardia,015,Milano,MI,1,Nord-ovest,G316,ITC,ITC4,ITC4C,015167,5.879,45.442069,9.357936,5886,1001.19
015168,Parabiago,03,Lombardia,015,Milano,MI,1,Nord-ovest,G324,ITC,ITC4,ITC4C,015168,14.726,45.550688,8.938686,28398,1928.43
015169,Paullo,03,Lombardia,015,Milano,MI,1,Nord-ovest,G385,ITC,ITC4,ITC4C,015169,9.133,45.412859,9.40271,11136,1219.31
015170,Pero,03,Lombardia,015,Milano,MI,1,Nord-ovest,C013,ITC,ITC4,ITC4C,015170,5.045,45.510333,9.079347,11866,2352.03
015171,Peschiera Borromeo,03,Lombardia,015,Milano,MI,1,Nord-ovest,G488,ITC,ITC4,ITC4C,015171,23.023,45.441801,9.304876,24363,1058.2
015172,Pessano con Bornago,03,Lombardia,015,Milano,MI,1,Nord-ovest,G502,ITC,ITC4,ITC4C,015172,6.741,45.5506,9.388446,9034,1340.16
015173,Pieve Emanuele,03,Lombardia,015,Milano,MI,1,Nord-ovest,G634,ITC,ITC4,ITC4C,015173,13.373,45.352344,9.195679,15846,1184.92
015175,Pioltello,03,Lombardia,015,Milano,MI,1,Nord-ovest,G686,ITC,ITC4,ITC4C,015175,12.875,45.491543,9.326928,37709,2928.85
015176,Pogliano Milanese,03,Lombardia,015,Milano,MI,1,Nord-ovest,G772,ITC,ITC4,ITC4C,015176,4.689,45.538042,8.994027,8483,1809.13
015177,Pozzo d'Adda,03,Lombardia,015,Milano,MI,1,Nord-ovest,G955,ITC,ITC4,ITC4C,015177,4.562,45.575984,9.500255,6871,1506.14
015178,Pozzuolo Martesana,03,Lombardia,015,Milano,MI,1,Nord-ovest,G965,ITC,ITC4,ITC4C,015178,11.887,45.513659,9.464542,8828,742.66
015179,Pregnana Milanese,03,Lombardia,015,Milano,MI,1,Nord-ovest,H026,ITC,ITC4,ITC4C,015179,5.056,45.517377,9.009387,7331,1449.96
015181,Rescaldina,03,Lombardia,015,Milano,MI,1,Nord-ovest,H240,ITC,ITC4,ITC4C,015181,8.081,45.623923,8.953607,14406,1782.7
015182,Rho,03,Lombardia,015,Milano,MI,1,Nord-ovest,H264,ITC,ITC4,ITC4C,015182,22.443,45.531856,9.047029,51000,2272.42
015183,Robecchetto con Induno,03,Lombardia,015,Milano,MI,1,Nord-ovest,H371,ITC,ITC4,ITC4C,015183,13.754,45.518158,8.768046,4797,348.77
015184,Robecco sul Naviglio,03,Lombardia,015,Milano,MI,1,Nord-ovest,H373,ITC,ITC4,ITC4C,015184,19.45,45.425663,8.865787,6794,349.31
015185,Rodano,03,Lombardia,015,Milano,MI,1,Nord-ovest,H470,ITC,ITC4,ITC4C,015185,12.753,45.476136,9.351979,4709,369.25
015188,Rosate,03,Lombardia,015,Milano,MI,1,Nord-ovest,H560,ITC,ITC4,ITC4C,015188,18.685,45.352675,9.012609,5641,301.9
015189,Rozzano,03,Lombardia,015,Milano,MI,1,Nord-ovest,H623,ITC,ITC4,ITC4C,015189,12.072,45.381232,9.163148,41724,3456.26
015191,San Colombano al Lambro,03,Lombardia,015,Milano,MI,1,Nord-ovest,H803,ITC,ITC4,ITC4C,015191,16.263,45.181432,9.487778,7591,466.77
015192,San Donato Milanese,03,Lombardia,015,Milano,MI,1,Nord-ovest,H827,ITC,ITC4,ITC4C,015192,12.901,45.414049,9.27168,32210,2496.71
015194,San Giorgio su Legnano,03,Lombardia,015,Milano,MI,1,Nord-ovest,H884,ITC,ITC4,ITC4C,015194,2.239,45.569152,8.906959,6868,3067.44
015195,San Giuliano Milanese,03,Lombardia,015,Milano,MI,1,Nord-ovest,H930,ITC,ITC4,ITC4C,015195,31.051,45.379363,9.281431,40227,1295.51
015201,San Vittore Olona,03,Lombardia,015,Milano,MI,1,Nord-ovest,I409,ITC,ITC4,ITC4C,015201,3.592,45.582936,8.943832,8450,2352.45
015202,San Zenone al Lambro,03,Lombardia,015,Milano,MI,1,Nord-ovest,I415,ITC,ITC4,ITC4C,015202,7.432,45.322294,9.365556,4508,606.57
015200,Santo Stefano Ticino,03,Lombardia,015,Milano,MI,1,Nord-ovest,I361,ITC,ITC4,ITC4C,015200,5.022,45.490106,8.909806,4983,992.23
015204,Sedriano,03,Lombardia,015,Milano,MI,1,Nord-ovest,I566,ITC,ITC4,ITC4C,015204,7.794,45.483921,8.974275,13088,1679.24
015205,Segrate,03,Lombardia,015,Milano,MI,1,Nord-ovest,I577,ITC,ITC4,ITC4C,015205,17.863,45.481774,9.284811,37194,2082.18
015206,Senago,03,Lombardia,015,Milano,MI,1,Nord-ovest,I602,ITC,ITC4,ITC4C,015206,8.761,45.574961,9.119078,21754,2483.05
015209,Sesto San Giovanni,03,Lombardia,015,Milano,MI,1,Nord-ovest,I690,ITC,ITC4,ITC4C,015209,11.956,45.53734,9.241302,78850,6595.02
015210,Settala,03,Lombardia,015,Milano,MI,1,Nord-ovest,I696,ITC,ITC4,ITC4C,015210,17.573,45.454621,9.392898,7447,423.78
015211,Settimo Milanese,03,Lombardia,015,Milano,MI,1,Nord-ovest,I700,ITC,ITC4,ITC4C,015211,10.679,45.484344,9.05245,20002,1873.02
015213,Solaro,03,Lombardia,015,Milano,MI,1,Nord-ovest,I786,ITC,ITC4,ITC4C,015213,6.922,45.614604,9.079991,14260,2060.1
015219,Trezzano Rosa,03,Lombardia,015,Milano,MI,1,Nord-ovest,L408,ITC,ITC4,ITC4C,015219,3.392,45.58597,9.481846,5444,1604.95
015220,Trezzano sul Naviglio,03,Lombardia,015,Milano,MI,1,Nord-ovest,L409,ITC,ITC4,ITC4C,015220,10.867,45.422212,9.057751,21875,2012.98
015221,Trezzo sull'Adda,03,Lombardia,015,Milano,MI,1,Nord-ovest,L411,ITC,ITC4,ITC4C,015221,13.18,45.612794,9.503913,12442,944.01
015222,Tribiano,03,Lombardia,015,Milano,MI,1,Nord-ovest,L415,ITC,ITC4,ITC4C,015222,7.099,45.403685,9.372486,3931,553.74
015224,Truccazzano,03,Lombardia,015,Milano,MI,1,Nord-ovest,L454,ITC,ITC4,ITC4C,015224,22.011,45.480758,9.462571,5810,263.96
015226,Turbigo,03,Lombardia,015,Milano,MI,1,Nord-ovest,L471,ITC,ITC4,ITC4C,015226,8.582,45.524369,8.733078,7276,847.82
015249,Vanzaghello,03,Lombardia,015,Milano,MI,1,Nord-ovest,L664,ITC,ITC4,ITC4C,015249,5.521,45.584784,8.783238,5394,977.0
015229,Vanzago,03,Lombardia,015,Milano,MI,1,Nord-ovest,L665,ITC,ITC4,ITC4C,015229,6.072,45.519504,8.982079,9372,1543.48
015230,Vaprio d'Adda,03,Lombardia,015,Milano,MI,1,Nord-ovest,L667,ITC,ITC4,ITC4C,015230,7.087,45.575717,9.523533,9723,1371.95
015251,Vermezzo con Zelo,03,Lombardia,015,Milano,MI,1,Nord-ovest,M424,ITC,ITC4,ITC4C,015251,10.826,45.391155,8.981161,5987,553.02
015236,Vernate,03,Lombardia,015,Milano,MI,1,Nord-ovest,L773,ITC,ITC4,ITC4C,015236,14.382,45.320261,9.058452,3436,238.91
015237,Vignate,03,Lombardia,015,Milano,MI,1,Nord-ovest,L883,ITC,ITC4,ITC4C,015237,8.835,45.494944,9.385991,9369,1060.44
015248,Villa Cortese,03,Lombardia,015,Milano,MI,1,Nord-ovest,L928,ITC,ITC4,ITC4C,015248,3.595,45.567938,8.88474,6333,1761.61
015242,Vimodrone,03,Lombardia,015,Milano,MI,1,Nord-ovest,M053,ITC,ITC4,ITC4C,015242,4.707,45.515535,9.287332,16933,3597.41
015243,Vittuone,03,Lombardia,015,Milano,MI,1,Nord-ovest,M091,ITC,ITC4,ITC4C,015243,6.187,45.476879,8.955373,9312,1505.09
015244,Vizzolo Predabissi,03,Lombardia,015,Milano,MI,1,Nord-ovest,M102,ITC,ITC4,ITC4C,015244,5.665,45.359068,9.347988,3852,679.96
015247,Zibido San Giacomo,03,Lombardia,015,Milano,MI,1,Nord-ovest,M176,ITC,ITC4,ITC4C,015247,24.72,45.373403,9.110511,6643,268.73
108001,Agrate Brianza,03,Lombardia,108,Monza e della Brianza,MB,1,Nord-ovest,A087,ITC,ITC4,ITC4D,108001,11.016,45.574298,9.350746,15891,1442.54
108002,Aicurzio,03,Lombardia,108,Monza e della Brianza,MB,1,Nord-ovest,A096,ITC,ITC4,ITC4D,108002,2.521,45.644656,9.418986,2072,821.9
108003,Albiate,03,Lombardia,108,Monza e della Brianza,MB,1,Nord-ovest,A159,ITC,ITC4,ITC4D,108003,2.847,45.655051,9.252886,6720,2360.38
108004,Arcore,03,Lombardia,108,Monza e della Brianza,MB,1,Nord-ovest,A376,ITC,ITC4,ITC4D,108004,9.394,45.627289,9.320695,17938,1909.52
108005,Barlassina,03,Lombardia,108,Monza e della Brianza,MB,1,Nord-ovest,A668,ITC,ITC4,ITC4D,108005,2.872,45.654269,9.128183,6985,2432.1
108006,Bellusco,03,Lombardia,108,Monza e della Brianza,MB,1,Nord-ovest,A759,ITC,ITC4,ITC4D,108006,6.491,45.614519,9.422922,7487,1153.44
108007,Bernareggio,03,Lombardia,108,Monza e della Brianza,MB,1,Nord-ovest,A802,ITC,ITC4,ITC4D,108007,6.026,45.648502,9.40321,11706,1942.58
108008,Besana in Brianza,03,Lombardia,108,Monza e della Brianza,MB,1,Nord-ovest,A818,ITC,ITC4,ITC4D,108008,15.963,45.69482,9.270265,15503,971.18
108009,Biassono,03,Lombardia,108,Monza e della Brianza,MB,1,Nord-ovest,A849,ITC,ITC4,ITC4D,108009,4.987,45.627547,9.266574,12430,2492.48
108010,Bovisio-Masciago,03,Lombardia,108,Monza e della Brianza,MB,1,Nord-ovest,B105,ITC,ITC4,ITC4D,108010,4.783,45.614462,9.155861,16953,3544.43
108011,Briosco,03,Lombardia,108,Monza e della Brianza,MB,1,Nord-ovest,B187,ITC,ITC4,ITC4D,108011,6.755,45.715093,9.244356,6131,907.62
108012,Brugherio,03,Lombardia,108,Monza e della Brianza,MB,1,Nord-ovest,B212,ITC,ITC4,ITC4D,108012,10.511,45.552677,9.296252,35471,3374.66
108013,Burago di Molgora,03,Lombardia,108,Monza e della Brianza,MB,1,Nord-ovest,B272,ITC,ITC4,ITC4D,108013,3.412,45.59728,9.385514,4370,1280.77
108051,Busnago,03,Lombardia,108,Monza e della Brianza,MB,1,Nord-ovest,B289,ITC,ITC4,ITC4D,108051,5.723,45.610293,9.463435,6882,1202.52
108014,Camparada,03,Lombardia,108,Monza e della Brianza,MB,1,Nord-ovest,B501,ITC,ITC4,ITC4D,108014,1.774,45.656855,9.323785,2261,1274.52
108052,Caponago,03,Lombardia,108,Monza e della Brianza,MB,1,Nord-ovest,B671,ITC,ITC4,ITC4D,108052,4.947,45.564378,9.377516,5050,1020.82
108015,Carate Brianza,03,Lombardia,108,Monza e della Brianza,MB,1,Nord-ovest,B729,ITC,ITC4,ITC4D,108015,10.02,45.675319,9.240095,18054,1801.8
108016,Carnate,03,Lombardia,108,Monza e della Brianza,MB,1,Nord-ovest,B798,ITC,ITC4,ITC4D,108016,3.415,45.647408,9.378692,7992,2340.26
108017,Cavenago di Brianza,03,Lombardia,108,Monza e della Brianza,MB,1,Nord-ovest,C395,ITC,ITC4,ITC4D,108017,4.289,45.581761,9.41351,7590,1769.64
108018,Ceriano Laghetto,03,Lombardia,108,Monza e della Brianza,MB,1,Nord-ovest,C512,ITC,ITC4,ITC4D,108018,7.141,45.631257,9.080113,6675,934.74
108019,Cesano Maderno,03,Lombardia,108,Monza e della Brianza,MB,1,Nord-ovest,C566,ITC,ITC4,ITC4D,108019,11.345,45.629272,9.142888,40177,3541.38
108020,Cogliate,03,Lombardia,108,Monza e della Brianza,MB,1,Nord-ovest,C820,ITC,ITC4,ITC4D,108020,7.044,45.646373,9.081187,8469,1202.3
108021,Concorezzo,03,Lombardia,108,Monza e della Brianza,MB,1,Nord-ovest,C952,ITC,ITC4,ITC4D,108021,8.918,45.591106,9.33624,16153,1811.28
108053,Cornate d'Adda,03,Lombardia,108,Monza e della Brianza,MB,1,Nord-ovest,D019,ITC,ITC4,ITC4D,108053,13.835,45.642779,9.474334,11134,804.77
108022,Correzzana,03,Lombardia,108,Monza e della Brianza,MB,1,Nord-ovest,D038,ITC,ITC4,ITC4D,108022,2.278,45.668718,9.304245,3289,1443.81
108023,Desio,03,Lombardia,108,Monza e della Brianza,MB,1,Nord-ovest,D286,ITC,ITC4,ITC4D,108023,14.73,45.617404,9.203603,41872,2842.63
108024,Giussano,03,Lombardia,108,Monza e della Brianza,MB,1,Nord-ovest,E063,ITC,ITC4,ITC4D,108024,10.303,45.689966,9.207833,26509,2572.94
108025,Lazzate,03,Lombardia,108,Monza e della Brianza,MB,1,Nord-ovest,E504,ITC,ITC4,ITC4D,108025,5.173,45.670424,9.080511,7722,1492.75
108054,Lentate sul Seveso,03,Lombardia,108,Monza e della Brianza,MB,1,Nord-ovest,E530,ITC,ITC4,ITC4D,108054,14.014,45.676633,9.118192,16049,1145.21
108026,Lesmo,03,Lombardia,108,Monza e della Brianza,MB,1,Nord-ovest,E550,ITC,ITC4,ITC4D,108026,5.201,45.645467,9.302947,8376,1610.46
108027,Limbiate,03,Lombardia,108,Monza e della Brianza,MB,1,Nord-ovest,E591,ITC,ITC4,ITC4D,108027,12.294,45.604281,9.117455,35865,2917.28
108028,Lissone,03,Lombardia,108,Monza e della Brianza,MB,1,Nord-ovest,E617,ITC,ITC4,ITC4D,108028,9.578,45.619644,9.245699,46792,4885.36
108029,Macherio,03,Lombardia,108,Monza e della Brianza,MB,1,Nord-ovest,E786,ITC,ITC4,ITC4D,108029,3.004,45.638281,9.265367,7582,2523.97
108030,Meda,03,Lombardia,108,Monza e della Brianza,MB,1,Nord-ovest,F078,ITC,ITC4,ITC4D,108030,8.249,45.666421,9.157441,23735,2877.32
108031,Mezzago,03,Lombardia,108,Monza e della Brianza,MB,1,Nord-ovest,F165,ITC,ITC4,ITC4D,108031,4.342,45.631553,9.445056,4479,1031.55
108032,Misinto,03,Lombardia,108,Monza e della Brianza,MB,1,Nord-ovest,F247,ITC,ITC4,ITC4D,108032,4.983,45.658657,9.081028,5749,1153.72
108033,Monza,03,Lombardia,108,Monza e della Brianza,MB,1,Nord-ovest,F704,ITC,ITC4,ITC4D,108033,32.791,45.592655,9.278995,123672,3771.52
108034,Muggiò,03,Lombardia,108,Monza e della Brianza,MB,1,Nord-ovest,F797,ITC,ITC4,ITC4D,108034,5.491,45.587661,9.226849,23585,4295.21
108035,Nova Milanese,03,Lombardia,108,Monza e della Brianza,MB,1,Nord-ovest,F944,ITC,ITC4,ITC4D,108035,5.892,45.589228,9.194001,23068,3915.14
108036,Ornago,03,Lombardia,108,Monza e della Brianza,MB,1,Nord-ovest,G116,ITC,ITC4,ITC4D,108036,6.319,45.6004,9.421122,5487,868.33
108037,Renate,03,Lombardia,108,Monza e della Brianza,MB,1,Nord-ovest,H233,ITC,ITC4,ITC4D,108037,3.066,45.721733,9.278501,3983,1299.09
108055,Roncello,03,Lombardia,108,Monza e della Brianza,MB,1,Nord-ovest,H529,ITC,ITC4,ITC4D,108055,3.034,45.601438,9.459543,4772,1572.84
108038,Ronco Briantino,03,Lombardia,108,Monza e della Brianza,MB,1,Nord-ovest,H537,ITC,ITC4,ITC4D,108038,3.113,45.666543,9.404787,3777,1213.3
108039,Seregno,03,Lombardia,108,Monza e della Brianza,MB,1,Nord-ovest,I625,ITC,ITC4,ITC4D,108039,13.332,45.651009,9.206926,45240,3393.34
108040,Seveso,03,Lombardia,108,Monza e della Brianza,MB,1,Nord-ovest,I709,ITC,ITC4,ITC4D,108040,7.312,45.646473,9.146177,23982,3279.81
108041,Sovico,03,Lombardia,108,Monza e della Brianza,MB,1,Nord-ovest,I878,ITC,ITC4,ITC4D,108041,3.174,45.646159,9.261674,8313,2619.09
108042,Sulbiate,03,Lombardia,108,Monza e della Brianza,MB,1,Nord-ovest,I998,ITC,ITC4,ITC4D,108042,5.407,45.640892,9.434039,4532,838.17
108043,Triuggio,03,Lombardia,108,Monza e della Brianza,MB,1,Nord-ovest,L434,ITC,ITC4,ITC4D,108043,8.133,45.662579,9.278554,8776,1079.06
108044,Usmate Velate,03,Lombardia,108,Monza e della Brianza,MB,1,Nord-ovest,L511,ITC,ITC4,ITC4D,108044,9.638,45.650982,9.353496,10740,1114.34
108045,Varedo,03,Lombardia,108,Monza e della Brianza,MB,1,Nord-ovest,L677,ITC,ITC4,ITC4D,108045,4.809,45.595262,9.163772,14039,2919.32
108046,Vedano al Lambro,03,Lombardia,108,Monza e della Brianza,MB,1,Nord-ovest,L704,ITC,ITC4,ITC4D,108046,2.055,45.612787,9.270757,7363,3582.97
108047,Veduggio con Colzano,03,Lombardia,108,Monza e della Brianza,MB,1,Nord-ovest,L709,ITC,ITC4,ITC4D,108047,3.333,45.734217,9.262077,4182,1254.73
108048,Verano Brianza,03,Lombardia,108,Monza e della Brianza,MB,1,Nord-ovest,L744,ITC,ITC4,ITC4D,108048,3.558,45.684891,9.224926,9126,2564.92
108049,Villasanta,03,Lombardia,108,Monza e della Brianza,MB,1,Nord-ovest,M017,ITC,ITC4,ITC4D,108049,4.572,45.607786,9.312063,14305,3128.83
108050,Vimercate,03,Lombardia,108,Monza e della Brianza,MB,1,Nord-ovest,M052,ITC,ITC4,ITC4D,108050,20.308,45.611589,9.366221,26341,1297.08
018001,Alagna,03,Lombardia,018,Pavia,PV,1,Nord-ovest,A118,ITC,ITC4,ITC48,018001,8.534,45.165141,8.894059,810,94.91
018003,Albonese,03,Lombardia,018,Pavia,PV,1,Nord-ovest,A171,ITC,ITC4,ITC48,018003,4.308,45.291569,8.706837,561,130.22
018004,Albuzzano,03,Lombardia,018,Pavia,PV,1,Nord-ovest,A175,ITC,ITC4,ITC48,018004,15.452,45.188494,9.270626,3667,237.32
018005,Arena Po,03,Lombardia,018,Pavia,PV,1,Nord-ovest,A387,ITC,ITC4,ITC48,018005,22.375,45.083941,9.386357,1530,68.38
018006,Badia Pavese,03,Lombardia,018,Pavia,PV,1,Nord-ovest,A538,ITC,ITC4,ITC48,018006,4.961,45.12307,9.453475,408,82.24
018007,Bagnaria,03,Lombardia,018,Pavia,PV,1,Nord-ovest,A550,ITC,ITC4,ITC48,018007,17.129,44.827594,9.13955,622,36.31
018008,Barbianello,03,Lombardia,018,Pavia,PV,1,Nord-ovest,A634,ITC,ITC4,ITC48,018008,11.738,45.078918,9.211447,888,75.65
018009,Bascapè,03,Lombardia,018,Pavia,PV,1,Nord-ovest,A690,ITC,ITC4,ITC48,018009,13.484,45.299753,9.32619,1825,135.35
018011,Bastida Pancarana,03,Lombardia,018,Pavia,PV,1,Nord-ovest,A712,ITC,ITC4,ITC48,018011,12.735,45.097207,9.100446,921,72.32
018012,Battuda,03,Lombardia,018,Pavia,PV,1,Nord-ovest,A718,ITC,ITC4,ITC48,018012,7.214,45.272931,9.06409,635,88.02
018013,Belgioioso,03,Lombardia,018,Pavia,PV,1,Nord-ovest,A741,ITC,ITC4,ITC48,018013,24.694,45.145701,9.301838,6439,260.75
018014,Bereguardo,03,Lombardia,018,Pavia,PV,1,Nord-ovest,A792,ITC,ITC4,ITC48,018014,17.543,45.249267,9.014222,2856,162.8
018015,Borgarello,03,Lombardia,018,Pavia,PV,1,Nord-ovest,A989,ITC,ITC4,ITC48,018015,5.048,45.238771,9.147447,2829,560.42
018016,Borgo Priolo,03,Lombardia,018,Pavia,PV,1,Nord-ovest,B028,ITC,ITC4,ITC48,018016,28.886,44.9557,9.152985,1213,41.99
018018,Borgo San Siro,03,Lombardia,018,Pavia,PV,1,Nord-ovest,B038,ITC,ITC4,ITC48,018018,17.849,45.242019,8.921862,961,53.84
018017,Borgoratto Mormorolo,03,Lombardia,018,Pavia,PV,1,Nord-ovest,B030,ITC,ITC4,ITC48,018017,16.319,44.9443,9.202354,387,23.71
018019,Bornasco,03,Lombardia,018,Pavia,PV,1,Nord-ovest,B051,ITC,ITC4,ITC48,018019,13.046,45.268026,9.22104,2656,203.59
018020,Bosnasco,03,Lombardia,018,Pavia,PV,1,Nord-ovest,B082,ITC,ITC4,ITC48,018020,4.83,45.055869,9.366985,624,129.19
018021,Brallo di Pregola,03,Lombardia,018,Pavia,PV,1,Nord-ovest,B117,ITC,ITC4,ITC48,018021,46.274,44.722054,9.278989,473,10.22
018022,Breme,03,Lombardia,018,Pavia,PV,1,Nord-ovest,B142,ITC,ITC4,ITC48,018022,18.984,45.129491,8.626869,725,38.19
018023,Bressana Bottarone,03,Lombardia,018,Pavia,PV,1,Nord-ovest,B159,ITC,ITC4,ITC48,018023,12.645,45.085152,9.123863,3482,275.37
018024,Broni,03,Lombardia,018,Pavia,PV,1,Nord-ovest,B201,ITC,ITC4,ITC48,018024,20.532,45.0741,9.251972,10164,495.03
018025,Calvignano,03,Lombardia,018,Pavia,PV,1,Nord-ovest,B447,ITC,ITC4,ITC48,018025,6.869,44.984,9.165429,112,16.31
018026,Campospinoso Albaredo,03,Lombardia,018,Pavia,PV,1,Nord-ovest,B567,ITC,ITC4,ITC48,018026,12.474,45.110338,9.248685,1333,106.86
018027,Candia Lomellina,03,Lombardia,018,Pavia,PV,1,Nord-ovest,B587,ITC,ITC4,ITC48,018027,27.809,45.177283,8.583427,1562,56.17
018029,Canneto Pavese,03,Lombardia,018,Pavia,PV,1,Nord-ovest,B613,ITC,ITC4,ITC48,018029,5.733,45.04777,9.284838,1285,224.14
018030,Carbonara al Ticino,03,Lombardia,018,Pavia,PV,1,Nord-ovest,B741,ITC,ITC4,ITC48,018030,14.559,45.175817,9.078349,1418,97.4
018031,Casanova Lonati,03,Lombardia,018,Pavia,PV,1,Nord-ovest,B929,ITC,ITC4,ITC48,018031,4.918,45.094967,9.21445,452,91.91
018032,Casatisma,03,Lombardia,018,Pavia,PV,1,Nord-ovest,B945,ITC,ITC4,ITC48,018032,5.58,45.054656,9.123996,855,153.23
018033,Casei Gerola,03,Lombardia,018,Pavia,PV,1,Nord-ovest,B954,ITC,ITC4,ITC48,018033,24.928,45.015161,8.934802,2307,92.55
018034,Casorate Primo,03,Lombardia,018,Pavia,PV,1,Nord-ovest,B988,ITC,ITC4,ITC48,018034,9.886,45.303136,9.012215,9190,929.6
018035,Cassolnovo,03,Lombardia,018,Pavia,PV,1,Nord-ovest,C038,ITC,ITC4,ITC48,018035,31.61,45.369529,8.786653,6747,213.45
018036,Castana,03,Lombardia,018,Pavia,PV,1,Nord-ovest,C050,ITC,ITC4,ITC48,018036,5.339,45.027148,9.27436,707,132.42
018037,Casteggio,03,Lombardia,018,Pavia,PV,1,Nord-ovest,C053,ITC,ITC4,ITC48,018037,17.465,45.00828,9.130293,6363,364.33
018038,Castelletto di Branduzzo,03,Lombardia,018,Pavia,PV,1,Nord-ovest,C157,ITC,ITC4,ITC48,018038,11.642,45.071695,9.089648,1056,90.71
018039,Castello d'Agogna,03,Lombardia,018,Pavia,PV,1,Nord-ovest,C184,ITC,ITC4,ITC48,018039,10.751,45.236034,8.690857,1079,100.36
018040,Castelnovetto,03,Lombardia,018,Pavia,PV,1,Nord-ovest,C213,ITC,ITC4,ITC48,018040,17.801,45.255543,8.616477,546,30.67
018041,Cava Manara,03,Lombardia,018,Pavia,PV,1,Nord-ovest,C360,ITC,ITC4,ITC48,018041,17.11,45.126311,9.130378,6684,390.65
018042,Cecima,03,Lombardia,018,Pavia,PV,1,Nord-ovest,C414,ITC,ITC4,ITC48,018042,10.001,44.841132,9.067896,254,25.4
018043,Ceranova,03,Lombardia,018,Pavia,PV,1,Nord-ovest,C484,ITC,ITC4,ITC48,018043,4.711,45.25771,9.24643,2363,501.59
018044,Ceretto Lomellina,03,Lombardia,018,Pavia,PV,1,Nord-ovest,C508,ITC,ITC4,ITC48,018044,7.385,45.246761,8.670013,188,25.46
018045,Cergnago,03,Lombardia,018,Pavia,PV,1,Nord-ovest,C509,ITC,ITC4,ITC48,018045,13.79,45.195893,8.763129,648,46.99
018046,Certosa di Pavia,03,Lombardia,018,Pavia,PV,1,Nord-ovest,C541,ITC,ITC4,ITC48,018046,10.368,45.252995,9.127076,5623,542.34
018047,Cervesina,03,Lombardia,018,Pavia,PV,1,Nord-ovest,C551,ITC,ITC4,ITC48,018047,12.173,45.061722,9.012302,1103,90.61
018048,Chignolo Po,03,Lombardia,018,Pavia,PV,1,Nord-ovest,C637,ITC,ITC4,ITC48,018048,23.414,45.14462,9.50352,4048,172.89
018049,Cigognola,03,Lombardia,018,Pavia,PV,1,Nord-ovest,C684,ITC,ITC4,ITC48,018049,8.027,45.038572,9.249048,1308,162.95
018050,Cilavegna,03,Lombardia,018,Pavia,PV,1,Nord-ovest,C686,ITC,ITC4,ITC48,018050,17.859,45.312724,8.739014,5438,304.5
018051,Codevilla,03,Lombardia,018,Pavia,PV,1,Nord-ovest,C813,ITC,ITC4,ITC48,018051,12.788,44.967276,9.05684,915,71.55
018193,Colli Verdi,03,Lombardia,018,Pavia,PV,1,Nord-ovest,M419,ITC,ITC4,ITC48,018193,40.987,44.899722,9.230158,968,23.62
018052,Confienza,03,Lombardia,018,Pavia,PV,1,Nord-ovest,C958,ITC,ITC4,ITC48,018052,26.679,45.334433,8.577216,1546,57.95
018053,Copiano,03,Lombardia,018,Pavia,PV,1,Nord-ovest,C979,ITC,ITC4,ITC48,018053,4.373,45.194175,9.334092,1784,407.96
018054,Corana,03,Lombardia,018,Pavia,PV,1,Nord-ovest,C982,ITC,ITC4,ITC48,018054,13.184,45.067569,8.965912,745,56.51
018191,Cornale e Bastida,03,Lombardia,018,Pavia,PV,1,Nord-ovest,M338,ITC,ITC4,ITC48,018191,3.738,45.045623,8.91026,785,210.01
018192,Corteolona e Genzone,03,Lombardia,018,Pavia,PV,1,Nord-ovest,M372,ITC,ITC4,ITC48,018192,14.353,45.167904,9.364806,2572,179.2
018057,Corvino San Quirico,03,Lombardia,018,Pavia,PV,1,Nord-ovest,D081,ITC,ITC4,ITC48,018057,4.288,45.018014,9.156896,960,223.88
018058,Costa de' Nobili,03,Lombardia,018,Pavia,PV,1,Nord-ovest,D109,ITC,ITC4,ITC48,018058,11.513,45.13709,9.383597,358,31.1
018059,Cozzo,03,Lombardia,018,Pavia,PV,1,Nord-ovest,D127,ITC,ITC4,ITC48,018059,17.911,45.206953,8.614798,358,19.99
018060,Cura Carpignano,03,Lombardia,018,Pavia,PV,1,Nord-ovest,B824,ITC,ITC4,ITC48,018060,10.83,45.20265,9.244879,5080,469.07
018061,Dorno,03,Lombardia,018,Pavia,PV,1,Nord-ovest,D348,ITC,ITC4,ITC48,018061,30.198,45.14639,8.954194,4608,152.59
018062,Ferrera Erbognone,03,Lombardia,018,Pavia,PV,1,Nord-ovest,D552,ITC,ITC4,ITC48,018062,18.918,45.10402,8.855023,1112,58.78
018063,Filighera,03,Lombardia,018,Pavia,PV,1,Nord-ovest,D594,ITC,ITC4,ITC48,018063,7.998,45.180061,9.314026,812,101.53
018064,Fortunago,03,Lombardia,018,Pavia,PV,1,Nord-ovest,D732,ITC,ITC4,ITC48,018064,17.861,44.909834,9.184727,367,20.55
018065,Frascarolo,03,Lombardia,018,Pavia,PV,1,Nord-ovest,D771,ITC,ITC4,ITC48,018065,23.875,45.042974,8.673561,1075,45.03
018066,Galliavola,03,Lombardia,018,Pavia,PV,1,Nord-ovest,D873,ITC,ITC4,ITC48,018066,9.437,45.094925,8.818535,171,18.12
018067,Gambarana,03,Lombardia,018,Pavia,PV,1,Nord-ovest,D892,ITC,ITC4,ITC48,018067,11.758,45.042824,8.763674,174,14.8
018068,Gambolò,03,Lombardia,018,Pavia,PV,1,Nord-ovest,D901,ITC,ITC4,ITC48,018068,51.574,45.256559,8.860852,9813,190.27
018069,Garlasco,03,Lombardia,018,Pavia,PV,1,Nord-ovest,D925,ITC,ITC4,ITC48,018069,39.188,45.205364,8.941613,9665,246.63
018071,Gerenzago,03,Lombardia,018,Pavia,PV,1,Nord-ovest,D980,ITC,ITC4,ITC48,018071,5.358,45.197333,9.357942,1503,280.52
018072,Giussago,03,Lombardia,018,Pavia,PV,1,Nord-ovest,E062,ITC,ITC4,ITC48,018072,25.427,45.278931,9.153973,5385,211.78
018073,Godiasco Salice Terme,03,Lombardia,018,Pavia,PV,1,Nord-ovest,E072,ITC,ITC4,ITC48,018073,20.541,44.891115,9.065952,3294,160.36
018074,Golferenzo,03,Lombardia,018,Pavia,PV,1,Nord-ovest,E081,ITC,ITC4,ITC48,018074,4.671,44.961249,9.304185,162,34.68
018075,Gravellona Lomellina,03,Lombardia,018,Pavia,PV,1,Nord-ovest,E152,ITC,ITC4,ITC48,018075,20.776,45.337978,8.77706,2696,129.77
018076,Gropello Cairoli,03,Lombardia,018,Pavia,PV,1,Nord-ovest,E195,ITC,ITC4,ITC48,018076,26.455,45.173215,8.992441,4362,164.88
018077,Inverno e Monteleone,03,Lombardia,018,Pavia,PV,1,Nord-ovest,E310,ITC,ITC4,ITC48,018077,9.456,45.193418,9.39667,1493,157.89
018078,Landriano,03,Lombardia,018,Pavia,PV,1,Nord-ovest,E437,ITC,ITC4,ITC48,018078,15.275,45.306924,9.269374,6551,428.87
018079,Langosco,03,Lombardia,018,Pavia,PV,1,Nord-ovest,E439,ITC,ITC4,ITC48,018079,16.019,45.21626,8.562353,365,22.79
018080,Lardirago,03,Lombardia,018,Pavia,PV,1,Nord-ovest,E454,ITC,ITC4,ITC48,018080,5.318,45.239766,9.25122,1163,218.69
018081,Linarolo,03,Lombardia,018,Pavia,PV,1,Nord-ovest,E600,ITC,ITC4,ITC48,018081,13.126,45.146939,9.248826,2797,213.09
018082,Lirio,03,Lombardia,018,Pavia,PV,1,Nord-ovest,E608,ITC,ITC4,ITC48,018082,1.688,44.998506,9.258369,122,72.27
018083,Lomello,03,Lombardia,018,Pavia,PV,1,Nord-ovest,E662,ITC,ITC4,ITC48,018083,22.075,45.120274,8.792597,2010,91.05
018084,Lungavilla,03,Lombardia,018,Pavia,PV,1,Nord-ovest,B387,ITC,ITC4,ITC48,018084,6.785,45.034093,9.08194,2407,354.75
018085,Magherno,03,Lombardia,018,Pavia,PV,1,Nord-ovest,E804,ITC,ITC4,ITC48,018085,5.145,45.217411,9.334777,1798,349.47
018086,Marcignago,03,Lombardia,018,Pavia,PV,1,Nord-ovest,E934,ITC,ITC4,ITC48,018086,10.069,45.248317,9.080831,2455,243.82
018087,Marzano,03,Lombardia,018,Pavia,PV,1,Nord-ovest,E999,ITC,ITC4,ITC48,018087,9.214,45.247565,9.284409,1804,195.79
018088,Mede,03,Lombardia,018,Pavia,PV,1,Nord-ovest,F080,ITC,ITC4,ITC48,018088,32.907,45.093644,8.731586,6102,185.43
018089,Menconico,03,Lombardia,018,Pavia,PV,1,Nord-ovest,F122,ITC,ITC4,ITC48,018089,28.231,44.799175,9.279605,326,11.55
018090,Mezzana Bigli,03,Lombardia,018,Pavia,PV,1,Nord-ovest,F170,ITC,ITC4,ITC48,018090,19.163,45.065865,8.879207,1061,55.37
018091,Mezzana Rabattone,03,Lombardia,018,Pavia,PV,1,Nord-ovest,F171,ITC,ITC4,ITC48,018091,6.902,45.099144,9.035936,457,66.21
018092,Mezzanino,03,Lombardia,018,Pavia,PV,1,Nord-ovest,F175,ITC,ITC4,ITC48,018092,12.559,45.125693,9.205207,1405,111.87
018093,Miradolo Terme,03,Lombardia,018,Pavia,PV,1,Nord-ovest,F238,ITC,ITC4,ITC48,018093,9.858,45.179157,9.440776,3909,396.53
018094,Montalto Pavese,03,Lombardia,018,Pavia,PV,1,Nord-ovest,F417,ITC,ITC4,ITC48,018094,18.976,44.970952,9.215568,804,42.37
018095,Montebello della Battaglia,03,Lombardia,018,Pavia,PV,1,Nord-ovest,F440,ITC,ITC4,ITC48,018095,15.895,45.004779,9.089739,1437,90.41
018096,Montecalvo Versiggia,03,Lombardia,018,Pavia,PV,1,Nord-ovest,F449,ITC,ITC4,ITC48,018096,11.508,44.975474,9.275104,478,41.54
018097,Montescano,03,Lombardia,018,Pavia,PV,1,Nord-ovest,F638,ITC,ITC4,ITC48,018097,2.289,45.026358,9.294006,439,191.79
018098,Montesegale,03,Lombardia,018,Pavia,PV,1,Nord-ovest,F644,ITC,ITC4,ITC48,018098,14.785,44.906551,9.131658,239,16.17
018099,Monticelli Pavese,03,Lombardia,018,Pavia,PV,1,Nord-ovest,F670,ITC,ITC4,ITC48,018099,20.373,45.105825,9.524512,662,32.49
018100,Montù Beccaria,03,Lombardia,018,Pavia,PV,1,Nord-ovest,F701,ITC,ITC4,ITC48,018100,15.529,45.032345,9.318758,1642,105.74
018101,Mornico Losana,03,Lombardia,018,Pavia,PV,1,Nord-ovest,F739,ITC,ITC4,ITC48,018101,8.462,45.005127,9.211126,605,71.5
018102,Mortara,03,Lombardia,018,Pavia,PV,1,Nord-ovest,F754,ITC,ITC4,ITC48,018102,51.985,45.248066,8.748249,15934,306.51
018103,Nicorvo,03,Lombardia,018,Pavia,PV,1,Nord-ovest,F891,ITC,ITC4,ITC48,018103,8.008,45.283114,8.668513,288,35.96
018104,Olevano di Lomellina,03,Lombardia,018,Pavia,PV,1,Nord-ovest,G021,ITC,ITC4,ITC48,018104,15.569,45.205163,8.722593,723,46.44
018105,Oliva Gessi,03,Lombardia,018,Pavia,PV,1,Nord-ovest,G032,ITC,ITC4,ITC48,018105,4.08,45.000547,9.182828,163,39.95
018106,Ottobiano,03,Lombardia,018,Pavia,PV,1,Nord-ovest,G194,ITC,ITC4,ITC48,018106,24.892,45.158779,8.82906,1083,43.51
018107,Palestro,03,Lombardia,018,Pavia,PV,1,Nord-ovest,G275,ITC,ITC4,ITC48,018107,18.735,45.289067,8.539475,1895,101.15
018108,Pancarana,03,Lombardia,018,Pavia,PV,1,Nord-ovest,G304,ITC,ITC4,ITC48,018108,6.339,45.071765,9.047106,331,52.22
018109,Parona,03,Lombardia,018,Pavia,PV,1,Nord-ovest,G342,ITC,ITC4,ITC48,018109,9.408,45.282614,8.761196,1858,197.49
018110,Pavia,03,Lombardia,018,Pavia,PV,1,Nord-ovest,G388,ITC,ITC4,ITC48,018110,63.614,45.194597,9.169929,71811,1128.86
018111,Pietra de' Giorgi,03,Lombardia,018,Pavia,PV,1,Nord-ovest,G612,ITC,ITC4,ITC48,018111,11.33,45.017962,9.245463,777,68.58
018112,Pieve Albignola,03,Lombardia,018,Pavia,PV,1,Nord-ovest,G635,ITC,ITC4,ITC48,018112,18.113,45.103456,8.967507,792,43.73
018114,Pieve Porto Morone,03,Lombardia,018,Pavia,PV,1,Nord-ovest,G650,ITC,ITC4,ITC48,018114,16.489,45.110543,9.432563,2730,165.56
018113,Pieve del Cairo,03,Lombardia,018,Pavia,PV,1,Nord-ovest,G639,ITC,ITC4,ITC48,018113,25.11,45.057247,8.799301,1802,71.76
018115,Pinarolo Po,03,Lombardia,018,Pavia,PV,1,Nord-ovest,G671,ITC,ITC4,ITC48,018115,11.408,45.078707,9.160908,1654,144.99
018116,Pizzale,03,Lombardia,018,Pavia,PV,1,Nord-ovest,G720,ITC,ITC4,ITC48,018116,7.151,45.046562,9.060178,670,93.69
018117,Ponte Nizza,03,Lombardia,018,Pavia,PV,1,Nord-ovest,G851,ITC,ITC4,ITC48,018117,22.385,44.851712,9.126615,740,33.06
018118,Portalbera,03,Lombardia,018,Pavia,PV,1,Nord-ovest,G895,ITC,ITC4,ITC48,018118,4.552,45.094987,9.317561,1480,325.13
018119,Rea,03,Lombardia,018,Pavia,PV,1,Nord-ovest,H204,ITC,ITC4,ITC48,018119,2.167,45.117958,9.154608,395,182.28
018120,Redavalle,03,Lombardia,018,Pavia,PV,1,Nord-ovest,H216,ITC,ITC4,ITC48,018120,5.687,45.050238,9.207016,1050,184.63
018121,Retorbido,03,Lombardia,018,Pavia,PV,1,Nord-ovest,H246,ITC,ITC4,ITC48,018121,11.799,44.948601,9.038117,1511,128.06
018122,Rivanazzano Terme,03,Lombardia,018,Pavia,PV,1,Nord-ovest,H336,ITC,ITC4,ITC48,018122,28.901,44.935156,9.014232,5150,178.19
018123,Robbio,03,Lombardia,018,Pavia,PV,1,Nord-ovest,H369,ITC,ITC4,ITC48,018123,40.487,45.303751,8.612028,6016,148.59
018124,Robecco Pavese,03,Lombardia,018,Pavia,PV,1,Nord-ovest,H375,ITC,ITC4,ITC48,018124,6.948,45.054909,9.149521,510,73.4
018126,Rocca Susella,03,Lombardia,018,Pavia,PV,1,Nord-ovest,H450,ITC,ITC4,ITC48,018126,13.032,44.919566,9.093681,239,18.34
018125,Rocca de' Giorgi,03,Lombardia,018,Pavia,PV,1,Nord-ovest,H396,ITC,ITC4,ITC48,018125,10.567,44.955786,9.252777,37,3.5
018127,Rognano,03,Lombardia,018,Pavia,PV,1,Nord-ovest,H491,ITC,ITC4,ITC48,018127,9.509,45.297098,9.088626,708,74.46
018128,Romagnese,03,Lombardia,018,Pavia,PV,1,Nord-ovest,H505,ITC,ITC4,ITC48,018128,29.723,44.836024,9.318532,528,17.76
018129,Roncaro,03,Lombardia,018,Pavia,PV,1,Nord-ovest,H527,ITC,ITC4,ITC48,018129,5.05,45.229284,9.270091,1533,303.56
018130,Rosasco,03,Lombardia,018,Pavia,PV,1,Nord-ovest,H559,ITC,ITC4,ITC48,018130,19.29,45.255424,8.569185,560,29.03
018131,Rovescala,03,Lombardia,018,Pavia,PV,1,Nord-ovest,H614,ITC,ITC4,ITC48,018131,8.421,45.010204,9.348588,810,96.19
018133,San Cipriano Po,03,Lombardia,018,Pavia,PV,1,Nord-ovest,H799,ITC,ITC4,ITC48,018133,8.644,45.111107,9.285173,455,52.64
018134,San Damiano al Colle,03,Lombardia,018,Pavia,PV,1,Nord-ovest,H814,ITC,ITC4,ITC48,018134,6.468,45.031238,9.353003,600,92.76
018135,San Genesio ed Uniti,03,Lombardia,018,Pavia,PV,1,Nord-ovest,H859,ITC,ITC4,ITC48,018135,9.056,45.235843,9.184738,4053,447.55
018136,San Giorgio di Lomellina,03,Lombardia,018,Pavia,PV,1,Nord-ovest,H885,ITC,ITC4,ITC48,018136,25.323,45.174845,8.776953,986,38.94
018137,San Martino Siccomario,03,Lombardia,018,Pavia,PV,1,Nord-ovest,I014,ITC,ITC4,ITC48,018137,14.341,45.160081,9.111878,6666,464.82
018145,San Zenone al Po,03,Lombardia,018,Pavia,PV,1,Nord-ovest,I416,ITC,ITC4,ITC48,018145,7.154,45.115236,9.371169,576,80.51
018138,Sannazzaro de' Burgondi,03,Lombardia,018,Pavia,PV,1,Nord-ovest,I048,ITC,ITC4,ITC48,018138,23.361,45.093746,8.901996,5230,223.88
018141,Sant'Alessio con Vialone,03,Lombardia,018,Pavia,PV,1,Nord-ovest,I213,ITC,ITC4,ITC48,018141,6.702,45.225957,9.23063,1058,157.86
018144,Sant'Angelo Lomellina,03,Lombardia,018,Pavia,PV,1,Nord-ovest,I276,ITC,ITC4,ITC48,018144,10.651,45.239297,8.642384,803,75.39
018139,Santa Cristina e Bissone,03,Lombardia,018,Pavia,PV,1,Nord-ovest,I175,ITC,ITC4,ITC48,018139,22.504,45.154666,9.419498,1848,82.12
018140,Santa Giuletta,03,Lombardia,018,Pavia,PV,1,Nord-ovest,I203,ITC,ITC4,ITC48,018140,11.081,45.0379,9.179672,1585,143.04
018142,Santa Margherita di Staffora,03,Lombardia,018,Pavia,PV,1,Nord-ovest,I230,ITC,ITC4,ITC48,018142,36.947,44.737282,9.224443,424,11.48
018143,Santa Maria della Versa,03,Lombardia,018,Pavia,PV,1,Nord-ovest,I237,ITC,ITC4,ITC48,018143,18.078,44.986084,9.314545,2275,125.84
018146,Sartirana Lomellina,03,Lombardia,018,Pavia,PV,1,Nord-ovest,I447,ITC,ITC4,ITC48,018146,29.807,45.105379,8.657271,1491,50.02
018147,Scaldasole,03,Lombardia,018,Pavia,PV,1,Nord-ovest,I487,ITC,ITC4,ITC48,018147,11.805,45.132709,8.902244,853,72.26
018148,Semiana,03,Lombardia,018,Pavia,PV,1,Nord-ovest,I599,ITC,ITC4,ITC48,018148,9.815,45.139758,8.725654,192,19.56
018149,Silvano Pietra,03,Lombardia,018,Pavia,PV,1,Nord-ovest,I739,ITC,ITC4,ITC48,018149,13.716,45.048097,8.954119,622,45.35
018150,Siziano,03,Lombardia,018,Pavia,PV,1,Nord-ovest,E265,ITC,ITC4,ITC48,018150,11.513,45.309967,9.200863,6921,601.15
018151,Sommo,03,Lombardia,018,Pavia,PV,1,Nord-ovest,I825,ITC,ITC4,ITC48,018151,14.883,45.123391,9.083159,1117,75.05
018152,Spessa,03,Lombardia,018,Pavia,PV,1,Nord-ovest,I894,ITC,ITC4,ITC48,018152,12.262,45.123691,9.33698,567,46.24
018153,Stradella,03,Lombardia,018,Pavia,PV,1,Nord-ovest,I968,ITC,ITC4,ITC48,018153,18.888,45.076476,9.30786,11729,620.98
018154,Suardi,03,Lombardia,018,Pavia,PV,1,Nord-ovest,B014,ITC,ITC4,ITC48,018154,9.926,45.025739,8.738382,573,57.73
018155,Torrazza Coste,03,Lombardia,018,Pavia,PV,1,Nord-ovest,L237,ITC,ITC4,ITC48,018155,16.237,44.96387,9.090622,1602,98.66
018156,Torre Beretti e Castellaro,03,Lombardia,018,Pavia,PV,1,Nord-ovest,L250,ITC,ITC4,ITC48,018156,17.523,45.076242,8.691092,489,27.91
018157,Torre d'Arese,03,Lombardia,018,Pavia,PV,1,Nord-ovest,L256,ITC,ITC4,ITC48,018157,4.6,45.23701,9.320765,942,204.78
018159,Torre d'Isola,03,Lombardia,018,Pavia,PV,1,Nord-ovest,L269,ITC,ITC4,ITC48,018159,16.751,45.221523,9.070542,2497,149.07
018158,Torre de' Negri,03,Lombardia,018,Pavia,PV,1,Nord-ovest,L262,ITC,ITC4,ITC48,018158,3.996,45.147006,9.339584,332,83.08
018160,Torrevecchia Pia,03,Lombardia,018,Pavia,PV,1,Nord-ovest,L285,ITC,ITC4,ITC48,018160,16.978,45.279962,9.293385,3539,208.45
018161,Torricella Verzate,03,Lombardia,018,Pavia,PV,1,Nord-ovest,L292,ITC,ITC4,ITC48,018161,3.565,45.022827,9.16931,796,223.28
018162,Travacò Siccomario,03,Lombardia,018,Pavia,PV,1,Nord-ovest,I236,ITC,ITC4,ITC48,018162,17.301,45.147885,9.179513,4427,255.88
018163,Trivolzio,03,Lombardia,018,Pavia,PV,1,Nord-ovest,L440,ITC,ITC4,ITC48,018163,3.798,45.261903,9.048734,2494,656.66
018164,Tromello,03,Lombardia,018,Pavia,PV,1,Nord-ovest,L449,ITC,ITC4,ITC48,018164,35.513,45.203712,8.850054,3772,106.21
018165,Trovo,03,Lombardia,018,Pavia,PV,1,Nord-ovest,L453,ITC,ITC4,ITC48,018165,8.019,45.287278,9.042615,1000,124.7
018166,Val di Nizza,03,Lombardia,018,Pavia,PV,1,Nord-ovest,L562,ITC,ITC4,ITC48,018166,29.683,44.872061,9.176486,571,19.24
018167,Valeggio,03,Lombardia,018,Pavia,PV,1,Nord-ovest,L568,ITC,ITC4,ITC48,018167,9.861,45.147653,8.875087,192,19.47
018168,Valle Lomellina,03,Lombardia,018,Pavia,PV,1,Nord-ovest,L593,ITC,ITC4,ITC48,018168,26.798,45.156375,8.673712,2229,83.18
018169,Valle Salimbene,03,Lombardia,018,Pavia,PV,1,Nord-ovest,L617,ITC,ITC4,ITC48,018169,7.428,45.162407,9.234337,1425,191.84
018171,Varzi,03,Lombardia,018,Pavia,PV,1,Nord-ovest,L690,ITC,ITC4,ITC48,018171,57.366,44.803831,9.199678,3073,53.57
018172,Velezzo Lomellina,03,Lombardia,018,Pavia,PV,1,Nord-ovest,L716,ITC,ITC4,ITC48,018172,8.134,45.157223,8.741445,82,10.08
018173,Vellezzo Bellini,03,Lombardia,018,Pavia,PV,1,Nord-ovest,L720,ITC,ITC4,ITC48,018173,8.287,45.275126,9.103712,3528,425.73
018174,Verretto,03,Lombardia,018,Pavia,PV,1,Nord-ovest,L784,ITC,ITC4,ITC48,018174,2.887,45.038997,9.108718,380,131.62
018175,Verrua Po,03,Lombardia,018,Pavia,PV,1,Nord-ovest,L788,ITC,ITC4,ITC48,018175,11.08,45.112561,9.183845,1213,109.48
018176,Vidigulfo,03,Lombardia,018,Pavia,PV,1,Nord-ovest,L854,ITC,ITC4,ITC48,018176,15.779,45.286425,9.24089,6821,432.28
018177,Vigevano,03,Lombardia,018,Pavia,PV,1,Nord-ovest,L872,ITC,ITC4,ITC48,018177,81.428,45.306637,8.867235,63480,779.58
018178,Villa Biscossi,03,Lombardia,018,Pavia,PV,1,Nord-ovest,L917,ITC,ITC4,ITC48,018178,4.983,45.085782,8.788193,68,13.65
018179,Villanova d'Ardenghi,03,Lombardia,018,Pavia,PV,1,Nord-ovest,L983,ITC,ITC4,ITC48,018179,6.643,45.163037,9.04235,762,114.71
018180,Villanterio,03,Lombardia,018,Pavia,PV,1,Nord-ovest,L994,ITC,ITC4,ITC48,018180,14.604,45.22786,9.367449,3441,235.62
018181,Vistarino,03,Lombardia,018,Pavia,PV,1,Nord-ovest,M079,ITC,ITC4,ITC48,018181,9.493,45.207786,9.311961,1595,168.02
018182,Voghera,03,Lombardia,018,Pavia,PV,1,Nord-ovest,M109,ITC,ITC4,ITC48,018182,63.458,45.014043,9.01737,40220,633.81
018183,Volpara,03,Lombardia,018,Pavia,PV,1,Nord-ovest,M119,ITC,ITC4,ITC48,018183,3.626,44.946874,9.306558,131,36.13
018184,Zavattarello,03,Lombardia,018,Pavia,PV,1,Nord-ovest,M150,ITC,ITC4,ITC48,018184,28.388,44.864143,9.281128,881,31.03
018185,Zeccone,03,Lombardia,018,Pavia,PV,1,Nord-ovest,M152,ITC,ITC4,ITC48,018185,5.654,45.258067,9.190044,1717,303.68
018186,Zeme,03,Lombardia,018,Pavia,PV,1,Nord-ovest,M161,ITC,ITC4,ITC48,018186,24.896,45.196189,8.669379,983,39.48
018187,Zenevredo,03,Lombardia,018,Pavia,PV,1,Nord-ovest,M162,ITC,ITC4,ITC48,018187,5.493,45.05643,9.337499,481,87.57
018188,Zerbo,03,Lombardia,018,Pavia,PV,1,Nord-ovest,M166,ITC,ITC4,ITC48,018188,6.289,45.107933,9.398471,407,64.72
018189,Zerbolò,03,Lombardia,018,Pavia,PV,1,Nord-ovest,M167,ITC,ITC4,ITC48,018189,37.554,45.21242,9.025765,1714,45.64
018190,Zinasco,03,Lombardia,018,Pavia,PV,1,Nord-ovest,M180,ITC,ITC4,ITC48,018190,29.816,45.112861,9.003898,3191,107.02
014001,Albaredo per San Marco,03,Lombardia,014,Sondrio,SO,1,Nord-ovest,A135,ITC,ITC4,ITC44,014001,19.006,46.079191,9.624892,278,14.63
014002,Albosaggia,03,Lombardia,014,Sondrio,SO,1,Nord-ovest,A172,ITC,ITC4,ITC44,014002,34.391,46.107575,9.854917,3006,87.41
014003,Andalo Valtellino,03,Lombardia,014,Sondrio,SO,1,Nord-ovest,A273,ITC,ITC4,ITC44,014003,6.783,46.118005,9.473194,601,88.6
014004,Aprica,03,Lombardia,014,Sondrio,SO,1,Nord-ovest,A337,ITC,ITC4,ITC44,014004,20.262,46.125738,10.147334,1433,70.72
014005,Ardenno,03,Lombardia,014,Sondrio,SO,1,Nord-ovest,A382,ITC,ITC4,ITC44,014005,17.261,46.179881,9.644254,3228,187.01
014006,Bema,03,Lombardia,014,Sondrio,SO,1,Nord-ovest,A777,ITC,ITC4,ITC44,014006,19.324,46.079995,9.57958,117,6.05
014007,Berbenno di Valtellina,03,Lombardia,014,Sondrio,SO,1,Nord-ovest,A787,ITC,ITC4,ITC44,014007,35.694,46.196695,9.737231,4066,113.91
014008,Bianzone,03,Lombardia,014,Sondrio,SO,1,Nord-ovest,A848,ITC,ITC4,ITC44,014008,17.225,46.201052,10.096858,1263,73.32
014009,Bormio,03,Lombardia,014,Sondrio,SO,1,Nord-ovest,B049,ITC,ITC4,ITC44,014009,41.282,46.49329,10.403074,3908,94.67
014010,Buglio in Monte,03,Lombardia,014,Sondrio,SO,1,Nord-ovest,B255,ITC,ITC4,ITC44,014010,28.005,46.216541,9.694124,2057,73.45
014011,Caiolo,03,Lombardia,014,Sondrio,SO,1,Nord-ovest,B366,ITC,ITC4,ITC44,014011,32.908,46.102922,9.823379,1034,31.42
014012,Campodolcino,03,Lombardia,014,Sondrio,SO,1,Nord-ovest,B530,ITC,ITC4,ITC44,014012,48.717,46.405951,9.349055,914,18.76
014013,Caspoggio,03,Lombardia,014,Sondrio,SO,1,Nord-ovest,B993,ITC,ITC4,ITC44,014013,7.172,46.253192,9.867597,1316,183.49
014014,Castello dell'Acqua,03,Lombardia,014,Sondrio,SO,1,Nord-ovest,C186,ITC,ITC4,ITC44,014014,14.173,46.13213,10.012342,607,42.83
014015,Castione Andevenno,03,Lombardia,014,Sondrio,SO,1,Nord-ovest,C325,ITC,ITC4,ITC44,014015,16.999,46.190674,9.808191,1572,92.48
014016,Cedrasco,03,Lombardia,014,Sondrio,SO,1,Nord-ovest,C418,ITC,ITC4,ITC44,014016,14.589,46.104326,9.800769,423,28.99
014017,Cercino,03,Lombardia,014,Sondrio,SO,1,Nord-ovest,C493,ITC,ITC4,ITC44,014017,5.706,46.163573,9.508657,806,141.25
014018,Chiavenna,03,Lombardia,014,Sondrio,SO,1,Nord-ovest,C623,ITC,ITC4,ITC44,014018,10.93,46.329566,9.403106,7294,667.34
014019,Chiesa in Valmalenco,03,Lombardia,014,Sondrio,SO,1,Nord-ovest,C628,ITC,ITC4,ITC44,014019,107.579,46.295147,9.798897,2219,20.63
014020,Chiuro,03,Lombardia,014,Sondrio,SO,1,Nord-ovest,C651,ITC,ITC4,ITC44,014020,52.093,46.219059,10.026693,2434,46.72
014021,Cino,03,Lombardia,014,Sondrio,SO,1,Nord-ovest,C709,ITC,ITC4,ITC44,014021,5.043,46.168408,9.486403,338,67.02
014022,Civo,03,Lombardia,014,Sondrio,SO,1,Nord-ovest,C785,ITC,ITC4,ITC44,014022,25.059,46.180187,9.58959,1139,45.45
014023,Colorina,03,Lombardia,014,Sondrio,SO,1,Nord-ovest,C903,ITC,ITC4,ITC44,014023,17.88,46.141223,9.722017,1357,75.89
014024,Cosio Valtellino,03,Lombardia,014,Sondrio,SO,1,Nord-ovest,D088,ITC,ITC4,ITC44,014024,23.816,46.122982,9.531506,5586,234.55
014025,Dazio,03,Lombardia,014,Sondrio,SO,1,Nord-ovest,D258,ITC,ITC4,ITC44,014025,3.555,46.158744,9.613548,521,146.55
014026,Delebio,03,Lombardia,014,Sondrio,SO,1,Nord-ovest,D266,ITC,ITC4,ITC44,014026,22.182,46.113322,9.44588,3353,151.16
014027,Dubino,03,Lombardia,014,Sondrio,SO,1,Nord-ovest,D377,ITC,ITC4,ITC44,014027,13.653,46.168947,9.444731,3847,281.77
014028,Faedo Valtellino,03,Lombardia,014,Sondrio,SO,1,Nord-ovest,D456,ITC,ITC4,ITC44,014028,4.788,46.139525,9.901729,508,106.1
014029,Forcola,03,Lombardia,014,Sondrio,SO,1,Nord-ovest,D694,ITC,ITC4,ITC44,014029,15.696,46.136044,9.680757,753,47.97
014030,Fusine,03,Lombardia,014,Sondrio,SO,1,Nord-ovest,D830,ITC,ITC4,ITC44,014030,37.517,46.105128,9.756835,545,14.53
014031,Gerola Alta,03,Lombardia,014,Sondrio,SO,1,Nord-ovest,D990,ITC,ITC4,ITC44,014031,37.2,46.047199,9.551041,158,4.25
014032,Gordona,03,Lombardia,014,Sondrio,SO,1,Nord-ovest,E090,ITC,ITC4,ITC44,014032,62.886,46.279696,9.325965,1956,31.1
014033,Grosio,03,Lombardia,014,Sondrio,SO,1,Nord-ovest,E200,ITC,ITC4,ITC44,014033,127.089,46.347547,10.187917,4230,33.28
014034,Grosotto,03,Lombardia,014,Sondrio,SO,1,Nord-ovest,E201,ITC,ITC4,ITC44,014034,53.257,46.296083,10.201304,1641,30.81
014036,Lanzada,03,Lombardia,014,Sondrio,SO,1,Nord-ovest,E443,ITC,ITC4,ITC44,014036,117.296,46.313072,9.939064,1227,10.46
014037,Livigno,03,Lombardia,014,Sondrio,SO,1,Nord-ovest,E621,ITC,ITC4,ITC44,014037,227.561,46.525638,10.133654,6663,29.28
014038,Lovero,03,Lombardia,014,Sondrio,SO,1,Nord-ovest,E705,ITC,ITC4,ITC44,014038,13.292,46.230001,10.230249,608,45.74
014035,Madesimo,03,Lombardia,014,Sondrio,SO,1,Nord-ovest,E342,ITC,ITC4,ITC44,014035,85.813,46.461658,9.341193,505,5.88
014039,Mantello,03,Lombardia,014,Sondrio,SO,1,Nord-ovest,E896,ITC,ITC4,ITC44,014039,3.785,46.157355,9.473228,747,197.36
014040,Mazzo di Valtellina,03,Lombardia,014,Sondrio,SO,1,Nord-ovest,F070,ITC,ITC4,ITC44,014040,15.15,46.261528,10.268121,1009,66.6
014041,Mello,03,Lombardia,014,Sondrio,SO,1,Nord-ovest,F115,ITC,ITC4,ITC44,014041,11.588,46.170846,9.542295,950,81.98
014043,Mese,03,Lombardia,014,Sondrio,SO,1,Nord-ovest,F153,ITC,ITC4,ITC44,014043,4.134,46.309708,9.372992,1889,456.94
014044,Montagna in Valtellina,03,Lombardia,014,Sondrio,SO,1,Nord-ovest,F393,ITC,ITC4,ITC44,014044,45.387,46.219335,9.918448,2945,64.89
014045,Morbegno,03,Lombardia,014,Sondrio,SO,1,Nord-ovest,F712,ITC,ITC4,ITC44,014045,14.974,46.128124,9.581076,12421,829.5
014046,Novate Mezzola,03,Lombardia,014,Sondrio,SO,1,Nord-ovest,F956,ITC,ITC4,ITC44,014046,99.717,46.245371,9.493077,1923,19.28
014047,Pedesina,03,Lombardia,014,Sondrio,SO,1,Nord-ovest,G410,ITC,ITC4,ITC44,014047,6.284,46.077795,9.520816,40,6.37
014048,Piantedo,03,Lombardia,014,Sondrio,SO,1,Nord-ovest,G572,ITC,ITC4,ITC44,014048,6.826,46.123259,9.423127,1425,208.76
014049,Piateda,03,Lombardia,014,Sondrio,SO,1,Nord-ovest,G576,ITC,ITC4,ITC44,014049,70.996,46.107732,9.904513,2059,29.0
014050,Piuro,03,Lombardia,014,Sondrio,SO,1,Nord-ovest,G718,ITC,ITC4,ITC44,014050,84.069,46.393359,9.4448,1917,22.8
014051,Poggiridenti,03,Lombardia,014,Sondrio,SO,1,Nord-ovest,G431,ITC,ITC4,ITC44,014051,2.859,46.171004,9.926393,1825,638.34
014052,Ponte in Valtellina,03,Lombardia,014,Sondrio,SO,1,Nord-ovest,G829,ITC,ITC4,ITC44,014052,67.616,46.154058,9.971184,2217,32.79
014053,Postalesio,03,Lombardia,014,Sondrio,SO,1,Nord-ovest,G937,ITC,ITC4,ITC44,014053,10.706,46.188864,9.778111,647,60.43
014054,Prata Camportaccio,03,Lombardia,014,Sondrio,SO,1,Nord-ovest,G993,ITC,ITC4,ITC44,014054,27.9,46.286577,9.4303,2942,105.45
014055,Rasura,03,Lombardia,014,Sondrio,SO,1,Nord-ovest,H192,ITC,ITC4,ITC44,014055,6.055,46.094431,9.537302,277,45.75
014056,Rogolo,03,Lombardia,014,Sondrio,SO,1,Nord-ovest,H493,ITC,ITC4,ITC44,014056,12.965,46.109086,9.488574,575,44.35
014057,Samolaco,03,Lombardia,014,Sondrio,SO,1,Nord-ovest,H752,ITC,ITC4,ITC44,014057,45.747,46.242502,9.372241,2871,62.76
014058,San Giacomo Filippo,03,Lombardia,014,Sondrio,SO,1,Nord-ovest,H868,ITC,ITC4,ITC44,014058,62.129,46.349272,9.346712,371,5.97
014059,Sernio,03,Lombardia,014,Sondrio,SO,1,Nord-ovest,I636,ITC,ITC4,ITC44,014059,9.573,46.224703,10.208448,500,52.23
014060,Sondalo,03,Lombardia,014,Sondrio,SO,1,Nord-ovest,I828,ITC,ITC4,ITC44,014060,95.691,46.339113,10.354273,3859,40.33
014061,Sondrio,03,Lombardia,014,Sondrio,SO,1,Nord-ovest,I829,ITC,ITC4,ITC44,014061,20.751,46.185467,9.850505,21495,1035.85
014062,Spriana,03,Lombardia,014,Sondrio,SO,1,Nord-ovest,I928,ITC,ITC4,ITC44,014062,7.811,46.21313,9.882173,85,10.88
014063,Talamona,03,Lombardia,014,Sondrio,SO,1,Nord-ovest,L035,ITC,ITC4,ITC44,014063,21.067,46.122537,9.623308,4582,217.5
014064,Tartano,03,Lombardia,014,Sondrio,SO,1,Nord-ovest,L056,ITC,ITC4,ITC44,014064,47.306,46.104981,9.685536,198,4.19
014065,Teglio,03,Lombardia,014,Sondrio,SO,1,Nord-ovest,L084,ITC,ITC4,ITC44,014065,115.168,46.139245,10.078802,4683,40.66
014066,Tirano,03,Lombardia,014,Sondrio,SO,1,Nord-ovest,L175,ITC,ITC4,ITC44,014066,32.398,46.220156,10.176149,8849,273.13
014067,Torre di Santa Maria,03,Lombardia,014,Sondrio,SO,1,Nord-ovest,L244,ITC,ITC4,ITC44,014067,43.853,46.233243,9.823003,712,16.24
014068,Tovo di Sant'Agata,03,Lombardia,014,Sondrio,SO,1,Nord-ovest,L316,ITC,ITC4,ITC44,014068,11.181,46.232364,10.270877,611,54.65
014069,Traona,03,Lombardia,014,Sondrio,SO,1,Nord-ovest,L330,ITC,ITC4,ITC44,014069,6.275,46.160959,9.524343,2903,462.63
014070,Tresivio,03,Lombardia,014,Sondrio,SO,1,Nord-ovest,L392,ITC,ITC4,ITC44,014070,15.074,46.200195,9.955258,2038,135.2
014074,Val Masino,03,Lombardia,014,Sondrio,SO,1,Nord-ovest,L638,ITC,ITC4,ITC44,014074,116.467,46.248193,9.639705,825,7.08
014071,Valdidentro,03,Lombardia,014,Sondrio,SO,1,Nord-ovest,L557,ITC,ITC4,ITC44,014071,226.135,46.486258,10.288346,4107,18.16
014072,Valdisotto,03,Lombardia,014,Sondrio,SO,1,Nord-ovest,L563,ITC,ITC4,ITC44,014072,89.852,46.42313,10.357338,3529,39.28
014073,Valfurva,03,Lombardia,014,Sondrio,SO,1,Nord-ovest,L576,ITC,ITC4,ITC44,014073,215.418,46.416452,10.5136,2431,11.29
014075,Verceia,03,Lombardia,014,Sondrio,SO,1,Nord-ovest,L749,ITC,ITC4,ITC44,014075,11.371,46.1982,9.466784,1091,95.95
014076,Vervio,03,Lombardia,014,Sondrio,SO,1,Nord-ovest,L799,ITC,ITC4,ITC44,014076,12.499,46.259579,10.211611,204,16.32
014077,Villa di Chiavenna,03,Lombardia,014,Sondrio,SO,1,Nord-ovest,L907,ITC,ITC4,ITC44,014077,32.733,46.324184,9.493515,992,30.31
014078,Villa di Tirano,03,Lombardia,014,Sondrio,SO,1,Nord-ovest,L908,ITC,ITC4,ITC44,014078,24.692,46.194248,10.135493,3013,122.02
012001,Agra,03,Lombardia,012,Varese,VA,1,Nord-ovest,A085,ITC,ITC4,ITC41,012001,3.169,46.037171,8.764347,380,119.91
012002,Albizzate,03,Lombardia,012,Varese,VA,1,Nord-ovest,A167,ITC,ITC4,ITC41,012002,3.807,45.726865,8.79907,5200,1365.9
012003,Angera,03,Lombardia,012,Varese,VA,1,Nord-ovest,A290,ITC,ITC4,ITC41,012003,17.568,45.771303,8.580643,5326,303.16
012004,Arcisate,03,Lombardia,012,Varese,VA,1,Nord-ovest,A371,ITC,ITC4,ITC41,012004,12.105,45.855451,8.873837,9859,814.46
012005,Arsago Seprio,03,Lombardia,012,Varese,VA,1,Nord-ovest,A441,ITC,ITC4,ITC41,012005,10.432,45.70018,8.732449,4727,453.12
012006,Azzate,03,Lombardia,012,Varese,VA,1,Nord-ovest,A531,ITC,ITC4,ITC41,012006,4.832,45.777924,8.793801,4652,962.75
012007,Azzio,03,Lombardia,012,Varese,VA,1,Nord-ovest,A532,ITC,ITC4,ITC41,012007,1.994,45.888119,8.709093,758,380.14
012008,Barasso,03,Lombardia,012,Varese,VA,1,Nord-ovest,A619,ITC,ITC4,ITC41,012008,4.009,45.848699,8.758283,1681,419.31
012144,Bardello con Malgesso e Bregano,03,Lombardia,012,Varese,VA,1,Nord-ovest,M433,ITC,ITC4,ITC41,012144,7.436,45.825621,8.682258,3629,488.03
012010,Bedero Valcuvia,03,Lombardia,012,Varese,VA,1,Nord-ovest,A728,ITC,ITC4,ITC41,012010,2.649,45.910209,8.800007,664,250.66
012011,Besano,03,Lombardia,012,Varese,VA,1,Nord-ovest,A819,ITC,ITC4,ITC41,012011,3.331,45.885732,8.891952,2513,754.43
012012,Besnate,03,Lombardia,012,Varese,VA,1,Nord-ovest,A825,ITC,ITC4,ITC41,012012,7.373,45.70166,8.762907,5438,737.56
012013,Besozzo,03,Lombardia,012,Varese,VA,1,Nord-ovest,A826,ITC,ITC4,ITC41,012013,13.856,45.851698,8.665809,8717,629.11
012014,Biandronno,03,Lombardia,012,Varese,VA,1,Nord-ovest,A845,ITC,ITC4,ITC41,012014,9.491,45.814464,8.716005,3190,336.11
012015,Bisuschio,03,Lombardia,012,Varese,VA,1,Nord-ovest,A891,ITC,ITC4,ITC41,012015,6.866,45.87985,8.868964,4253,619.43
012016,Bodio Lomnago,03,Lombardia,012,Varese,VA,1,Nord-ovest,A918,ITC,ITC4,ITC41,012016,4.011,45.790535,8.75065,2255,562.2
012017,Brebbia,03,Lombardia,012,Varese,VA,1,Nord-ovest,B126,ITC,ITC4,ITC41,012017,7.05,45.829322,8.651493,3137,444.96
012019,Brenta,03,Lombardia,012,Varese,VA,1,Nord-ovest,B150,ITC,ITC4,ITC41,012019,4.065,45.908307,8.68609,1682,413.78
012020,Brezzo di Bedero,03,Lombardia,012,Varese,VA,1,Nord-ovest,B166,ITC,ITC4,ITC41,012020,9.901,45.980364,8.714779,1214,122.61
012021,Brinzio,03,Lombardia,012,Varese,VA,1,Nord-ovest,B182,ITC,ITC4,ITC41,012021,6.154,45.885021,8.796664,765,124.31
012022,Brissago-Valtravaglia,03,Lombardia,012,Varese,VA,1,Nord-ovest,B191,ITC,ITC4,ITC41,012022,6.133,45.949581,8.737361,1316,214.58
012023,Brunello,03,Lombardia,012,Varese,VA,1,Nord-ovest,B219,ITC,ITC4,ITC41,012023,1.663,45.765737,8.794752,918,552.01
012024,Brusimpiano,03,Lombardia,012,Varese,VA,1,Nord-ovest,B228,ITC,ITC4,ITC41,012024,5.9,45.940185,8.883813,1174,198.98
012025,Buguggiate,03,Lombardia,012,Varese,VA,1,Nord-ovest,B258,ITC,ITC4,ITC41,012025,2.382,45.784222,8.811098,3115,1307.72
012026,Busto Arsizio,03,Lombardia,012,Varese,VA,1,Nord-ovest,B300,ITC,ITC4,ITC41,012026,30.786,45.604853,8.840305,84595,2747.84
012027,Cadegliano-Viconago,03,Lombardia,012,Varese,VA,1,Nord-ovest,B326,ITC,ITC4,ITC41,012027,10.05,45.965446,8.828315,2120,210.95
012143,Cadrezzate con Osmate,03,Lombardia,012,Varese,VA,1,Nord-ovest,M425,ITC,ITC4,ITC41,012143,8.227,45.794712,8.64384,2742,333.29
012029,Cairate,03,Lombardia,012,Varese,VA,1,Nord-ovest,B368,ITC,ITC4,ITC41,012029,11.331,45.6874,8.863375,7886,695.97
012030,Cantello,03,Lombardia,012,Varese,VA,1,Nord-ovest,B634,ITC,ITC4,ITC41,012030,9.316,45.827323,8.888932,4866,522.33
012031,Caravate,03,Lombardia,012,Varese,VA,1,Nord-ovest,B732,ITC,ITC4,ITC41,012031,5.039,45.877778,8.6551,2532,502.48
012032,Cardano al Campo,03,Lombardia,012,Varese,VA,1,Nord-ovest,B754,ITC,ITC4,ITC41,012032,9.362,45.647062,8.754838,14771,1577.76
012033,Carnago,03,Lombardia,012,Varese,VA,1,Nord-ovest,B796,ITC,ITC4,ITC41,012033,6.14,45.720915,8.839336,6610,1076.55
012034,Caronno Pertusella,03,Lombardia,012,Varese,VA,1,Nord-ovest,B805,ITC,ITC4,ITC41,012034,8.7,45.593958,9.046894,18556,2132.87
012035,Caronno Varesino,03,Lombardia,012,Varese,VA,1,Nord-ovest,B807,ITC,ITC4,ITC41,012035,5.723,45.742476,8.831059,4800,838.72
012036,Casale Litta,03,Lombardia,012,Varese,VA,1,Nord-ovest,B875,ITC,ITC4,ITC41,012036,10.655,45.757715,8.731808,2775,260.44
012037,Casalzuigno,03,Lombardia,012,Varese,VA,1,Nord-ovest,B921,ITC,ITC4,ITC41,012037,7.444,45.910426,8.706243,1409,189.28
012038,Casciago,03,Lombardia,012,Varese,VA,1,Nord-ovest,B949,ITC,ITC4,ITC41,012038,4.255,45.832419,8.781512,3549,834.08
012039,Casorate Sempione,03,Lombardia,012,Varese,VA,1,Nord-ovest,B987,ITC,ITC4,ITC41,012039,7.102,45.662481,8.745039,5631,792.88
012040,Cassano Magnago,03,Lombardia,012,Varese,VA,1,Nord-ovest,C004,ITC,ITC4,ITC41,012040,12.067,45.671566,8.825903,21431,1776.0
012041,Cassano Valcuvia,03,Lombardia,012,Varese,VA,1,Nord-ovest,B999,ITC,ITC4,ITC41,012041,3.881,45.931044,8.76252,647,166.71
012042,Castellanza,03,Lombardia,012,Varese,VA,1,Nord-ovest,C139,ITC,ITC4,ITC41,012042,7.099,45.609342,8.897752,13890,1956.61
012043,Castello Cabiaglio,03,Lombardia,012,Varese,VA,1,Nord-ovest,B312,ITC,ITC4,ITC41,012043,7.085,45.886724,8.763451,550,77.63
012044,Castelseprio,03,Lombardia,012,Varese,VA,1,Nord-ovest,C273,ITC,ITC4,ITC41,012044,3.845,45.719009,8.862977,1330,345.9
012045,Castelveccana,03,Lombardia,012,Varese,VA,1,Nord-ovest,C181,ITC,ITC4,ITC41,012045,20.89,45.942914,8.660304,1855,88.8
012046,Castiglione Olona,03,Lombardia,012,Varese,VA,1,Nord-ovest,C300,ITC,ITC4,ITC41,012046,6.864,45.753486,8.868061,7454,1085.96
012047,Castronno,03,Lombardia,012,Varese,VA,1,Nord-ovest,C343,ITC,ITC4,ITC41,012047,3.664,45.75375,8.810551,5035,1374.18
012048,Cavaria con Premezzo,03,Lombardia,012,Varese,VA,1,Nord-ovest,C382,ITC,ITC4,ITC41,012048,3.332,45.692967,8.796185,5769,1731.39
012049,Cazzago Brabbia,03,Lombardia,012,Varese,VA,1,Nord-ovest,C409,ITC,ITC4,ITC41,012049,4.053,45.801526,8.734339,779,192.2
012050,Cislago,03,Lombardia,012,Varese,VA,1,Nord-ovest,C732,ITC,ITC4,ITC41,012050,10.819,45.655972,8.961855,10572,977.17
012051,Cittiglio,03,Lombardia,012,Varese,VA,1,Nord-ovest,C751,ITC,ITC4,ITC41,012051,11.458,45.906762,8.661625,3805,332.08
012052,Clivio,03,Lombardia,012,Varese,VA,1,Nord-ovest,C796,ITC,ITC4,ITC41,012052,2.977,45.854369,8.920025,1982,665.77
012053,Cocquio-Trevisago,03,Lombardia,012,Varese,VA,1,Nord-ovest,C810,ITC,ITC4,ITC41,012053,9.727,45.864569,8.695985,4651,478.15
012054,Comabbio,03,Lombardia,012,Varese,VA,1,Nord-ovest,C911,ITC,ITC4,ITC41,012054,4.713,45.775004,8.671989,1177,249.73
012055,Comerio,03,Lombardia,012,Varese,VA,1,Nord-ovest,C922,ITC,ITC4,ITC41,012055,5.721,45.852952,8.742998,2784,486.63
012056,Cremenaga,03,Lombardia,012,Varese,VA,1,Nord-ovest,D144,ITC,ITC4,ITC41,012056,4.499,45.980046,8.796357,782,173.82
012057,Crosio della Valle,03,Lombardia,012,Varese,VA,1,Nord-ovest,D185,ITC,ITC4,ITC41,012057,1.516,45.75923,8.767767,624,411.61
012058,Cuasso al Monte,03,Lombardia,012,Varese,VA,1,Nord-ovest,D192,ITC,ITC4,ITC41,012058,16.439,45.909343,8.868029,3545,215.65
012059,Cugliate-Fabiasco,03,Lombardia,012,Varese,VA,1,Nord-ovest,D199,ITC,ITC4,ITC41,012059,6.301,45.943612,8.818647,3119,495.0
012060,Cunardo,03,Lombardia,012,Varese,VA,1,Nord-ovest,D204,ITC,ITC4,ITC41,012060,5.979,45.934939,8.804292,2880,481.69
012061,Curiglia con Monteviasco,03,Lombardia,012,Varese,VA,1,Nord-ovest,D217,ITC,ITC4,ITC41,012061,10.609,46.059526,8.826561,141,13.29
012062,Cuveglio,03,Lombardia,012,Varese,VA,1,Nord-ovest,D238,ITC,ITC4,ITC41,012062,7.349,45.911743,8.752383,3378,459.65
012063,Cuvio,03,Lombardia,012,Varese,VA,1,Nord-ovest,D239,ITC,ITC4,ITC41,012063,5.878,45.885216,8.742626,1754,298.4
012064,Daverio,03,Lombardia,012,Varese,VA,1,Nord-ovest,D256,ITC,ITC4,ITC41,012064,4.04,45.772506,8.765154,3030,750.0
012065,Dumenza,03,Lombardia,012,Varese,VA,1,Nord-ovest,D384,ITC,ITC4,ITC41,012065,18.769,46.030844,8.801984,1461,77.84
012066,Duno,03,Lombardia,012,Varese,VA,1,Nord-ovest,D385,ITC,ITC4,ITC41,012066,2.529,45.92071,8.736493,163,64.45
012067,Fagnano Olona,03,Lombardia,012,Varese,VA,1,Nord-ovest,D467,ITC,ITC4,ITC41,012067,8.707,45.660541,8.866823,12411,1425.4
012068,Ferno,03,Lombardia,012,Varese,VA,1,Nord-ovest,D543,ITC,ITC4,ITC41,012068,8.417,45.620428,8.736269,6715,797.79
012069,Ferrera di Varese,03,Lombardia,012,Varese,VA,1,Nord-ovest,D551,ITC,ITC4,ITC41,012069,1.622,45.930832,8.78631,694,427.87
012070,Gallarate,03,Lombardia,012,Varese,VA,1,Nord-ovest,D869,ITC,ITC4,ITC41,012070,21.231,45.658328,8.794383,53023,2497.43
012071,Galliate Lombardo,03,Lombardia,012,Varese,VA,1,Nord-ovest,D871,ITC,ITC4,ITC41,012071,3.631,45.790682,8.772064,1035,285.05
012072,Gavirate,03,Lombardia,012,Varese,VA,1,Nord-ovest,D946,ITC,ITC4,ITC41,012072,11.644,45.843273,8.714637,9145,785.38
012073,Gazzada Schianno,03,Lombardia,012,Varese,VA,1,Nord-ovest,D951,ITC,ITC4,ITC41,012073,4.665,45.780103,8.832977,4635,993.57
012074,Gemonio,03,Lombardia,012,Varese,VA,1,Nord-ovest,D963,ITC,ITC4,ITC41,012074,3.702,45.879489,8.680208,2871,775.53
012075,Gerenzano,03,Lombardia,012,Varese,VA,1,Nord-ovest,D981,ITC,ITC4,ITC41,012075,9.992,45.632851,8.986933,11065,1107.39
012076,Germignaga,03,Lombardia,012,Varese,VA,1,Nord-ovest,D987,ITC,ITC4,ITC41,012076,4.457,45.987334,8.728794,3781,848.33
012077,Golasecca,03,Lombardia,012,Varese,VA,1,Nord-ovest,E079,ITC,ITC4,ITC41,012077,7.432,45.696389,8.666504,2630,353.88
012078,Gorla Maggiore,03,Lombardia,012,Varese,VA,1,Nord-ovest,E101,ITC,ITC4,ITC41,012078,5.166,45.666125,8.90397,4781,925.47
012079,Gorla Minore,03,Lombardia,012,Varese,VA,1,Nord-ovest,E102,ITC,ITC4,ITC41,012079,7.476,45.64906,8.915805,8236,1101.66
012080,Gornate Olona,03,Lombardia,012,Varese,VA,1,Nord-ovest,E104,ITC,ITC4,ITC41,012080,4.76,45.735623,8.86177,2212,464.71
012081,Grantola,03,Lombardia,012,Varese,VA,1,Nord-ovest,E144,ITC,ITC4,ITC41,012081,2.051,45.944827,8.77702,1225,597.27
012082,Inarzo,03,Lombardia,012,Varese,VA,1,Nord-ovest,E292,ITC,ITC4,ITC41,012082,2.519,45.784922,8.72784,1073,425.96
012083,Induno Olona,03,Lombardia,012,Varese,VA,1,Nord-ovest,E299,ITC,ITC4,ITC41,012083,12.443,45.862386,8.833717,10446,839.51
012084,Ispra,03,Lombardia,012,Varese,VA,1,Nord-ovest,E367,ITC,ITC4,ITC41,012084,16.021,45.811944,8.611369,5358,334.44
012085,Jerago con Orago,03,Lombardia,012,Varese,VA,1,Nord-ovest,E386,ITC,ITC4,ITC41,012085,3.85,45.708769,8.793163,5177,1344.68
012086,Lavena Ponte Tresa,03,Lombardia,012,Varese,VA,1,Nord-ovest,E494,ITC,ITC4,ITC41,012086,4.378,45.958371,8.862508,5649,1290.32
012087,Laveno-Mombello,03,Lombardia,012,Varese,VA,1,Nord-ovest,E496,ITC,ITC4,ITC41,012087,23.183,45.909477,8.612031,8370,361.04
012088,Leggiuno,03,Lombardia,012,Varese,VA,1,Nord-ovest,E510,ITC,ITC4,ITC41,012088,13.423,45.872475,8.603571,3621,269.76
012089,Lonate Ceppino,03,Lombardia,012,Varese,VA,1,Nord-ovest,E665,ITC,ITC4,ITC41,012089,4.825,45.709652,8.878383,5177,1072.95
012090,Lonate Pozzolo,03,Lombardia,012,Varese,VA,1,Nord-ovest,E666,ITC,ITC4,ITC41,012090,29.606,45.588474,8.743702,11338,382.96
012091,Lozza,03,Lombardia,012,Varese,VA,1,Nord-ovest,E707,ITC,ITC4,ITC41,012091,1.811,45.775919,8.861384,1211,668.69
012092,Luino,03,Lombardia,012,Varese,VA,1,Nord-ovest,E734,ITC,ITC4,ITC41,012092,21.008,45.99841,8.757208,14003,666.56
012093,Luvinate,03,Lombardia,012,Varese,VA,1,Nord-ovest,E769,ITC,ITC4,ITC41,012093,3.912,45.848834,8.770198,1349,344.84
012142,Maccagno con Pino e Veddasca,03,Lombardia,012,Varese,VA,1,Nord-ovest,M339,ITC,ITC4,ITC41,012142,41.563,46.074854,8.777091,2293,55.17
012096,Malnate,03,Lombardia,012,Varese,VA,1,Nord-ovest,E863,ITC,ITC4,ITC41,012096,8.893,45.798192,8.884759,16650,1872.26
012097,Marchirolo,03,Lombardia,012,Varese,VA,1,Nord-ovest,E929,ITC,ITC4,ITC41,012097,5.539,45.942227,8.840106,3571,644.7
012098,Marnate,03,Lombardia,012,Varese,VA,1,Nord-ovest,E965,ITC,ITC4,ITC41,012098,4.855,45.631063,8.911588,8136,1675.8
012099,Marzio,03,Lombardia,012,Varese,VA,1,Nord-ovest,F002,ITC,ITC4,ITC41,012099,1.929,45.937213,8.858383,311,161.22
012100,Masciago Primo,03,Lombardia,012,Varese,VA,1,Nord-ovest,F007,ITC,ITC4,ITC41,012100,1.953,45.917238,8.78556,275,140.81
012101,Mercallo,03,Lombardia,012,Varese,VA,1,Nord-ovest,F134,ITC,ITC4,ITC41,012101,5.402,45.752788,8.669062,1782,329.88
012102,Mesenzana,03,Lombardia,012,Varese,VA,1,Nord-ovest,F154,ITC,ITC4,ITC41,012102,5.013,45.945677,8.759891,1825,364.05
012103,Montegrino Valtravaglia,03,Lombardia,012,Varese,VA,1,Nord-ovest,F526,ITC,ITC4,ITC41,012103,10.223,45.968041,8.778534,1522,148.88
012104,Monvalle,03,Lombardia,012,Varese,VA,1,Nord-ovest,F703,ITC,ITC4,ITC41,012104,4.519,45.856524,8.630926,1889,418.01
012105,Morazzone,03,Lombardia,012,Varese,VA,1,Nord-ovest,F711,ITC,ITC4,ITC41,012105,5.835,45.762792,8.830711,4320,740.36
012106,Mornago,03,Lombardia,012,Varese,VA,1,Nord-ovest,F736,ITC,ITC4,ITC41,012106,12.219,45.735333,8.750817,4847,396.68
012107,Oggiona con Santo Stefano,03,Lombardia,012,Varese,VA,1,Nord-ovest,G008,ITC,ITC4,ITC41,012107,2.745,45.699142,8.818352,4365,1590.16
012108,Olgiate Olona,03,Lombardia,012,Varese,VA,1,Nord-ovest,G028,ITC,ITC4,ITC41,012108,7.301,45.628851,8.876672,12953,1774.14
012109,Origgio,03,Lombardia,012,Varese,VA,1,Nord-ovest,G103,ITC,ITC4,ITC41,012109,7.818,45.591905,9.006186,8068,1031.98
012110,Orino,03,Lombardia,012,Varese,VA,1,Nord-ovest,G105,ITC,ITC4,ITC41,012110,3.86,45.882209,8.721915,848,219.69
012113,Porto Ceresio,03,Lombardia,012,Varese,VA,1,Nord-ovest,G906,ITC,ITC4,ITC41,012113,5.4,45.908898,8.908406,2785,515.74
012114,Porto Valtravaglia,03,Lombardia,012,Varese,VA,1,Nord-ovest,G907,ITC,ITC4,ITC41,012114,16.315,45.957655,8.696552,2297,140.79
012115,Rancio Valcuvia,03,Lombardia,012,Varese,VA,1,Nord-ovest,H173,ITC,ITC4,ITC41,012115,4.359,45.911645,8.772506,911,208.99
012116,Ranco,03,Lombardia,012,Varese,VA,1,Nord-ovest,H174,ITC,ITC4,ITC41,012116,6.757,45.799913,8.573987,1208,178.78
012117,Saltrio,03,Lombardia,012,Varese,VA,1,Nord-ovest,H723,ITC,ITC4,ITC41,012117,3.505,45.875915,8.925234,3001,856.21
012118,Samarate,03,Lombardia,012,Varese,VA,1,Nord-ovest,H736,ITC,ITC4,ITC41,012118,16.006,45.622081,8.787266,16232,1014.12
012141,Sangiano,03,Lombardia,012,Varese,VA,1,Nord-ovest,H872,ITC,ITC4,ITC41,012141,2.263,45.87716,8.632582,1437,635.0
012119,Saronno,03,Lombardia,012,Varese,VA,1,Nord-ovest,I441,ITC,ITC4,ITC41,012119,11.212,45.629255,9.034684,38812,3461.65
012120,Sesto Calende,03,Lombardia,012,Varese,VA,1,Nord-ovest,I688,ITC,ITC4,ITC41,012120,25.034,45.74372,8.62227,10998,439.32
012121,Solbiate Arno,03,Lombardia,012,Varese,VA,1,Nord-ovest,I793,ITC,ITC4,ITC41,012121,3.196,45.721912,8.816753,4047,1266.27
012122,Solbiate Olona,03,Lombardia,012,Varese,VA,1,Nord-ovest,I794,ITC,ITC4,ITC41,012122,5.041,45.650631,8.874467,5377,1066.65
012123,Somma Lombardo,03,Lombardia,012,Varese,VA,1,Nord-ovest,I819,ITC,ITC4,ITC41,012123,30.228,45.668645,8.704658,17931,593.19
012124,Sumirago,03,Lombardia,012,Varese,VA,1,Nord-ovest,L003,ITC,ITC4,ITC41,012124,11.752,45.739063,8.787291,5978,508.68
012125,Taino,03,Lombardia,012,Varese,VA,1,Nord-ovest,L032,ITC,ITC4,ITC41,012125,7.752,45.764204,8.621296,3554,458.46
012126,Ternate,03,Lombardia,012,Varese,VA,1,Nord-ovest,L115,ITC,ITC4,ITC41,012126,4.66,45.78593,8.697126,2556,548.5
012127,Tradate,03,Lombardia,012,Varese,VA,1,Nord-ovest,L319,ITC,ITC4,ITC41,012127,21.371,45.715996,8.918794,19101,893.78
012128,Travedona-Monate,03,Lombardia,012,Varese,VA,1,Nord-ovest,L342,ITC,ITC4,ITC41,012128,9.68,45.804948,8.673919,3868,399.59
012129,Tronzano Lago Maggiore,03,Lombardia,012,Varese,VA,1,Nord-ovest,A705,ITC,ITC4,ITC41,012129,11.051,46.083989,8.733159,221,20.0
012130,Uboldo,03,Lombardia,012,Varese,VA,1,Nord-ovest,L480,ITC,ITC4,ITC41,012130,10.596,45.607887,8.991186,11139,1051.25
012131,Valganna,03,Lombardia,012,Varese,VA,1,Nord-ovest,L577,ITC,ITC4,ITC41,012131,12.772,45.899704,8.820236,1591,124.57
012132,Varano Borghi,03,Lombardia,012,Varese,VA,1,Nord-ovest,L671,ITC,ITC4,ITC41,012132,3.241,45.772442,8.703762,2492,768.9
012133,Varese,03,Lombardia,012,Varese,VA,1,Nord-ovest,L682,ITC,ITC4,ITC41,012133,54.901,45.832106,8.827143,79100,1440.78
012134,Vedano Olona,03,Lombardia,012,Varese,VA,1,Nord-ovest,L703,ITC,ITC4,ITC41,012134,6.992,45.771092,8.889228,7452,1065.79
012136,Venegono Inferiore,03,Lombardia,012,Varese,VA,1,Nord-ovest,L733,ITC,ITC4,ITC41,012136,6.028,45.738502,8.900324,5922,982.42
012137,Venegono Superiore,03,Lombardia,012,Varese,VA,1,Nord-ovest,L734,ITC,ITC4,ITC41,012137,6.908,45.754579,8.904144,7522,1088.88
012138,Vergiate,03,Lombardia,012,Varese,VA,1,Nord-ovest,L765,ITC,ITC4,ITC41,012138,21.794,45.729069,8.701735,8646,396.71
012139,Viggiù,03,Lombardia,012,Varese,VA,1,Nord-ovest,L876,ITC,ITC4,ITC41,012139,9.182,45.86942,8.902853,5150,560.88
012140,Vizzola Ticino,03,Lombardia,012,Varese,VA,1,Nord-ovest,M101,ITC,ITC4,ITC41,012140,7.629,45.625483,8.685856,594,77.86
042001,Agugliano,11,Marche,042,Ancona,AN,3,Centro,A092,ITI,ITI3,ITI32,042001,21.857,43.557207,13.359882,4632,211.92
042002,Ancona,11,Marche,042,Ancona,AN,3,Centro,A271,ITI,ITI3,ITI32,042002,123.811,43.571428,13.485569,100151,808.9
042003,Arcevia,11,Marche,042,Ancona,AN,3,Centro,A366,ITI,ITI3,ITI32,042003,127.685,43.523783,12.946894,4245,33.25
042004,Barbara,11,Marche,042,Ancona,AN,3,Centro,A626,ITI,ITI3,ITI32,042004,11.021,43.583492,13.018637,1267,114.96
042005,Belvedere Ostrense,11,Marche,042,Ancona,AN,3,Centro,A769,ITI,ITI3,ITI32,042005,29.813,43.569519,13.148719,2070,69.43
042006,Camerano,11,Marche,042,Ancona,AN,3,Centro,B468,ITI,ITI3,ITI32,042006,20.215,43.523983,13.547362,6997,346.13
042007,Camerata Picena,11,Marche,042,Ancona,AN,3,Centro,B470,ITI,ITI3,ITI32,042007,12.116,43.581463,13.364982,2481,204.77
042008,Castelbellino,11,Marche,042,Ancona,AN,3,Centro,C060,ITI,ITI3,ITI32,042008,6.147,43.49442,13.151798,4905,797.95
042010,Castelfidardo,11,Marche,042,Ancona,AN,3,Centro,C100,ITI,ITI3,ITI32,042010,33.24,43.469288,13.577205,18333,551.53
042011,Castelleone di Suasa,11,Marche,042,Ancona,AN,3,Centro,C152,ITI,ITI3,ITI32,042011,15.884,43.610704,12.993938,1542,97.08
042012,Castelplanio,11,Marche,042,Ancona,AN,3,Centro,C248,ITI,ITI3,ITI32,042012,15.11,43.509244,13.103831,3612,239.05
042013,Cerreto d'Esi,11,Marche,042,Ancona,AN,3,Centro,C524,ITI,ITI3,ITI32,042013,17.179,43.320003,12.992347,3333,194.02
042014,Chiaravalle,11,Marche,042,Ancona,AN,3,Centro,C615,ITI,ITI3,ITI32,042014,17.507,43.609436,13.317906,14179,809.9
042015,Corinaldo,11,Marche,042,Ancona,AN,3,Centro,D007,ITI,ITI3,ITI32,042015,48.983,43.646864,13.043798,4729,96.54
042016,Cupramontana,11,Marche,042,Ancona,AN,3,Centro,D211,ITI,ITI3,ITI32,042016,27.06,43.449559,13.11923,4321,159.68
042017,Fabriano,11,Marche,042,Ancona,AN,3,Centro,D451,ITI,ITI3,ITI32,042017,270.858,43.321668,12.881006,28469,105.11
042018,Falconara Marittima,11,Marche,042,Ancona,AN,3,Centro,D472,ITI,ITI3,ITI32,042018,26.225,43.619578,13.384183,26022,992.26
042019,Filottrano,11,Marche,042,Ancona,AN,3,Centro,D597,ITI,ITI3,ITI32,042019,71.233,43.435557,13.347511,8849,124.23
042020,Genga,11,Marche,042,Ancona,AN,3,Centro,D965,ITI,ITI3,ITI32,042020,73.137,43.42721,12.934583,1612,22.04
042021,Jesi,11,Marche,042,Ancona,AN,3,Centro,E388,ITI,ITI3,ITI32,042021,108.651,43.524694,13.257162,39430,362.91
042022,Loreto,11,Marche,042,Ancona,AN,3,Centro,E690,ITI,ITI3,ITI32,042022,17.985,43.436458,13.62381,13083,727.44
042023,Maiolati Spontini,11,Marche,042,Ancona,AN,3,Centro,E837,ITI,ITI3,ITI32,042023,21.461,43.498179,13.131224,5927,276.18
042024,Mergo,11,Marche,042,Ancona,AN,3,Centro,F145,ITI,ITI3,ITI32,042024,7.24,43.473714,13.036324,970,133.98
042025,Monsano,11,Marche,042,Ancona,AN,3,Centro,F381,ITI,ITI3,ITI32,042025,14.661,43.565936,13.264385,3184,217.17
042029,Monte Roberto,11,Marche,042,Ancona,AN,3,Centro,F600,ITI,ITI3,ITI32,042029,13.594,43.482654,13.181523,2992,220.1
042030,Monte San Vito,11,Marche,042,Ancona,AN,3,Centro,F634,ITI,ITI3,ITI32,042030,21.823,43.606036,13.269839,6680,306.1
042026,Montecarotto,11,Marche,042,Ancona,AN,3,Centro,F453,ITI,ITI3,ITI32,042026,24.249,43.540162,13.08514,1849,76.25
042027,Montemarciano,11,Marche,042,Ancona,AN,3,Centro,F560,ITI,ITI3,ITI32,042027,22.321,43.642759,13.305999,9827,440.26
042031,Morro d'Alba,11,Marche,042,Ancona,AN,3,Centro,F745,ITI,ITI3,ITI32,042031,19.353,43.610592,13.218568,1800,93.01
042032,Numana,11,Marche,042,Ancona,AN,3,Centro,F978,ITI,ITI3,ITI32,042032,10.988,43.492525,13.614288,3737,340.1
042033,Offagna,11,Marche,042,Ancona,AN,3,Centro,G003,ITI,ITI3,ITI32,042033,10.776,43.531088,13.447263,2117,196.46
042034,Osimo,11,Marche,042,Ancona,AN,3,Centro,G157,ITI,ITI3,ITI32,042034,106.182,43.48499,13.450452,34780,327.55
042035,Ostra,11,Marche,042,Ancona,AN,3,Centro,F401,ITI,ITI3,ITI32,042035,47.016,43.603027,13.150588,6216,132.21
042036,Ostra Vetere,11,Marche,042,Ancona,AN,3,Centro,F581,ITI,ITI3,ITI32,042036,30.167,43.602151,13.070026,3042,100.84
042037,Poggio San Marcello,11,Marche,042,Ancona,AN,3,Centro,G771,ITI,ITI3,ITI32,042037,13.19,43.519455,13.091612,683,51.78
042038,Polverigi,11,Marche,042,Ancona,AN,3,Centro,G803,ITI,ITI3,ITI32,042038,24.952,43.51927,13.377983,4539,181.91
042040,Rosora,11,Marche,042,Ancona,AN,3,Centro,H575,ITI,ITI3,ITI32,042040,9.398,43.486979,13.052262,1788,190.25
042041,San Marcello,11,Marche,042,Ancona,AN,3,Centro,H979,ITI,ITI3,ITI32,042041,25.719,43.555488,13.196329,2006,78.0
042042,San Paolo di Jesi,11,Marche,042,Ancona,AN,3,Centro,I071,ITI,ITI3,ITI32,042042,10.051,43.462638,13.181783,909,90.44
042043,Santa Maria Nuova,11,Marche,042,Ancona,AN,3,Centro,I251,ITI,ITI3,ITI32,042043,18.444,43.487707,13.327132,3880,210.37
042044,Sassoferrato,11,Marche,042,Ancona,AN,3,Centro,I461,ITI,ITI3,ITI32,042044,137.072,43.450233,12.83252,6797,49.59
042045,Senigallia,11,Marche,042,Ancona,AN,3,Centro,I608,ITI,ITI3,ITI32,042045,117.895,43.675608,13.21529,43808,371.58
042047,Serra San Quirico,11,Marche,042,Ancona,AN,3,Centro,I653,ITI,ITI3,ITI32,042047,49.334,43.431396,13.036155,2469,50.05
042046,Serra de' Conti,11,Marche,042,Ancona,AN,3,Centro,I643,ITI,ITI3,ITI32,042046,24.468,43.543233,13.033245,3515,143.66
042048,Sirolo,11,Marche,042,Ancona,AN,3,Centro,I758,ITI,ITI3,ITI32,042048,16.762,43.518573,13.60635,4090,244.0
042049,Staffolo,11,Marche,042,Ancona,AN,3,Centro,I932,ITI,ITI3,ITI32,042049,27.5,43.440268,13.18834,2149,78.15
042050,Trecastelli,11,Marche,042,Ancona,AN,3,Centro,M318,ITI,ITI3,ITI32,042050,38.631,43.685929,13.107325,7597,196.66
044001,Acquasanta Terme,11,Marche,044,Ascoli Piceno,AP,3,Centro,A044,ITI,ITI3,ITI34,044001,138.554,42.759366,13.421008,2411,17.4
044002,Acquaviva Picena,11,Marche,044,Ascoli Piceno,AP,3,Centro,A047,ITI,ITI3,ITI34,044002,20.981,42.940079,13.810746,3586,170.92
044005,Appignano del Tronto,11,Marche,044,Ascoli Piceno,AP,3,Centro,A335,ITI,ITI3,ITI34,044005,23.266,42.894258,13.656426,1641,70.53
044006,Arquata del Tronto,11,Marche,044,Ascoli Piceno,AP,3,Centro,A437,ITI,ITI3,ITI34,044006,91.829,42.759897,13.291925,910,9.91
044007,Ascoli Piceno,11,Marche,044,Ascoli Piceno,AP,3,Centro,A462,ITI,ITI3,ITI34,044007,157.541,42.848616,13.583262,45193,286.87
044010,Carassai,11,Marche,044,Ascoli Piceno,AP,3,Centro,B727,ITI,ITI3,ITI34,044010,22.06,43.027983,13.670391,1042,47.23
044011,Castel di Lama,11,Marche,044,Ascoli Piceno,AP,3,Centro,C093,ITI,ITI3,ITI34,044011,10.956,42.881069,13.702666,8412,767.8
044012,Castignano,11,Marche,044,Ascoli Piceno,AP,3,Centro,C321,ITI,ITI3,ITI34,044012,38.469,42.932861,13.622674,2511,65.27
044013,Castorano,11,Marche,044,Ascoli Piceno,AP,3,Centro,C331,ITI,ITI3,ITI34,044013,14.083,42.888503,13.738388,2274,161.47
044014,Colli del Tronto,11,Marche,044,Ascoli Piceno,AP,3,Centro,C877,ITI,ITI3,ITI34,044014,5.947,42.875085,13.744502,3681,618.97
044015,Comunanza,11,Marche,044,Ascoli Piceno,AP,3,Centro,C935,ITI,ITI3,ITI34,044015,54.243,42.918976,13.430317,2919,53.81
044016,Cossignano,11,Marche,044,Ascoli Piceno,AP,3,Centro,D096,ITI,ITI3,ITI34,044016,15.31,42.984718,13.68482,879,57.41
044017,Cupra Marittima,11,Marche,044,Ascoli Piceno,AP,3,Centro,D210,ITI,ITI3,ITI34,044017,17.351,43.0239,13.839004,5343,307.94
044020,Folignano,11,Marche,044,Ascoli Piceno,AP,3,Centro,D652,ITI,ITI3,ITI34,044020,14.918,42.821081,13.649976,8649,579.77
044021,Force,11,Marche,044,Ascoli Piceno,AP,3,Centro,D691,ITI,ITI3,ITI34,044021,34.601,42.961264,13.491529,1080,31.21
044023,Grottammare,11,Marche,044,Ascoli Piceno,AP,3,Centro,E207,ITI,ITI3,ITI34,044023,17.879,42.986358,13.848041,15913,890.04
044027,Maltignano,11,Marche,044,Ascoli Piceno,AP,3,Centro,E868,ITI,ITI3,ITI34,044027,8.268,42.831499,13.688777,2173,262.82
044029,Massignano,11,Marche,044,Ascoli Piceno,AP,3,Centro,F044,ITI,ITI3,ITI34,044029,16.497,43.046851,13.810196,1609,97.53
044031,Monsampolo del Tronto,11,Marche,044,Ascoli Piceno,AP,3,Centro,F380,ITI,ITI3,ITI34,044031,15.368,42.900177,13.790354,4379,284.94
044032,Montalto delle Marche,11,Marche,044,Ascoli Piceno,AP,3,Centro,F415,ITI,ITI3,ITI34,044032,33.82,42.987445,13.619439,1814,53.64
044034,Montedinove,11,Marche,044,Ascoli Piceno,AP,3,Centro,F487,ITI,ITI3,ITI34,044034,11.976,42.973575,13.582631,443,36.99
044036,Montefiore dell'Aso,11,Marche,044,Ascoli Piceno,AP,3,Centro,F501,ITI,ITI3,ITI34,044036,27.923,43.050682,13.743319,1946,69.69
044038,Montegallo,11,Marche,044,Ascoli Piceno,AP,3,Centro,F516,ITI,ITI3,ITI34,044038,48.108,42.843897,13.326916,364,7.57
044044,Montemonaco,11,Marche,044,Ascoli Piceno,AP,3,Centro,F570,ITI,ITI3,ITI34,044044,67.398,42.870784,13.28098,518,7.69
044045,Monteprandone,11,Marche,044,Ascoli Piceno,AP,3,Centro,F591,ITI,ITI3,ITI34,044045,26.786,42.907438,13.836728,13111,489.47
044054,Offida,11,Marche,044,Ascoli Piceno,AP,3,Centro,G005,ITI,ITI3,ITI34,044054,49.043,42.939364,13.717097,4569,93.16
044056,Palmiano,11,Marche,044,Ascoli Piceno,AP,3,Centro,G289,ITI,ITI3,ITI34,044056,12.358,42.916908,13.469691,150,12.14
044063,Ripatransone,11,Marche,044,Ascoli Piceno,AP,3,Centro,H321,ITI,ITI3,ITI34,044063,74.147,42.987245,13.766295,4105,55.36
044064,Roccafluvione,11,Marche,044,Ascoli Piceno,AP,3,Centro,H390,ITI,ITI3,ITI34,044064,60.919,42.852858,13.439543,1816,29.81
044065,Rotella,11,Marche,044,Ascoli Piceno,AP,3,Centro,H588,ITI,ITI3,ITI34,044065,27.423,42.955831,13.552999,764,27.86
044066,San Benedetto del Tronto,11,Marche,044,Ascoli Piceno,AP,3,Centro,H769,ITI,ITI3,ITI34,044066,25.151,42.927883,13.879016,46976,1867.76
044071,Spinetoli,11,Marche,044,Ascoli Piceno,AP,3,Centro,I912,ITI,ITI3,ITI34,044071,12.258,42.88235,13.774418,7159,584.03
044073,Venarotta,11,Marche,044,Ascoli Piceno,AP,3,Centro,L728,ITI,ITI3,ITI34,044073,29.979,42.891715,13.494582,1862,62.11
109001,Altidona,11,Marche,109,Fermo,FM,3,Centro,A233,ITI,ITI3,ITI35,109001,13.005,43.105238,13.812501,3799,292.12
109002,Amandola,11,Marche,109,Fermo,FM,3,Centro,A252,ITI,ITI3,ITI35,109002,69.176,42.997176,13.355286,3206,46.35
109003,Belmonte Piceno,11,Marche,109,Fermo,FM,3,Centro,A760,ITI,ITI3,ITI35,109003,10.511,43.091186,13.540351,545,51.85
109004,Campofilone,11,Marche,109,Fermo,FM,3,Centro,B534,ITI,ITI3,ITI35,109004,12.054,43.078929,13.816537,1930,160.11
109005,Falerone,11,Marche,109,Fermo,FM,3,Centro,D477,ITI,ITI3,ITI35,109005,24.534,43.102748,13.470788,3148,128.31
109006,Fermo,11,Marche,109,Fermo,FM,3,Centro,D542,ITI,ITI3,ITI35,109006,123.922,43.171664,13.727807,35853,289.32
109007,Francavilla d'Ete,11,Marche,109,Fermo,FM,3,Centro,D760,ITI,ITI3,ITI35,109007,10.047,43.192662,13.537372,914,90.97
109008,Grottazzolina,11,Marche,109,Fermo,FM,3,Centro,E208,ITI,ITI3,ITI35,109008,9.162,43.114643,13.604142,3239,353.53
109009,Lapedona,11,Marche,109,Fermo,FM,3,Centro,E447,ITI,ITI3,ITI35,109009,14.893,43.103765,13.76508,1144,76.81
109010,Magliano di Tenna,11,Marche,109,Fermo,FM,3,Centro,E807,ITI,ITI3,ITI35,109010,8.149,43.134011,13.593586,1405,172.41
109011,Massa Fermana,11,Marche,109,Fermo,FM,3,Centro,F021,ITI,ITI3,ITI35,109011,7.754,43.152747,13.48056,819,105.62
109012,Monsampietro Morico,11,Marche,109,Fermo,FM,3,Centro,F379,ITI,ITI3,ITI35,109012,9.895,43.055454,13.556335,582,58.82
109013,Montappone,11,Marche,109,Fermo,FM,3,Centro,F428,ITI,ITI3,ITI35,109013,10.184,43.138764,13.465066,1537,150.92
109016,Monte Giberto,11,Marche,109,Fermo,FM,3,Centro,F517,ITI,ITI3,ITI35,109016,12.544,43.101006,13.623975,737,58.75
109021,Monte Rinaldo,11,Marche,109,Fermo,FM,3,Centro,F599,ITI,ITI3,ITI35,109021,8.04,43.029709,13.575851,302,37.56
109023,Monte San Pietrangeli,11,Marche,109,Fermo,FM,3,Centro,F626,ITI,ITI3,ITI35,109023,18.553,43.191307,13.574686,2147,115.72
109024,Monte Urano,11,Marche,109,Fermo,FM,3,Centro,F653,ITI,ITI3,ITI35,109024,16.807,43.196024,13.672481,7777,462.72
109025,Monte Vidon Combatte,11,Marche,109,Fermo,FM,3,Centro,F664,ITI,ITI3,ITI35,109025,11.103,43.054315,13.622259,394,35.49
109026,Monte Vidon Corrado,11,Marche,109,Fermo,FM,3,Centro,F665,ITI,ITI3,ITI35,109026,6.122,43.12304,13.48293,666,108.79
109014,Montefalcone Appennino,11,Marche,109,Fermo,FM,3,Centro,F493,ITI,ITI3,ITI35,109014,15.535,42.993418,13.467353,363,23.37
109015,Montefortino,11,Marche,109,Fermo,FM,3,Centro,F509,ITI,ITI3,ITI35,109015,78.411,42.927291,13.314911,1014,12.93
109017,Montegiorgio,11,Marche,109,Fermo,FM,3,Centro,F520,ITI,ITI3,ITI35,109017,47.145,43.136343,13.535604,6236,132.27
109018,Montegranaro,11,Marche,109,Fermo,FM,3,Centro,F522,ITI,ITI3,ITI35,109018,31.302,43.238911,13.631783,12482,398.76
109019,Monteleone di Fermo,11,Marche,109,Fermo,FM,3,Centro,F536,ITI,ITI3,ITI35,109019,8.165,43.057549,13.532564,351,42.99
109020,Montelparo,11,Marche,109,Fermo,FM,3,Centro,F549,ITI,ITI3,ITI35,109020,21.595,43.017083,13.549774,684,31.67
109022,Monterubbiano,11,Marche,109,Fermo,FM,3,Centro,F614,ITI,ITI3,ITI35,109022,32.167,43.087366,13.705648,1964,61.06
109027,Montottone,11,Marche,109,Fermo,FM,3,Centro,F697,ITI,ITI3,ITI35,109027,16.298,43.07007,13.587431,890,54.61
109028,Moresco,11,Marche,109,Fermo,FM,3,Centro,F722,ITI,ITI3,ITI35,109028,6.408,43.079183,13.752165,510,79.59
109029,Ortezzano,11,Marche,109,Fermo,FM,3,Centro,G137,ITI,ITI3,ITI35,109029,7.099,43.029994,13.609516,730,102.83
109030,Pedaso,11,Marche,109,Fermo,FM,3,Centro,G403,ITI,ITI3,ITI35,109030,3.941,43.09109,13.834583,2819,715.3
109031,Petritoli,11,Marche,109,Fermo,FM,3,Centro,G516,ITI,ITI3,ITI35,109031,23.982,43.061284,13.662387,2086,86.98
109032,Ponzano di Fermo,11,Marche,109,Fermo,FM,3,Centro,G873,ITI,ITI3,ITI35,109032,14.248,43.109774,13.661428,1589,111.52
109033,Porto San Giorgio,11,Marche,109,Fermo,FM,3,Centro,G920,ITI,ITI3,ITI35,109033,8.977,43.180666,13.7812,15488,1725.3
109034,Porto Sant'Elpidio,11,Marche,109,Fermo,FM,3,Centro,G921,ITI,ITI3,ITI35,109034,18.198,43.262184,13.743328,25735,1414.17
109035,Rapagnano,11,Marche,109,Fermo,FM,3,Centro,H182,ITI,ITI3,ITI35,109035,12.483,43.156519,13.609342,1908,152.85
109037,Sant'Elpidio a Mare,11,Marche,109,Fermo,FM,3,Centro,I324,ITI,ITI3,ITI35,109037,50.209,43.243406,13.687596,16325,325.14
109036,Santa Vittoria in Matenano,11,Marche,109,Fermo,FM,3,Centro,I315,ITI,ITI3,ITI35,109036,26.019,43.019117,13.490024,1109,42.62
109038,Servigliano,11,Marche,109,Fermo,FM,3,Centro,C070,ITI,ITI3,ITI35,109038,18.534,43.067479,13.492408,2205,118.97
109039,Smerillo,11,Marche,109,Fermo,FM,3,Centro,I774,ITI,ITI3,ITI35,109039,11.604,43.003953,13.429818,330,28.44
109040,Torre San Patrizio,11,Marche,109,Fermo,FM,3,Centro,L279,ITI,ITI3,ITI35,109040,11.958,43.187816,13.622551,1810,151.36
043002,Apiro,11,Marche,043,Macerata,MC,3,Centro,A329,ITI,ITI3,ITI33,043002,53.489,43.379395,13.118479,2015,37.67
043003,Appignano,11,Marche,043,Macerata,MC,3,Centro,A334,ITI,ITI3,ITI33,043003,22.954,43.37202,13.358077,4119,179.45
043004,Belforte del Chienti,11,Marche,043,Macerata,MC,3,Centro,A739,ITI,ITI3,ITI33,043004,15.963,43.161463,13.242225,1829,114.58
043005,Bolognola,11,Marche,043,Macerata,MC,3,Centro,A947,ITI,ITI3,ITI33,043005,26.122,42.987109,13.219519,148,5.67
043006,Caldarola,11,Marche,043,Macerata,MC,3,Centro,B398,ITI,ITI3,ITI33,043006,29.264,43.125055,13.20092,1621,55.39
043007,Camerino,11,Marche,043,Macerata,MC,3,Centro,B474,ITI,ITI3,ITI33,043007,129.446,43.13747,13.074777,5935,45.85
043008,Camporotondo di Fiastrone,11,Marche,043,Macerata,MC,3,Centro,B562,ITI,ITI3,ITI33,043008,8.828,43.138282,13.265909,461,52.22
043009,Castelraimondo,11,Marche,043,Macerata,MC,3,Centro,C251,ITI,ITI3,ITI33,043009,44.349,43.202858,13.047732,4180,94.25
043010,Castelsantangelo sul Nera,11,Marche,043,Macerata,MC,3,Centro,C267,ITI,ITI3,ITI33,043010,70.819,42.88026,13.175631,207,2.92
043011,Cessapalombo,11,Marche,043,Macerata,MC,3,Centro,C582,ITI,ITI3,ITI33,043011,27.217,43.083146,13.239856,409,15.03
043012,Cingoli,11,Marche,043,Macerata,MC,3,Centro,C704,ITI,ITI3,ITI33,043012,148.063,43.391156,13.246693,9438,63.74
043013,Civitanova Marche,11,Marche,043,Macerata,MC,3,Centro,C770,ITI,ITI3,ITI33,043013,45.832,43.310512,13.694796,41929,914.84
043014,Colmurano,11,Marche,043,Macerata,MC,3,Centro,C886,ITI,ITI3,ITI33,043014,11.015,43.170237,13.361346,1121,101.77
043015,Corridonia,11,Marche,043,Macerata,MC,3,Centro,D042,ITI,ITI3,ITI33,043015,61.681,43.252005,13.496313,14684,238.06
043016,Esanatoglia,11,Marche,043,Macerata,MC,3,Centro,D429,ITI,ITI3,ITI33,043016,48.242,43.249446,12.929304,1877,38.91
043017,Fiastra,11,Marche,043,Macerata,MC,3,Centro,D564,ITI,ITI3,ITI33,043017,84.25,43.031304,13.163841,600,7.12
043019,Fiuminata,11,Marche,043,Macerata,MC,3,Centro,D628,ITI,ITI3,ITI33,043019,75.878,43.157523,12.891832,1194,15.74
043020,Gagliole,11,Marche,043,Macerata,MC,3,Centro,D853,ITI,ITI3,ITI33,043020,23.919,43.25219,13.080066,513,21.45
043021,Gualdo,11,Marche,043,Macerata,MC,3,Centro,E228,ITI,ITI3,ITI33,043021,22.077,43.068732,13.353145,700,31.71
043022,Loro Piceno,11,Marche,043,Macerata,MC,3,Centro,E694,ITI,ITI3,ITI33,043022,32.405,43.166748,13.418344,2155,66.5
043023,Macerata,11,Marche,043,Macerata,MC,3,Centro,E783,ITI,ITI3,ITI33,043023,92.267,43.30294,13.46287,40689,440.99
043024,Matelica,11,Marche,043,Macerata,MC,3,Centro,F051,ITI,ITI3,ITI33,043024,81.266,43.267676,13.032439,9026,111.07
043025,Mogliano,11,Marche,043,Macerata,MC,3,Centro,F268,ITI,ITI3,ITI33,043025,29.283,43.189896,13.480852,4245,144.96
043027,Monte Cavallo,11,Marche,043,Macerata,MC,3,Centro,F460,ITI,ITI3,ITI33,043027,38.631,42.988564,12.983887,100,2.59
043031,Monte San Giusto,11,Marche,043,Macerata,MC,3,Centro,F621,ITI,ITI3,ITI33,043031,20.066,43.238452,13.581483,7411,369.33
043032,Monte San Martino,11,Marche,043,Macerata,MC,3,Centro,F622,ITI,ITI3,ITI33,043032,18.837,43.033313,13.425304,668,35.46
043026,Montecassiano,11,Marche,043,Macerata,MC,3,Centro,F454,ITI,ITI3,ITI33,043026,33.664,43.359889,13.439119,6694,198.85
043028,Montecosaro,11,Marche,043,Macerata,MC,3,Centro,F482,ITI,ITI3,ITI33,043028,21.751,43.302114,13.633941,7370,338.83
043029,Montefano,11,Marche,043,Macerata,MC,3,Centro,F496,ITI,ITI3,ITI33,043029,33.639,43.411766,13.408283,3304,98.22
043030,Montelupone,11,Marche,043,Macerata,MC,3,Centro,F552,ITI,ITI3,ITI33,043030,32.767,43.341433,13.557777,3380,103.15
043033,Morrovalle,11,Marche,043,Macerata,MC,3,Centro,F749,ITI,ITI3,ITI33,043033,42.343,43.299967,13.573165,9773,230.81
043034,Muccia,11,Marche,043,Macerata,MC,3,Centro,F793,ITI,ITI3,ITI33,043034,25.817,43.073861,13.043353,786,30.45
043035,Penna San Giovanni,11,Marche,043,Macerata,MC,3,Centro,G436,ITI,ITI3,ITI33,043035,27.742,43.058358,13.420336,901,32.48
043036,Petriolo,11,Marche,043,Macerata,MC,3,Centro,G515,ITI,ITI3,ITI33,043036,15.648,43.217089,13.462857,1821,116.37
043038,Pieve Torina,11,Marche,043,Macerata,MC,3,Centro,G657,ITI,ITI3,ITI33,043038,74.867,43.007807,13.056416,1204,16.08
043039,Pioraco,11,Marche,043,Macerata,MC,3,Centro,G690,ITI,ITI3,ITI33,043039,19.776,43.185114,12.98931,915,46.27
043040,Poggio San Vicino,11,Marche,043,Macerata,MC,3,Centro,D566,ITI,ITI3,ITI33,043040,13.16,43.360198,13.072143,195,14.82
043041,Pollenza,11,Marche,043,Macerata,MC,3,Centro,F567,ITI,ITI3,ITI33,043041,39.325,43.268443,13.354776,6149,156.36
043042,Porto Recanati,11,Marche,043,Macerata,MC,3,Centro,G919,ITI,ITI3,ITI33,043042,16.941,43.436475,13.660895,12734,751.67
043043,Potenza Picena,11,Marche,043,Macerata,MC,3,Centro,F632,ITI,ITI3,ITI33,043043,48.376,43.370321,13.641435,15470,319.79
043044,Recanati,11,Marche,043,Macerata,MC,3,Centro,H211,ITI,ITI3,ITI33,043044,103.208,43.400084,13.533537,20558,199.19
043045,Ripe San Ginesio,11,Marche,043,Macerata,MC,3,Centro,H323,ITI,ITI3,ITI33,043045,10.284,43.143597,13.370171,797,77.5
043046,San Ginesio,11,Marche,043,Macerata,MC,3,Centro,H876,ITI,ITI3,ITI33,043046,77.902,43.097812,13.31134,3047,39.11
043047,San Severino Marche,11,Marche,043,Macerata,MC,3,Centro,I156,ITI,ITI3,ITI33,043047,193.941,43.269494,13.185921,11793,60.81
043048,Sant'Angelo in Pontano,11,Marche,043,Macerata,MC,3,Centro,I286,ITI,ITI3,ITI33,043048,27.469,43.104324,13.398213,1219,44.38
043049,Sarnano,11,Marche,043,Macerata,MC,3,Centro,I436,ITI,ITI3,ITI33,043049,62.83,43.014193,13.277413,3058,48.67
043050,Sefro,11,Marche,043,Macerata,MC,3,Centro,I569,ITI,ITI3,ITI33,043050,42.16,43.132737,12.953248,425,10.08
043051,Serrapetrona,11,Marche,043,Macerata,MC,3,Centro,I651,ITI,ITI3,ITI33,043051,37.459,43.172141,13.176869,848,22.64
043052,Serravalle di Chienti,11,Marche,043,Macerata,MC,3,Centro,I661,ITI,ITI3,ITI33,043052,95.94,43.024716,12.925644,1035,10.79
043053,Tolentino,11,Marche,043,Macerata,MC,3,Centro,L191,ITI,ITI3,ITI33,043053,94.96,43.206315,13.295628,17439,183.65
043054,Treia,11,Marche,043,Macerata,MC,3,Centro,L366,ITI,ITI3,ITI33,043054,93.093,43.317731,13.318008,9002,96.7
043055,Urbisaglia,11,Marche,043,Macerata,MC,3,Centro,L501,ITI,ITI3,ITI33,043055,22.874,43.20556,13.385419,2363,103.31
043056,Ussita,11,Marche,043,Macerata,MC,3,Centro,L517,ITI,ITI3,ITI33,043056,54.947,42.940397,13.165346,332,6.04
043058,Valfornace,11,Marche,043,Macerata,MC,3,Centro,M382,ITI,ITI3,ITI33,043058,48.154,43.096899,13.161301,883,18.34
043057,Visso,11,Marche,043,Macerata,MC,3,Centro,M078,ITI,ITI3,ITI33,043057,100.603,42.923375,13.051259,920,9.14
041001,Acqualagna,11,Marche,041,Pesaro e Urbino,PU,3,Centro,A035,ITI,ITI3,ITI31,041001,50.699,43.638835,12.591041,4153,81.91
041002,Apecchio,11,Marche,041,Pesaro e Urbino,PU,3,Centro,A327,ITI,ITI3,ITI31,041002,103.572,43.561131,12.429048,1663,16.06
041005,Belforte all'Isauro,11,Marche,041,Pesaro e Urbino,PU,3,Centro,A740,ITI,ITI3,ITI31,041005,12.218,43.709866,12.384562,728,59.58
041006,Borgo Pace,11,Marche,041,Pesaro e Urbino,PU,3,Centro,B026,ITI,ITI3,ITI31,041006,56.075,43.645767,12.244019,520,9.27
041007,Cagli,11,Marche,041,Pesaro e Urbino,PU,3,Centro,B352,ITI,ITI3,ITI31,041007,225.811,43.560022,12.662377,7878,34.89
041008,Cantiano,11,Marche,041,Pesaro e Urbino,PU,3,Centro,B636,ITI,ITI3,ITI31,041008,83.272,43.468013,12.627163,1962,23.56
041009,Carpegna,11,Marche,041,Pesaro e Urbino,PU,3,Centro,B816,ITI,ITI3,ITI31,041009,29.205,43.78198,12.325189,1674,57.32
041010,Cartoceto,11,Marche,041,Pesaro e Urbino,PU,3,Centro,B846,ITI,ITI3,ITI31,041010,23.431,43.782559,12.902449,7955,339.51
041069,Colli al Metauro,11,Marche,041,Pesaro e Urbino,PU,3,Centro,M380,ITI,ITI3,ITI31,041069,46.547,43.751817,12.900621,12349,265.3
041013,Fano,11,Marche,041,Pesaro e Urbino,PU,3,Centro,D488,ITI,ITI3,ITI31,041013,119.799,43.817268,12.990706,59871,499.76
041014,Fermignano,11,Marche,041,Pesaro e Urbino,PU,3,Centro,D541,ITI,ITI3,ITI31,041014,43.76,43.666294,12.642057,8268,188.94
041015,Fossombrone,11,Marche,041,Pesaro e Urbino,PU,3,Centro,D749,ITI,ITI3,ITI31,041015,106.768,43.657697,12.807732,9028,84.56
041016,Fratte Rosa,11,Marche,041,Pesaro e Urbino,PU,3,Centro,D791,ITI,ITI3,ITI31,041016,15.524,43.639376,12.911098,827,53.27
041017,Frontino,11,Marche,041,Pesaro e Urbino,PU,3,Centro,D807,ITI,ITI3,ITI31,041017,10.385,43.76801,12.361897,290,27.92
041018,Frontone,11,Marche,041,Pesaro e Urbino,PU,3,Centro,D808,ITI,ITI3,ITI31,041018,35.952,43.499089,12.718356,1192,33.16
041019,Gabicce Mare,11,Marche,041,Pesaro e Urbino,PU,3,Centro,D836,ITI,ITI3,ITI31,041019,5.062,43.956967,12.768713,5411,1068.95
041020,Gradara,11,Marche,041,Pesaro e Urbino,PU,3,Centro,E122,ITI,ITI3,ITI31,041020,18.041,43.934069,12.776326,4899,271.55
041021,Isola del Piano,11,Marche,041,Pesaro e Urbino,PU,3,Centro,E351,ITI,ITI3,ITI31,041021,23.419,43.728547,12.777114,517,22.08
041022,Lunano,11,Marche,041,Pesaro e Urbino,PU,3,Centro,E743,ITI,ITI3,ITI31,041022,14.981,43.752959,12.429566,1412,94.25
041023,Macerata Feltria,11,Marche,041,Pesaro e Urbino,PU,3,Centro,E785,ITI,ITI3,ITI31,041023,40.004,43.809498,12.448035,1880,47.0
041025,Mercatello sul Metauro,11,Marche,041,Pesaro e Urbino,PU,3,Centro,F135,ITI,ITI3,ITI31,041025,68.781,43.634415,12.350204,1320,19.19
041026,Mercatino Conca,11,Marche,041,Pesaro e Urbino,PU,3,Centro,F136,ITI,ITI3,ITI31,041026,13.7,43.864254,12.517691,1078,78.69
041027,Mombaroccio,11,Marche,041,Pesaro e Urbino,PU,3,Centro,F310,ITI,ITI3,ITI31,041027,28.013,43.805912,12.867214,2156,76.96
041028,Mondavio,11,Marche,041,Pesaro e Urbino,PU,3,Centro,F347,ITI,ITI3,ITI31,041028,29.416,43.657502,12.977754,3592,122.11
041029,Mondolfo,11,Marche,041,Pesaro e Urbino,PU,3,Centro,F348,ITI,ITI3,ITI31,041029,24.942,43.754202,13.127018,14406,577.58
041031,Monte Cerignone,11,Marche,041,Pesaro e Urbino,PU,3,Centro,F467,ITI,ITI3,ITI31,041031,18.212,43.847709,12.416346,568,31.19
041035,Monte Grimano Terme,11,Marche,041,Pesaro e Urbino,PU,3,Centro,F524,ITI,ITI3,ITI31,041035,23.767,43.867043,12.445772,1137,47.84
041038,Monte Porzio,11,Marche,041,Pesaro e Urbino,PU,3,Centro,F589,ITI,ITI3,ITI31,041038,18.362,43.70008,13.046349,2852,155.32
041030,Montecalvo in Foglia,11,Marche,041,Pesaro e Urbino,PU,3,Centro,F450,ITI,ITI3,ITI31,041030,18.361,43.806436,12.634654,2779,151.35
041034,Montefelcino,11,Marche,041,Pesaro e Urbino,PU,3,Centro,F497,ITI,ITI3,ITI31,041034,38.755,43.75429,12.798622,2427,62.62
041036,Montelabbate,11,Marche,041,Pesaro e Urbino,PU,3,Centro,F533,ITI,ITI3,ITI31,041036,19.931,43.826757,12.763779,7066,354.52
041041,Peglio,11,Marche,041,Pesaro e Urbino,PU,3,Centro,G416,ITI,ITI3,ITI31,041041,21.325,43.701227,12.500086,690,32.36
041043,Pergola,11,Marche,041,Pesaro e Urbino,PU,3,Centro,G453,ITI,ITI3,ITI31,041043,112.243,43.574682,12.864729,5745,51.18
041044,Pesaro,11,Marche,041,Pesaro e Urbino,PU,3,Centro,G479,ITI,ITI3,ITI31,041044,152.445,43.866256,12.86899,95270,624.95
041045,Petriano,11,Marche,041,Pesaro e Urbino,PU,3,Centro,G514,ITI,ITI3,ITI31,041045,11.351,43.779859,12.727986,2814,247.91
041047,Piandimeleto,11,Marche,041,Pesaro e Urbino,PU,3,Centro,G551,ITI,ITI3,ITI31,041047,39.171,43.749713,12.377797,2052,52.39
041048,Pietrarubbia,11,Marche,041,Pesaro e Urbino,PU,3,Centro,G627,ITI,ITI3,ITI31,041048,13.35,43.798289,12.379867,652,48.84
041049,Piobbico,11,Marche,041,Pesaro e Urbino,PU,3,Centro,G682,ITI,ITI3,ITI31,041049,47.735,43.583789,12.502577,1808,37.88
041051,San Costanzo,11,Marche,041,Pesaro e Urbino,PU,3,Centro,H809,ITI,ITI3,ITI31,041051,40.705,43.7586,13.046814,4648,114.19
041054,San Lorenzo in Campo,11,Marche,041,Pesaro e Urbino,PU,3,Centro,H958,ITI,ITI3,ITI31,041054,28.881,43.618655,12.937394,3157,109.31
041057,Sant'Angelo in Vado,11,Marche,041,Pesaro e Urbino,PU,3,Centro,I287,ITI,ITI3,ITI31,041057,66.779,43.655046,12.41663,3905,58.48
041058,Sant'Ippolito,11,Marche,041,Pesaro e Urbino,PU,3,Centro,I344,ITI,ITI3,ITI31,041058,19.917,43.686669,12.874488,1506,75.61
041071,Sassocorvaro Auditore,11,Marche,041,Pesaro e Urbino,PU,3,Centro,M413,ITI,ITI3,ITI31,041071,87.783,43.796908,12.534925,4875,55.53
041061,Serra Sant'Abbondio,11,Marche,041,Pesaro e Urbino,PU,3,Centro,I654,ITI,ITI3,ITI31,041061,32.794,43.492127,12.76652,846,25.8
041064,Tavoleto,11,Marche,041,Pesaro e Urbino,PU,3,Centro,L078,ITI,ITI3,ITI31,041064,12.329,43.844994,12.542544,831,67.4
041065,Tavullia,11,Marche,041,Pesaro e Urbino,PU,3,Centro,L081,ITI,ITI3,ITI31,041065,41.484,43.898185,12.77588,8018,193.28
041070,Terre Roveresche,11,Marche,041,Pesaro e Urbino,PU,3,Centro,M379,ITI,ITI3,ITI31,041070,69.82,43.70887,12.988885,5182,74.22
041066,Urbania,11,Marche,041,Pesaro e Urbino,PU,3,Centro,L498,ITI,ITI3,ITI31,041066,77.879,43.647309,12.516061,6888,88.44
041067,Urbino,11,Marche,041,Pesaro e Urbino,PU,3,Centro,L500,ITI,ITI3,ITI31,041067,226.176,43.749746,12.633522,13868,61.32
041068,Vallefoglia,11,Marche,041,Pesaro e Urbino,PU,3,Centro,M331,ITI,ITI3,ITI31,041068,39.371,43.831207,12.720816,14943,379.54
070001,Acquaviva Collecroce,14,Molise,070,Campobasso,CB,4,Sud,A050,ITF,ITF2,ITF22,070001,28.456,41.866702,14.745863,536,18.84
070002,Baranello,14,Molise,070,Campobasso,CB,4,Sud,A616,ITF,ITF2,ITF22,070002,24.98,41.529372,14.571799,2424,97.04
070003,Bojano,14,Molise,070,Campobasso,CB,4,Sud,A930,ITF,ITF2,ITF22,070003,52.826,41.486935,14.463848,7496,141.9
070004,Bonefro,14,Molise,070,Campobasso,CB,4,Sud,A971,ITF,ITF2,ITF22,070004,31.087,41.70769,14.920442,1128,36.29
070005,Busso,14,Molise,070,Campobasso,CB,4,Sud,B295,ITF,ITF2,ITF22,070005,23.38,41.557979,14.57115,1142,48.85
070006,Campobasso,14,Molise,070,Campobasso,CB,4,Sud,B519,ITF,ITF2,ITF22,070006,55.494,41.566189,14.657801,47399,854.13
070007,Campochiaro,14,Molise,070,Campobasso,CB,4,Sud,B522,ITF,ITF2,ITF22,070007,35.678,41.449348,14.511282,556,15.58
070008,Campodipietra,14,Molise,070,Campobasso,CB,4,Sud,B528,ITF,ITF2,ITF22,070008,19.951,41.552568,14.744871,2403,120.45
070009,Campolieto,14,Molise,070,Campobasso,CB,4,Sud,B544,ITF,ITF2,ITF22,070009,24.614,41.636559,14.761494,793,32.22
070010,Campomarino,14,Molise,070,Campobasso,CB,4,Sud,B550,ITF,ITF2,ITF22,070010,76.813,41.917006,15.086879,7974,103.81
070011,Casacalenda,14,Molise,070,Campobasso,CB,4,Sud,B858,ITF,ITF2,ITF22,070011,66.633,41.760041,14.847319,1824,27.37
070012,Casalciprano,14,Molise,070,Campobasso,CB,4,Sud,B871,ITF,ITF2,ITF22,070012,19.1,41.580173,14.519125,424,22.2
070013,Castelbottaccio,14,Molise,070,Campobasso,CB,4,Sud,C066,ITF,ITF2,ITF22,070013,11.369,41.748839,14.693305,223,19.61
070014,Castellino del Biferno,14,Molise,070,Campobasso,CB,4,Sud,C175,ITF,ITF2,ITF22,070014,15.51,41.690225,14.739807,417,26.89
070015,Castelmauro,14,Molise,070,Campobasso,CB,4,Sud,C197,ITF,ITF2,ITF22,070015,43.627,41.833386,14.718981,1075,24.64
070016,Castropignano,14,Molise,070,Campobasso,CB,4,Sud,C346,ITF,ITF2,ITF22,070016,26.565,41.618789,14.558488,839,31.58
070017,Cercemaggiore,14,Molise,070,Campobasso,CB,4,Sud,C486,ITF,ITF2,ITF22,070017,56.751,41.445291,14.73374,3529,62.18
070018,Cercepiccola,14,Molise,070,Campobasso,CB,4,Sud,C488,ITF,ITF2,ITF22,070018,16.788,41.455961,14.676588,660,39.31
070019,Civitacampomarano,14,Molise,070,Campobasso,CB,4,Sud,C764,ITF,ITF2,ITF22,070019,38.422,41.780745,14.67764,277,7.21
070020,Colle d'Anchise,14,Molise,070,Campobasso,CB,4,Sud,C854,ITF,ITF2,ITF22,070020,15.9,41.514836,14.514158,709,44.59
070021,Colletorto,14,Molise,070,Campobasso,CB,4,Sud,C875,ITF,ITF2,ITF22,070021,36.109,41.65186,14.998153,1618,44.81
070022,Duronia,14,Molise,070,Campobasso,CB,4,Sud,C772,ITF,ITF2,ITF22,070022,22.711,41.656325,14.46909,378,16.64
070023,Ferrazzano,14,Molise,070,Campobasso,CB,4,Sud,D550,ITF,ITF2,ITF22,070023,17.026,41.526049,14.683128,3390,199.11
070024,Fossalto,14,Molise,070,Campobasso,CB,4,Sud,D737,ITF,ITF2,ITF22,070024,28.494,41.67068,14.559403,1099,38.57
070025,Gambatesa,14,Molise,070,Campobasso,CB,4,Sud,D896,ITF,ITF2,ITF22,070025,43.155,41.511886,14.916662,1233,28.57
070026,Gildone,14,Molise,070,Campobasso,CB,4,Sud,E030,ITF,ITF2,ITF22,070026,29.486,41.502438,14.73959,707,23.98
070027,Guardialfiera,14,Molise,070,Campobasso,CB,4,Sud,E244,ITF,ITF2,ITF22,070027,43.543,41.814472,14.786199,942,21.63
070028,Guardiaregia,14,Molise,070,Campobasso,CB,4,Sud,E248,ITF,ITF2,ITF22,070028,43.28,41.423135,14.546219,659,15.23
070029,Guglionesi,14,Molise,070,Campobasso,CB,4,Sud,E259,ITF,ITF2,ITF22,070029,100.384,41.925088,14.920686,4874,48.55
070030,Jelsi,14,Molise,070,Campobasso,CB,4,Sud,E381,ITF,ITF2,ITF22,070030,28.546,41.509571,14.795694,1530,53.6
070031,Larino,14,Molise,070,Campobasso,CB,4,Sud,E456,ITF,ITF2,ITF22,070031,88.632,41.830364,14.917933,6257,70.6
070032,Limosano,14,Molise,070,Campobasso,CB,4,Sud,E599,ITF,ITF2,ITF22,070032,28.066,41.681257,14.633324,661,23.55
070033,Lucito,14,Molise,070,Campobasso,CB,4,Sud,E722,ITF,ITF2,ITF22,070033,31.039,41.718899,14.661417,616,19.85
070034,Lupara,14,Molise,070,Campobasso,CB,4,Sud,E748,ITF,ITF2,ITF22,070034,25.53,41.767051,14.74551,391,15.32
070035,Macchia Valfortore,14,Molise,070,Campobasso,CB,4,Sud,E780,ITF,ITF2,ITF22,070035,26.671,41.590079,14.922399,439,16.46
070036,Mafalda,14,Molise,070,Campobasso,CB,4,Sud,E799,ITF,ITF2,ITF22,070036,32.407,41.953363,14.714248,1074,33.14
070037,Matrice,14,Molise,070,Campobasso,CB,4,Sud,F055,ITF,ITF2,ITF22,070037,20.281,41.628502,14.715747,1019,50.24
070038,Mirabello Sannitico,14,Molise,070,Campobasso,CB,4,Sud,F233,ITF,ITF2,ITF22,070038,21.445,41.507027,14.666351,2034,94.85
070039,Molise,14,Molise,070,Campobasso,CB,4,Sud,F294,ITF,ITF2,ITF22,070039,5.106,41.632126,14.495015,144,28.2
070040,Monacilioni,14,Molise,070,Campobasso,CB,4,Sud,F322,ITF,ITF2,ITF22,070040,27.276,41.620133,14.815061,439,16.09
070041,Montagano,14,Molise,070,Campobasso,CB,4,Sud,F391,ITF,ITF2,ITF22,070041,26.533,41.655269,14.672717,951,35.84
070042,Montecilfone,14,Molise,070,Campobasso,CB,4,Sud,F475,ITF,ITF2,ITF22,070042,22.763,41.902211,14.841433,1220,53.6
070043,Montefalcone nel Sannio,14,Molise,070,Campobasso,CB,4,Sud,F495,ITF,ITF2,ITF22,070043,32.32,41.851835,14.652803,1313,40.62
070044,Montelongo,14,Molise,070,Campobasso,CB,4,Sud,F548,ITF,ITF2,ITF22,070044,12.753,41.752677,14.951513,276,21.64
070045,Montemitro,14,Molise,070,Campobasso,CB,4,Sud,F569,ITF,ITF2,ITF22,070045,16.404,41.894455,14.656468,282,17.19
070046,Montenero di Bisaccia,14,Molise,070,Campobasso,CB,4,Sud,F576,ITF,ITF2,ITF22,070046,92.496,41.995169,14.764715,6186,66.88
070047,Montorio nei Frentani,14,Molise,070,Campobasso,CB,4,Sud,F689,ITF,ITF2,ITF22,070047,31.386,41.767624,14.940315,342,10.9
070048,Morrone del Sannio,14,Molise,070,Campobasso,CB,4,Sud,F748,ITF,ITF2,ITF22,070048,45.738,41.713724,14.770472,505,11.04
070049,Oratino,14,Molise,070,Campobasso,CB,4,Sud,G086,ITF,ITF2,ITF22,070049,18.011,41.592489,14.597835,1678,93.17
070050,Palata,14,Molise,070,Campobasso,CB,4,Sud,G257,ITF,ITF2,ITF22,070050,43.145,41.875434,14.811167,1455,33.72
070051,Petacciato,14,Molise,070,Campobasso,CB,4,Sud,G506,ITF,ITF2,ITF22,070051,35.536,42.009455,14.851455,3553,99.98
070052,Petrella Tifernina,14,Molise,070,Campobasso,CB,4,Sud,G512,ITF,ITF2,ITF22,070052,26.4,41.689363,14.693588,990,37.5
070053,Pietracatella,14,Molise,070,Campobasso,CB,4,Sud,G609,ITF,ITF2,ITF22,070053,49.91,41.56605,14.866479,1192,23.88
070054,Pietracupa,14,Molise,070,Campobasso,CB,4,Sud,G610,ITF,ITF2,ITF22,070054,10.046,41.677918,14.514312,181,18.02
070055,Portocannone,14,Molise,070,Campobasso,CB,4,Sud,G910,ITF,ITF2,ITF22,070055,13.096,41.908748,15.016637,2323,177.38
070056,Provvidenti,14,Molise,070,Campobasso,CB,4,Sud,H083,ITF,ITF2,ITF22,070056,14.15,41.724112,14.825219,97,6.86
070057,Riccia,14,Molise,070,Campobasso,CB,4,Sud,H273,ITF,ITF2,ITF22,070057,69.88,41.481102,14.845658,4646,66.49
070058,Ripabottoni,14,Molise,070,Campobasso,CB,4,Sud,H311,ITF,ITF2,ITF22,070058,31.898,41.679685,14.831634,410,12.85
070059,Ripalimosani,14,Molise,070,Campobasso,CB,4,Sud,H313,ITF,ITF2,ITF22,070059,33.427,41.618246,14.645677,2970,88.85
070060,Roccavivara,14,Molise,070,Campobasso,CB,4,Sud,H454,ITF,ITF2,ITF22,070060,21.029,41.83838,14.6087,567,26.96
070061,Rotello,14,Molise,070,Campobasso,CB,4,Sud,H589,ITF,ITF2,ITF22,070061,70.463,41.768471,15.04493,1123,15.94
070062,Salcito,14,Molise,070,Campobasso,CB,4,Sud,H693,ITF,ITF2,ITF22,070062,27.87,41.73577,14.522637,639,22.93
070063,San Biase,14,Molise,070,Campobasso,CB,4,Sud,H782,ITF,ITF2,ITF22,070063,11.795,41.727712,14.586836,117,9.92
070064,San Felice del Molise,14,Molise,070,Campobasso,CB,4,Sud,H833,ITF,ITF2,ITF22,070064,24.052,41.891871,14.708835,525,21.83
070065,San Giacomo degli Schiavoni,14,Molise,070,Campobasso,CB,4,Sud,H867,ITF,ITF2,ITF22,070065,11.196,41.972546,14.946779,1375,122.81
070066,San Giovanni in Galdo,14,Molise,070,Campobasso,CB,4,Sud,H920,ITF,ITF2,ITF22,070066,19.189,41.593282,14.75642,495,25.8
070067,San Giuliano del Sannio,14,Molise,070,Campobasso,CB,4,Sud,H928,ITF,ITF2,ITF22,070067,23.968,41.462904,14.619439,956,39.89
070068,San Giuliano di Puglia,14,Molise,070,Campobasso,CB,4,Sud,H929,ITF,ITF2,ITF22,070068,41.715,41.677496,15.054141,957,22.94
070069,San Martino in Pensilis,14,Molise,070,Campobasso,CB,4,Sud,H990,ITF,ITF2,ITF22,070069,100.03,41.848518,15.036025,4365,43.64
070070,San Massimo,14,Molise,070,Campobasso,CB,4,Sud,I023,ITF,ITF2,ITF22,070070,27.193,41.480552,14.404953,825,30.34
070071,San Polo Matese,14,Molise,070,Campobasso,CB,4,Sud,I122,ITF,ITF2,ITF22,070071,14.949,41.458988,14.49056,487,32.58
070073,Sant'Angelo Limosano,14,Molise,070,Campobasso,CB,4,Sud,I289,ITF,ITF2,ITF22,070073,17.018,41.705649,14.597781,298,17.51
070074,Sant'Elia a Pianisi,14,Molise,070,Campobasso,CB,4,Sud,I320,ITF,ITF2,ITF22,070074,67.557,41.648746,14.894972,1480,21.91
070072,Santa Croce di Magliano,14,Molise,070,Campobasso,CB,4,Sud,I181,ITF,ITF2,ITF22,070072,52.931,41.71244,15.057128,3820,72.17
070075,Sepino,14,Molise,070,Campobasso,CB,4,Sud,I618,ITF,ITF2,ITF22,070075,61.345,41.406186,14.617299,1815,29.59
070076,Spinete,14,Molise,070,Campobasso,CB,4,Sud,I910,ITF,ITF2,ITF22,070076,17.787,41.546067,14.498401,1128,63.42
070077,Tavenna,14,Molise,070,Campobasso,CB,4,Sud,L069,ITF,ITF2,ITF22,070077,21.968,41.920577,14.761482,545,24.81
070078,Termoli,14,Molise,070,Campobasso,CB,4,Sud,L113,ITF,ITF2,ITF22,070078,54.901,41.971157,14.998001,31754,578.39
070079,Torella del Sannio,14,Molise,070,Campobasso,CB,4,Sud,L215,ITF,ITF2,ITF22,070079,16.641,41.63241,14.528982,676,40.62
070080,Toro,14,Molise,070,Campobasso,CB,4,Sud,L230,ITF,ITF2,ITF22,070080,24.012,41.564568,14.783522,1209,50.35
070081,Trivento,14,Molise,070,Campobasso,CB,4,Sud,L435,ITF,ITF2,ITF22,070081,73.506,41.776999,14.57235,4298,58.47
070082,Tufara,14,Molise,070,Campobasso,CB,4,Sud,L458,ITF,ITF2,ITF22,070082,35.365,41.484213,14.957158,748,21.15
070083,Ururi,14,Molise,070,Campobasso,CB,4,Sud,L505,ITF,ITF2,ITF22,070083,31.4,41.814549,15.007145,2321,73.92
070084,Vinchiaturo,14,Molise,070,Campobasso,CB,4,Sud,M057,ITF,ITF2,ITF22,070084,35.064,41.496104,14.602223,3298,94.06
094001,Acquaviva d'Isernia,14,Molise,094,Isernia,IS,4,Sud,A051,ITF,ITF2,ITF21,094001,13.404,41.677696,14.155716,346,25.81
094002,Agnone,14,Molise,094,Isernia,IS,4,Sud,A080,ITF,ITF2,ITF21,094002,95.955,41.801835,14.374005,4545,47.37
094003,Bagnoli del Trigno,14,Molise,094,Isernia,IS,4,Sud,A567,ITF,ITF2,ITF21,094003,36.806,41.698471,14.477653,607,16.49
094004,Belmonte del Sannio,14,Molise,094,Isernia,IS,4,Sud,A761,ITF,ITF2,ITF21,094004,20.515,41.841173,14.4139,602,29.34
094005,Cantalupo nel Sannio,14,Molise,094,Isernia,IS,4,Sud,B630,ITF,ITF2,ITF21,094005,15.838,41.524167,14.392162,726,45.84
094006,Capracotta,14,Molise,094,Isernia,IS,4,Sud,B682,ITF,ITF2,ITF21,094006,42.326,41.823245,14.275863,742,17.53
094007,Carovilli,14,Molise,094,Isernia,IS,4,Sud,B810,ITF,ITF2,ITF21,094007,41.734,41.70235,14.30023,1240,29.71
094008,Carpinone,14,Molise,094,Isernia,IS,4,Sud,B830,ITF,ITF2,ITF21,094008,32.171,41.596608,14.322859,980,30.46
094012,Castel San Vincenzo,14,Molise,094,Isernia,IS,4,Sud,C270,ITF,ITF2,ITF21,094012,21.785,41.657403,14.065533,418,19.19
094009,Castel del Giudice,14,Molise,094,Isernia,IS,4,Sud,C082,ITF,ITF2,ITF21,094009,15.055,41.854473,14.239102,306,20.33
094010,Castelpetroso,14,Molise,094,Isernia,IS,4,Sud,C246,ITF,ITF2,ITF21,094010,22.709,41.552327,14.328495,1496,65.88
094011,Castelpizzuto,14,Molise,094,Isernia,IS,4,Sud,C247,ITF,ITF2,ITF21,094011,15.354,41.526856,14.299224,135,8.79
094013,Castelverrino,14,Molise,094,Isernia,IS,4,Sud,C200,ITF,ITF2,ITF21,094013,6.354,41.768024,14.392617,87,13.69
094014,Cerro al Volturno,14,Molise,094,Isernia,IS,4,Sud,C534,ITF,ITF2,ITF21,094014,23.713,41.657762,14.110124,1103,46.51
094015,Chiauci,14,Molise,094,Isernia,IS,4,Sud,C620,ITF,ITF2,ITF21,094015,15.52,41.682557,14.377696,189,12.18
094016,Civitanova del Sannio,14,Molise,094,Isernia,IS,4,Sud,C769,ITF,ITF2,ITF21,094016,49.949,41.687392,14.412507,863,17.28
094017,Colli a Volturno,14,Molise,094,Isernia,IS,4,Sud,C878,ITF,ITF2,ITF21,094017,25.023,41.587992,14.099614,1253,50.07
094018,Conca Casale,14,Molise,094,Isernia,IS,4,Sud,C941,ITF,ITF2,ITF21,094018,14.751,41.501097,14.012328,162,10.98
094019,Filignano,14,Molise,094,Isernia,IS,4,Sud,D595,ITF,ITF2,ITF21,094019,30.761,41.578454,14.017246,564,18.33
094020,Forlì del Sannio,14,Molise,094,Isernia,IS,4,Sud,D703,ITF,ITF2,ITF21,094020,32.228,41.682568,14.187645,627,19.46
094021,Fornelli,14,Molise,094,Isernia,IS,4,Sud,D715,ITF,ITF2,ITF21,094021,23.128,41.607773,14.142956,1778,76.88
094022,Frosolone,14,Molise,094,Isernia,IS,4,Sud,D811,ITF,ITF2,ITF21,094022,49.551,41.610301,14.444647,2721,54.91
094023,Isernia,14,Molise,094,Isernia,IS,4,Sud,E335,ITF,ITF2,ITF21,094023,68.539,41.611275,14.219719,20491,298.97
094024,Longano,14,Molise,094,Isernia,IS,4,Sud,E669,ITF,ITF2,ITF21,094024,27.391,41.521946,14.252136,618,22.56
094025,Macchia d'Isernia,14,Molise,094,Isernia,IS,4,Sud,E778,ITF,ITF2,ITF21,094025,17.535,41.583448,14.16362,1020,58.17
094026,Macchiagodena,14,Molise,094,Isernia,IS,4,Sud,E779,ITF,ITF2,ITF21,094026,34.097,41.556738,14.420815,1655,48.54
094027,Miranda,14,Molise,094,Isernia,IS,4,Sud,F239,ITF,ITF2,ITF21,094027,22.124,41.640795,14.258666,913,41.27
094028,Montaquila,14,Molise,094,Isernia,IS,4,Sud,F429,ITF,ITF2,ITF21,094028,25.486,41.545317,14.112374,2218,87.03
094029,Montenero Val Cocchiara,14,Molise,094,Isernia,IS,4,Sud,F580,ITF,ITF2,ITF21,094029,22.068,41.710576,14.07999,464,21.03
094030,Monteroduni,14,Molise,094,Isernia,IS,4,Sud,F601,ITF,ITF2,ITF21,094030,37.292,41.515721,14.176287,2121,56.88
094031,Pesche,14,Molise,094,Isernia,IS,4,Sud,G486,ITF,ITF2,ITF21,094031,12.795,41.614352,14.284518,1437,112.31
094032,Pescolanciano,14,Molise,094,Isernia,IS,4,Sud,G495,ITF,ITF2,ITF21,094032,34.389,41.70879,14.394752,780,22.68
094033,Pescopennataro,14,Molise,094,Isernia,IS,4,Sud,G497,ITF,ITF2,ITF21,094033,18.67,41.873097,14.308645,225,12.05
094034,Pettoranello del Molise,14,Molise,094,Isernia,IS,4,Sud,G523,ITF,ITF2,ITF21,094034,15.633,41.567204,14.285156,451,28.85
094035,Pietrabbondante,14,Molise,094,Isernia,IS,4,Sud,G606,ITF,ITF2,ITF21,094035,27.324,41.731716,14.393612,559,20.46
094036,Pizzone,14,Molise,094,Isernia,IS,4,Sud,G727,ITF,ITF2,ITF21,094036,33.228,41.678453,14.005785,287,8.64
094037,Poggio Sannita,14,Molise,094,Isernia,IS,4,Sud,B317,ITF,ITF2,ITF21,094037,25.514,41.769674,14.431894,513,20.11
094038,Pozzilli,14,Molise,094,Isernia,IS,4,Sud,G954,ITF,ITF2,ITF21,094038,34.273,41.512831,14.080404,2163,63.11
094039,Rionero Sannitico,14,Molise,094,Isernia,IS,4,Sud,H308,ITF,ITF2,ITF21,094039,29.497,41.726461,14.14713,941,31.9
094040,Roccamandolfi,14,Molise,094,Isernia,IS,4,Sud,H420,ITF,ITF2,ITF21,094040,53.252,41.482969,14.333735,803,15.08
094041,Roccasicura,14,Molise,094,Isernia,IS,4,Sud,H445,ITF,ITF2,ITF21,094041,28.571,41.695849,14.239976,460,16.1
094042,Rocchetta a Volturno,14,Molise,094,Isernia,IS,4,Sud,H458,ITF,ITF2,ITF21,094042,23.248,41.632871,14.075654,1066,45.85
094043,San Pietro Avellana,14,Molise,094,Isernia,IS,4,Sud,I096,ITF,ITF2,ITF21,094043,44.499,41.803857,14.20704,390,8.76
094044,Sant'Agapito,14,Molise,094,Isernia,IS,4,Sud,I189,ITF,ITF2,ITF21,094044,15.903,41.540457,14.211882,1333,83.82
094046,Sant'Angelo del Pesco,14,Molise,094,Isernia,IS,4,Sud,I282,ITF,ITF2,ITF21,094046,15.595,41.883836,14.265333,300,19.24
094047,Sant'Elena Sannita,14,Molise,094,Isernia,IS,4,Sud,B466,ITF,ITF2,ITF21,094047,13.873,41.56544,14.465787,298,21.48
094045,Santa Maria del Molise,14,Molise,094,Isernia,IS,4,Sud,I238,ITF,ITF2,ITF21,094045,16.997,41.558011,14.376788,645,37.95
094048,Scapoli,14,Molise,094,Isernia,IS,4,Sud,I507,ITF,ITF2,ITF21,094048,18.988,41.596177,14.047169,559,29.44
094049,Sessano del Molise,14,Molise,094,Isernia,IS,4,Sud,I679,ITF,ITF2,ITF21,094049,25.498,41.642327,14.32913,664,26.04
094050,Sesto Campano,14,Molise,094,Isernia,IS,4,Sud,I682,ITF,ITF2,ITF21,094050,35.209,41.423321,14.065126,2134,60.61
094051,Vastogirardi,14,Molise,094,Isernia,IS,4,Sud,L696,ITF,ITF2,ITF21,094051,60.571,41.760369,14.250476,574,9.48
094052,Venafro,14,Molise,094,Isernia,IS,4,Sud,L725,ITF,ITF2,ITF21,094052,46.447,41.461101,14.032093,10645,229.19
006001,Acqui Terme,01,Piemonte,006,Alessandria,AL,1,Nord-ovest,A052,ITC,ITC1,ITC18,006001,32.896,44.674388,8.47437,19017,578.09
006002,Albera Ligure,01,Piemonte,006,Alessandria,AL,1,Nord-ovest,A146,ITC,ITC1,ITC18,006002,21.241,44.705948,9.105273,292,13.75
006003,Alessandria,01,Piemonte,006,Alessandria,AL,1,Nord-ovest,A182,ITC,ITC1,ITC18,006003,204.088,44.916575,8.655857,93409,457.69
006004,Alfiano Natta,01,Piemonte,006,Alessandria,AL,1,Nord-ovest,A189,ITC,ITC1,ITC18,006004,13.081,45.037192,8.213581,655,50.07
006005,Alice Bel Colle,01,Piemonte,006,Alessandria,AL,1,Nord-ovest,A197,ITC,ITC1,ITC18,006005,12.031,44.722592,8.447668,632,52.53
006192,Alluvioni Piovera,01,Piemonte,006,Alessandria,AL,1,Nord-ovest,M397,ITC,ITC1,ITC18,006192,24.282,44.9703,8.746171,1564,64.41
006007,Altavilla Monferrato,01,Piemonte,006,Alessandria,AL,1,Nord-ovest,A227,ITC,ITC1,ITC18,006007,11.586,44.980272,8.389483,386,33.32
006008,Alzano Scrivia,01,Piemonte,006,Alessandria,AL,1,Nord-ovest,A245,ITC,ITC1,ITC18,006008,2.296,45.016246,8.885674,354,154.18
006009,Arquata Scrivia,01,Piemonte,006,Alessandria,AL,1,Nord-ovest,A436,ITC,ITC1,ITC18,006009,29.028,44.671118,8.904945,6335,218.24
006010,Avolasca,01,Piemonte,006,Alessandria,AL,1,Nord-ovest,A523,ITC,ITC1,ITC18,006010,12.269,44.809229,8.970806,241,19.64
006011,Balzola,01,Piemonte,006,Alessandria,AL,1,Nord-ovest,A605,ITC,ITC1,ITC18,006011,16.955,45.185117,8.412036,1252,73.84
006012,Basaluzzo,01,Piemonte,006,Alessandria,AL,1,Nord-ovest,A689,ITC,ITC1,ITC18,006012,15.11,44.767766,8.70706,2009,132.96
006013,Bassignana,01,Piemonte,006,Alessandria,AL,1,Nord-ovest,A708,ITC,ITC1,ITC18,006013,28.63,45.005591,8.738621,1574,54.98
006014,Belforte Monferrato,01,Piemonte,006,Alessandria,AL,1,Nord-ovest,A738,ITC,ITC1,ITC18,006014,8.314,44.605913,8.674201,486,58.46
006015,Bergamasco,01,Piemonte,006,Alessandria,AL,1,Nord-ovest,A793,ITC,ITC1,ITC18,006015,13.483,44.824325,8.444664,662,49.1
006016,Berzano di Tortona,01,Piemonte,006,Alessandria,AL,1,Nord-ovest,A813,ITC,ITC1,ITC18,006016,2.898,44.87538,8.955139,163,56.25
006017,Bistagno,01,Piemonte,006,Alessandria,AL,1,Nord-ovest,A889,ITC,ITC1,ITC18,006017,17.715,44.668572,8.375382,1692,95.51
006018,Borghetto di Borbera,01,Piemonte,006,Alessandria,AL,1,Nord-ovest,A998,ITC,ITC1,ITC18,006018,39.457,44.742162,8.968127,1889,47.87
006020,Borgo San Martino,01,Piemonte,006,Alessandria,AL,1,Nord-ovest,B037,ITC,ITC1,ITC18,006020,9.707,45.09426,8.527432,1333,137.32
006019,Borgoratto Alessandrino,01,Piemonte,006,Alessandria,AL,1,Nord-ovest,B029,ITC,ITC1,ITC18,006019,6.62,44.823376,8.506829,534,80.66
006021,Bosco Marengo,01,Piemonte,006,Alessandria,AL,1,Nord-ovest,B071,ITC,ITC1,ITC18,006021,44.182,44.818369,8.692036,2140,48.44
006022,Bosio,01,Piemonte,006,Alessandria,AL,1,Nord-ovest,B080,ITC,ITC1,ITC18,006022,67.256,44.576631,8.78329,1037,15.42
006023,Bozzole,01,Piemonte,006,Alessandria,AL,1,Nord-ovest,B109,ITC,ITC1,ITC18,006023,9.046,45.073382,8.622294,343,37.92
006024,Brignano-Frascata,01,Piemonte,006,Alessandria,AL,1,Nord-ovest,B179,ITC,ITC1,ITC18,006024,17.522,44.80759,9.041996,420,23.97
006025,Cabella Ligure,01,Piemonte,006,Alessandria,AL,1,Nord-ovest,B311,ITC,ITC1,ITC18,006025,46.856,44.661602,9.181077,437,9.33
006026,Camagna Monferrato,01,Piemonte,006,Alessandria,AL,1,Nord-ovest,B453,ITC,ITC1,ITC18,006026,9.193,45.021499,8.432808,464,50.47
006027,Camino,01,Piemonte,006,Alessandria,AL,1,Nord-ovest,B482,ITC,ITC1,ITC18,006027,18.437,45.161811,8.280423,730,39.59
006028,Cantalupo Ligure,01,Piemonte,006,Alessandria,AL,1,Nord-ovest,B629,ITC,ITC1,ITC18,006028,24.355,44.732069,9.066693,431,17.7
006029,Capriata d'Orba,01,Piemonte,006,Alessandria,AL,1,Nord-ovest,B701,ITC,ITC1,ITC18,006029,28.57,44.72957,8.689935,1776,62.16
006030,Carbonara Scrivia,01,Piemonte,006,Alessandria,AL,1,Nord-ovest,B736,ITC,ITC1,ITC18,006030,5.15,44.853321,8.859043,1114,216.31
006031,Carentino,01,Piemonte,006,Alessandria,AL,1,Nord-ovest,B765,ITC,ITC1,ITC18,006031,9.806,44.821458,8.482891,311,31.72
006032,Carezzano,01,Piemonte,006,Alessandria,AL,1,Nord-ovest,B769,ITC,ITC1,ITC18,006032,10.356,44.808612,8.895899,437,42.2
006033,Carpeneto,01,Piemonte,006,Alessandria,AL,1,Nord-ovest,B818,ITC,ITC1,ITC18,006033,13.371,44.689261,8.614187,848,63.42
006034,Carrega Ligure,01,Piemonte,006,Alessandria,AL,1,Nord-ovest,B836,ITC,ITC1,ITC18,006034,55.122,44.620017,9.160293,76,1.38
006035,Carrosio,01,Piemonte,006,Alessandria,AL,1,Nord-ovest,B840,ITC,ITC1,ITC18,006035,6.987,44.65529,8.83482,519,74.28
006036,Cartosio,01,Piemonte,006,Alessandria,AL,1,Nord-ovest,B847,ITC,ITC1,ITC18,006036,16.523,44.592238,8.421751,711,43.03
006037,Casal Cermelli,01,Piemonte,006,Alessandria,AL,1,Nord-ovest,B870,ITC,ITC1,ITC18,006037,12.174,44.82465,8.62739,1189,97.67
006039,Casale Monferrato,01,Piemonte,006,Alessandria,AL,1,Nord-ovest,B885,ITC,ITC1,ITC18,006039,85.684,45.108282,8.473267,32461,378.85
006038,Casaleggio Boiro,01,Piemonte,006,Alessandria,AL,1,Nord-ovest,B882,ITC,ITC1,ITC18,006038,12.182,44.609455,8.74105,335,27.5
006040,Casalnoceto,01,Piemonte,006,Alessandria,AL,1,Nord-ovest,B902,ITC,ITC1,ITC18,006040,12.743,44.918928,8.976955,945,74.16
006041,Casasco,01,Piemonte,006,Alessandria,AL,1,Nord-ovest,B941,ITC,ITC1,ITC18,006041,9.177,44.822042,9.00364,134,14.6
006191,Cassano Spinola,01,Piemonte,006,Alessandria,AL,1,Nord-ovest,M388,ITC,ITC1,ITC18,006191,17.0,44.770823,8.87213,1796,105.65
006043,Cassine,01,Piemonte,006,Alessandria,AL,1,Nord-ovest,C027,ITC,ITC1,ITC18,006043,32.942,44.752359,8.516934,2811,85.33
006044,Cassinelle,01,Piemonte,006,Alessandria,AL,1,Nord-ovest,C030,ITC,ITC1,ITC18,006044,23.729,44.581121,8.559849,845,35.61
006045,Castellania Coppi,01,Piemonte,006,Alessandria,AL,1,Nord-ovest,C137,ITC,ITC1,ITC18,006045,7.211,44.796547,8.93566,85,11.79
006046,Castellar Guidobono,01,Piemonte,006,Alessandria,AL,1,Nord-ovest,C142,ITC,ITC1,ITC18,006046,2.659,44.905429,8.94898,429,161.34
006047,Castellazzo Bormida,01,Piemonte,006,Alessandria,AL,1,Nord-ovest,C148,ITC,ITC1,ITC18,006047,45.13,44.828942,8.575901,4519,100.13
006050,Castelletto Merli,01,Piemonte,006,Alessandria,AL,1,Nord-ovest,C160,ITC,ITC1,ITC18,006050,11.687,45.075567,8.235338,445,38.08
006051,Castelletto Monferrato,01,Piemonte,006,Alessandria,AL,1,Nord-ovest,C162,ITC,ITC1,ITC18,006051,9.58,44.970542,8.556717,1439,150.21
006048,Castelletto d'Erro,01,Piemonte,006,Alessandria,AL,1,Nord-ovest,C156,ITC,ITC1,ITC18,006048,4.842,44.627599,8.392066,115,23.75
006049,Castelletto d'Orba,01,Piemonte,006,Alessandria,AL,1,Nord-ovest,C158,ITC,ITC1,ITC18,006049,14.027,44.681658,8.711292,1811,129.11
006052,Castelnuovo Bormida,01,Piemonte,006,Alessandria,AL,1,Nord-ovest,C229,ITC,ITC1,ITC18,006052,13.247,44.742792,8.564594,636,48.01
006053,Castelnuovo Scrivia,01,Piemonte,006,Alessandria,AL,1,Nord-ovest,C243,ITC,ITC1,ITC18,006053,45.115,44.972267,8.87694,4807,106.55
006054,Castelspina,01,Piemonte,006,Alessandria,AL,1,Nord-ovest,C274,ITC,ITC1,ITC18,006054,5.75,44.800364,8.596427,391,68.0
006055,Cavatore,01,Piemonte,006,Alessandria,AL,1,Nord-ovest,C387,ITC,ITC1,ITC18,006055,10.901,44.6339,8.453109,248,22.75
006056,Cella Monte,01,Piemonte,006,Alessandria,AL,1,Nord-ovest,C432,ITC,ITC1,ITC18,006056,5.661,45.067232,8.38741,446,78.78
006057,Cereseto,01,Piemonte,006,Alessandria,AL,1,Nord-ovest,C503,ITC,ITC1,ITC18,006057,10.306,45.092628,8.324253,355,34.45
006058,Cerreto Grue,01,Piemonte,006,Alessandria,AL,1,Nord-ovest,C507,ITC,ITC1,ITC18,006058,4.717,44.838113,8.929385,293,62.12
006059,Cerrina Monferrato,01,Piemonte,006,Alessandria,AL,1,Nord-ovest,C531,ITC,ITC1,ITC18,006059,17.435,45.115192,8.210438,1264,72.5
006060,Coniolo,01,Piemonte,006,Alessandria,AL,1,Nord-ovest,C962,ITC,ITC1,ITC18,006060,10.48,45.147222,8.383199,420,40.08
006061,Conzano,01,Piemonte,006,Alessandria,AL,1,Nord-ovest,C977,ITC,ITC1,ITC18,006061,11.791,45.035133,8.462851,892,75.65
006062,Costa Vescovato,01,Piemonte,006,Alessandria,AL,1,Nord-ovest,D102,ITC,ITC1,ITC18,006062,7.485,44.814307,8.934049,310,41.42
006063,Cremolino,01,Piemonte,006,Alessandria,AL,1,Nord-ovest,D149,ITC,ITC1,ITC18,006063,14.481,44.635008,8.577664,1002,69.19
006065,Denice,01,Piemonte,006,Alessandria,AL,1,Nord-ovest,D272,ITC,ITC1,ITC18,006065,7.33,44.605837,8.334124,161,21.96
006066,Dernice,01,Piemonte,006,Alessandria,AL,1,Nord-ovest,D277,ITC,ITC1,ITC18,006066,18.202,44.760433,9.039674,174,9.56
006067,Fabbrica Curone,01,Piemonte,006,Alessandria,AL,1,Nord-ovest,D447,ITC,ITC1,ITC18,006067,53.709,44.744467,9.176483,530,9.87
006068,Felizzano,01,Piemonte,006,Alessandria,AL,1,Nord-ovest,D528,ITC,ITC1,ITC18,006068,25.441,44.910953,8.438292,2066,81.21
006069,Fraconalto,01,Piemonte,006,Alessandria,AL,1,Nord-ovest,D559,ITC,ITC1,ITC18,006069,17.655,44.582956,8.890926,307,17.39
006070,Francavilla Bisio,01,Piemonte,006,Alessandria,AL,1,Nord-ovest,D759,ITC,ITC1,ITC18,006070,7.822,44.725308,8.736822,491,62.77
006071,Frascaro,01,Piemonte,006,Alessandria,AL,1,Nord-ovest,D770,ITC,ITC1,ITC18,006071,5.335,44.81514,8.51867,425,79.66
006072,Frassinello Monferrato,01,Piemonte,006,Alessandria,AL,1,Nord-ovest,D777,ITC,ITC1,ITC18,006072,8.39,45.038457,8.399303,449,53.52
006073,Frassineto Po,01,Piemonte,006,Alessandria,AL,1,Nord-ovest,D780,ITC,ITC1,ITC18,006073,29.623,45.135197,8.54991,1349,45.54
006074,Fresonara,01,Piemonte,006,Alessandria,AL,1,Nord-ovest,D797,ITC,ITC1,ITC18,006074,6.966,44.781096,8.692519,651,93.45
006075,Frugarolo,01,Piemonte,006,Alessandria,AL,1,Nord-ovest,D813,ITC,ITC1,ITC18,006075,27.14,44.854483,8.67526,1882,69.34
006076,Fubine Monferrato,01,Piemonte,006,Alessandria,AL,1,Nord-ovest,D814,ITC,ITC1,ITC18,006076,25.066,44.958675,8.424298,1604,63.99
006077,Gabiano,01,Piemonte,006,Alessandria,AL,1,Nord-ovest,D835,ITC,ITC1,ITC18,006077,17.813,45.15096,8.209516,1033,57.99
006078,Gamalero,01,Piemonte,006,Alessandria,AL,1,Nord-ovest,D890,ITC,ITC1,ITC18,006078,12.043,44.802699,8.530014,783,65.02
006079,Garbagna,01,Piemonte,006,Alessandria,AL,1,Nord-ovest,D910,ITC,ITC1,ITC18,006079,20.523,44.778709,8.994473,638,31.09
006081,Gavi,01,Piemonte,006,Alessandria,AL,1,Nord-ovest,D944,ITC,ITC1,ITC18,006081,44.732,44.681502,8.824171,4344,97.11
006082,Giarole,01,Piemonte,006,Alessandria,AL,1,Nord-ovest,E015,ITC,ITC1,ITC18,006082,5.288,45.057537,8.567722,682,128.97
006083,Gremiasco,01,Piemonte,006,Alessandria,AL,1,Nord-ovest,E164,ITC,ITC1,ITC18,006083,17.334,44.799701,9.108665,277,15.98
006084,Grognardo,01,Piemonte,006,Alessandria,AL,1,Nord-ovest,E188,ITC,ITC1,ITC18,006084,9.071,44.626952,8.497224,225,24.8
006085,Grondona,01,Piemonte,006,Alessandria,AL,1,Nord-ovest,E191,ITC,ITC1,ITC18,006085,26.256,44.690687,8.965485,477,18.17
006086,Guazzora,01,Piemonte,006,Alessandria,AL,1,Nord-ovest,E255,ITC,ITC1,ITC18,006086,2.896,45.013784,8.850075,288,99.45
006087,Isola Sant'Antonio,01,Piemonte,006,Alessandria,AL,1,Nord-ovest,E360,ITC,ITC1,ITC18,006087,23.723,45.032123,8.830383,654,27.57
006088,Lerma,01,Piemonte,006,Alessandria,AL,1,Nord-ovest,E543,ITC,ITC1,ITC18,006088,14.553,44.624494,8.712872,797,54.77
006193,Lu e Cuccaro Monferrato,01,Piemonte,006,Alessandria,AL,1,Nord-ovest,M420,ITC,ITC1,ITC18,006193,27.352,45.008451,8.487428,1255,45.88
006090,Malvicino,01,Piemonte,006,Alessandria,AL,1,Nord-ovest,E870,ITC,ITC1,ITC18,006090,8.982,44.557287,8.419628,79,8.8
006091,Masio,01,Piemonte,006,Alessandria,AL,1,Nord-ovest,F015,ITC,ITC1,ITC18,006091,22.696,44.866359,8.420676,1276,56.22
006092,Melazzo,01,Piemonte,006,Alessandria,AL,1,Nord-ovest,F096,ITC,ITC1,ITC18,006092,19.614,44.64256,8.422799,1236,63.02
006093,Merana,01,Piemonte,006,Alessandria,AL,1,Nord-ovest,F131,ITC,ITC1,ITC18,006093,9.528,44.515257,8.283907,172,18.05
006094,Mirabello Monferrato,01,Piemonte,006,Alessandria,AL,1,Nord-ovest,F232,ITC,ITC1,ITC18,006094,13.262,45.031394,8.525023,1204,90.79
006095,Molare,01,Piemonte,006,Alessandria,AL,1,Nord-ovest,F281,ITC,ITC1,ITC18,006095,32.275,44.572944,8.59788,1984,61.47
006096,Molino dei Torti,01,Piemonte,006,Alessandria,AL,1,Nord-ovest,F293,ITC,ITC1,ITC18,006096,2.579,45.028987,8.896485,567,219.85
006097,Mombello Monferrato,01,Piemonte,006,Alessandria,AL,1,Nord-ovest,F313,ITC,ITC1,ITC18,006097,19.627,45.1223,8.254735,890,45.35
006098,Momperone,01,Piemonte,006,Alessandria,AL,1,Nord-ovest,F320,ITC,ITC1,ITC18,006098,8.633,44.840124,9.032448,200,23.17
006099,Moncestino,01,Piemonte,006,Alessandria,AL,1,Nord-ovest,F337,ITC,ITC1,ITC18,006099,6.574,45.157393,8.155505,194,29.51
006100,Mongiardino Ligure,01,Piemonte,006,Alessandria,AL,1,Nord-ovest,F365,ITC,ITC1,ITC18,006100,29.139,44.641793,9.074168,145,4.98
006101,Monleale,01,Piemonte,006,Alessandria,AL,1,Nord-ovest,F374,ITC,ITC1,ITC18,006101,9.517,44.873573,8.980538,552,58.0
006102,Montacuto,01,Piemonte,006,Alessandria,AL,1,Nord-ovest,F387,ITC,ITC1,ITC18,006102,23.545,44.759503,9.104747,227,9.64
006103,Montaldeo,01,Piemonte,006,Alessandria,AL,1,Nord-ovest,F403,ITC,ITC1,ITC18,006103,5.401,44.664858,8.725536,206,38.14
006104,Montaldo Bormida,01,Piemonte,006,Alessandria,AL,1,Nord-ovest,F404,ITC,ITC1,ITC18,006104,5.675,44.695987,8.59334,576,101.5
006105,Montecastello,01,Piemonte,006,Alessandria,AL,1,Nord-ovest,F455,ITC,ITC1,ITC18,006105,7.678,44.95839,8.691977,272,35.43
006106,Montechiaro d'Acqui,01,Piemonte,006,Alessandria,AL,1,Nord-ovest,F469,ITC,ITC1,ITC18,006106,17.405,44.596579,8.375405,509,29.24
006107,Montegioco,01,Piemonte,006,Alessandria,AL,1,Nord-ovest,F518,ITC,ITC1,ITC18,006107,5.481,44.839968,8.95577,271,49.44
006108,Montemarzino,01,Piemonte,006,Alessandria,AL,1,Nord-ovest,F562,ITC,ITC1,ITC18,006108,9.935,44.845757,8.991225,312,31.4
006109,Morano sul Po,01,Piemonte,006,Alessandria,AL,1,Nord-ovest,F707,ITC,ITC1,ITC18,006109,17.55,45.17641,8.362942,1270,72.36
006110,Morbello,01,Piemonte,006,Alessandria,AL,1,Nord-ovest,F713,ITC,ITC1,ITC18,006110,24.123,44.589539,8.517851,388,16.08
006111,Mornese,01,Piemonte,006,Alessandria,AL,1,Nord-ovest,F737,ITC,ITC1,ITC18,006111,13.257,44.618276,8.761214,666,50.24
006112,Morsasco,01,Piemonte,006,Alessandria,AL,1,Nord-ovest,F751,ITC,ITC1,ITC18,006112,10.173,44.667099,8.549529,593,58.29
006113,Murisengo,01,Piemonte,006,Alessandria,AL,1,Nord-ovest,F814,ITC,ITC1,ITC18,006113,15.386,45.079444,8.141338,1210,78.64
006114,Novi Ligure,01,Piemonte,006,Alessandria,AL,1,Nord-ovest,F965,ITC,ITC1,ITC18,006114,55.034,44.762577,8.795923,27427,498.36
006115,Occimiano,01,Piemonte,006,Alessandria,AL,1,Nord-ovest,F995,ITC,ITC1,ITC18,006115,22.377,45.062403,8.509377,1195,53.4
006116,Odalengo Grande,01,Piemonte,006,Alessandria,AL,1,Nord-ovest,F997,ITC,ITC1,ITC18,006116,15.216,45.104774,8.157162,397,26.09
006117,Odalengo Piccolo,01,Piemonte,006,Alessandria,AL,1,Nord-ovest,F998,ITC,ITC1,ITC18,006117,7.581,45.075356,8.201695,207,27.31
006118,Olivola,01,Piemonte,006,Alessandria,AL,1,Nord-ovest,G042,ITC,ITC1,ITC18,006118,2.853,45.035812,8.369402,105,36.8
006119,Orsara Bormida,01,Piemonte,006,Alessandria,AL,1,Nord-ovest,G124,ITC,ITC1,ITC18,006119,5.118,44.686302,8.563675,377,73.66
006120,Ottiglio,01,Piemonte,006,Alessandria,AL,1,Nord-ovest,G193,ITC,ITC1,ITC18,006120,14.41,45.050149,8.350826,532,36.92
006121,Ovada,01,Piemonte,006,Alessandria,AL,1,Nord-ovest,G197,ITC,ITC1,ITC18,006121,35.521,44.623241,8.627711,10941,308.01
006122,Oviglio,01,Piemonte,006,Alessandria,AL,1,Nord-ovest,G199,ITC,ITC1,ITC18,006122,27.099,44.870068,8.485832,1224,45.17
006123,Ozzano Monferrato,01,Piemonte,006,Alessandria,AL,1,Nord-ovest,G204,ITC,ITC1,ITC18,006123,15.143,45.101181,8.381335,1322,87.3
006124,Paderna,01,Piemonte,006,Alessandria,AL,1,Nord-ovest,G215,ITC,ITC1,ITC18,006124,4.474,44.825941,8.886534,206,46.04
006125,Pareto,01,Piemonte,006,Alessandria,AL,1,Nord-ovest,G334,ITC,ITC1,ITC18,006125,42.198,44.51044,8.380135,509,12.06
006126,Parodi Ligure,01,Piemonte,006,Alessandria,AL,1,Nord-ovest,G338,ITC,ITC1,ITC18,006126,12.582,44.672894,8.760825,593,47.13
006127,Pasturana,01,Piemonte,006,Alessandria,AL,1,Nord-ovest,G367,ITC,ITC1,ITC18,006127,5.311,44.75026,8.746072,1263,237.81
006128,Pecetto di Valenza,01,Piemonte,006,Alessandria,AL,1,Nord-ovest,G397,ITC,ITC1,ITC18,006128,11.377,44.986178,8.668904,1156,101.61
006129,Pietra Marazzi,01,Piemonte,006,Alessandria,AL,1,Nord-ovest,G619,ITC,ITC1,ITC18,006129,8.116,44.951856,8.668337,850,104.73
006131,Pomaro Monferrato,01,Piemonte,006,Alessandria,AL,1,Nord-ovest,G807,ITC,ITC1,ITC18,006131,13.359,45.066118,8.589835,329,24.63
006132,Pontecurone,01,Piemonte,006,Alessandria,AL,1,Nord-ovest,G839,ITC,ITC1,ITC18,006132,29.915,44.95704,8.942243,3570,119.34
006133,Pontestura,01,Piemonte,006,Alessandria,AL,1,Nord-ovest,G858,ITC,ITC1,ITC18,006133,19.149,45.136303,8.330365,1317,68.78
006134,Ponti,01,Piemonte,006,Alessandria,AL,1,Nord-ovest,G861,ITC,ITC1,ITC18,006134,11.796,44.631647,8.3648,491,41.62
006135,Ponzano Monferrato,01,Piemonte,006,Alessandria,AL,1,Nord-ovest,G872,ITC,ITC1,ITC18,006135,11.614,45.083672,8.272842,328,28.24
006136,Ponzone,01,Piemonte,006,Alessandria,AL,1,Nord-ovest,G877,ITC,ITC1,ITC18,006136,68.618,44.559286,8.480988,1013,14.76
006137,Pozzol Groppo,01,Piemonte,006,Alessandria,AL,1,Nord-ovest,G960,ITC,ITC1,ITC18,006137,14.527,44.869604,9.040604,311,21.41
006138,Pozzolo Formigaro,01,Piemonte,006,Alessandria,AL,1,Nord-ovest,G961,ITC,ITC1,ITC18,006138,36.353,44.812018,8.791213,4558,125.38
006139,Prasco,01,Piemonte,006,Alessandria,AL,1,Nord-ovest,G987,ITC,ITC1,ITC18,006139,5.988,44.642447,8.542337,501,83.67
006140,Predosa,01,Piemonte,006,Alessandria,AL,1,Nord-ovest,H021,ITC,ITC1,ITC18,006140,32.729,44.753976,8.637465,1860,56.83
006141,Quargnento,01,Piemonte,006,Alessandria,AL,1,Nord-ovest,H104,ITC,ITC1,ITC18,006141,36.078,44.952645,8.493258,1362,37.75
006142,Quattordio,01,Piemonte,006,Alessandria,AL,1,Nord-ovest,H121,ITC,ITC1,ITC18,006142,17.82,44.903591,8.389915,1435,80.53
006143,Ricaldone,01,Piemonte,006,Alessandria,AL,1,Nord-ovest,H272,ITC,ITC1,ITC18,006143,9.957,44.727065,8.475604,604,60.66
006144,Rivalta Bormida,01,Piemonte,006,Alessandria,AL,1,Nord-ovest,H334,ITC,ITC1,ITC18,006144,10.096,44.710105,8.562909,1332,131.93
006145,Rivarone,01,Piemonte,006,Alessandria,AL,1,Nord-ovest,H343,ITC,ITC1,ITC18,006145,6.347,44.971789,8.71631,400,63.02
006147,Rocca Grimalda,01,Piemonte,006,Alessandria,AL,1,Nord-ovest,H414,ITC,ITC1,ITC18,006147,15.456,44.684903,8.646864,1396,90.32
006146,Roccaforte Ligure,01,Piemonte,006,Alessandria,AL,1,Nord-ovest,H406,ITC,ITC1,ITC18,006146,20.611,44.686689,9.017253,113,5.48
006148,Rocchetta Ligure,01,Piemonte,006,Alessandria,AL,1,Nord-ovest,H465,ITC,ITC1,ITC18,006148,9.873,44.692838,9.057971,222,22.49
006149,Rosignano Monferrato,01,Piemonte,006,Alessandria,AL,1,Nord-ovest,H569,ITC,ITC1,ITC18,006149,19.318,45.072003,8.42312,1387,71.8
006150,Sala Monferrato,01,Piemonte,006,Alessandria,AL,1,Nord-ovest,H677,ITC,ITC1,ITC18,006150,7.61,45.076083,8.351946,326,42.84
006151,Sale,01,Piemonte,006,Alessandria,AL,1,Nord-ovest,H694,ITC,ITC1,ITC18,006151,45.368,44.969321,8.800171,3853,84.93
006152,San Cristoforo,01,Piemonte,006,Alessandria,AL,1,Nord-ovest,H810,ITC,ITC1,ITC18,006152,3.462,44.697981,8.748308,519,149.91
006153,San Giorgio Monferrato,01,Piemonte,006,Alessandria,AL,1,Nord-ovest,H878,ITC,ITC1,ITC18,006153,7.14,45.108992,8.414978,1204,168.63
006154,San Salvatore Monferrato,01,Piemonte,006,Alessandria,AL,1,Nord-ovest,I144,ITC,ITC1,ITC18,006154,31.804,45.00277,8.559709,4053,127.44
006155,San Sebastiano Curone,01,Piemonte,006,Alessandria,AL,1,Nord-ovest,I150,ITC,ITC1,ITC18,006155,4.068,44.789221,9.067145,530,130.29
006156,Sant'Agata Fossili,01,Piemonte,006,Alessandria,AL,1,Nord-ovest,I190,ITC,ITC1,ITC18,006156,7.947,44.782697,8.906918,337,42.41
006157,Sardigliano,01,Piemonte,006,Alessandria,AL,1,Nord-ovest,I429,ITC,ITC1,ITC18,006157,12.835,44.765032,8.920504,375,29.22
006158,Sarezzano,01,Piemonte,006,Alessandria,AL,1,Nord-ovest,I432,ITC,ITC1,ITC18,006158,13.87,44.862853,8.925068,1096,79.02
006159,Serralunga di Crea,01,Piemonte,006,Alessandria,AL,1,Nord-ovest,I645,ITC,ITC1,ITC18,006159,8.936,45.097758,8.28665,510,57.07
006160,Serravalle Scrivia,01,Piemonte,006,Alessandria,AL,1,Nord-ovest,I657,ITC,ITC1,ITC18,006160,15.973,44.726167,8.841718,6004,375.88
006161,Sezzadio,01,Piemonte,006,Alessandria,AL,1,Nord-ovest,I711,ITC,ITC1,ITC18,006161,34.707,44.755334,8.595161,1185,34.14
006162,Silvano d'Orba,01,Piemonte,006,Alessandria,AL,1,Nord-ovest,I738,ITC,ITC1,ITC18,006162,12.165,44.679268,8.677513,1839,151.17
006163,Solero,01,Piemonte,006,Alessandria,AL,1,Nord-ovest,I798,ITC,ITC1,ITC18,006163,22.653,44.910277,8.500331,1581,69.79
006164,Solonghello,01,Piemonte,006,Alessandria,AL,1,Nord-ovest,I808,ITC,ITC1,ITC18,006164,4.969,45.128619,8.289022,196,39.44
006165,Spigno Monferrato,01,Piemonte,006,Alessandria,AL,1,Nord-ovest,I901,ITC,ITC1,ITC18,006165,54.224,44.519325,8.324979,887,16.36
006166,Spineto Scrivia,01,Piemonte,006,Alessandria,AL,1,Nord-ovest,I911,ITC,ITC1,ITC18,006166,3.811,44.837589,8.874586,356,93.41
006167,Stazzano,01,Piemonte,006,Alessandria,AL,1,Nord-ovest,I941,ITC,ITC1,ITC18,006167,18.235,44.735102,8.883537,2259,123.88
006168,Strevi,01,Piemonte,006,Alessandria,AL,1,Nord-ovest,I977,ITC,ITC1,ITC18,006168,15.113,44.697992,8.523402,1940,128.37
006169,Tagliolo Monferrato,01,Piemonte,006,Alessandria,AL,1,Nord-ovest,L027,ITC,ITC1,ITC18,006169,26.278,44.615479,8.696334,1460,55.56
006170,Tassarolo,01,Piemonte,006,Alessandria,AL,1,Nord-ovest,L059,ITC,ITC1,ITC18,006170,7.268,44.72831,8.766388,594,81.73
006171,Terruggia,01,Piemonte,006,Alessandria,AL,1,Nord-ovest,L139,ITC,ITC1,ITC18,006171,7.458,45.077053,8.454306,860,115.31
006172,Terzo,01,Piemonte,006,Alessandria,AL,1,Nord-ovest,L143,ITC,ITC1,ITC18,006172,8.89,44.680042,8.413759,817,91.9
006173,Ticineto,01,Piemonte,006,Alessandria,AL,1,Nord-ovest,L165,ITC,ITC1,ITC18,006173,8.081,45.101331,8.555762,1297,160.5
006174,Tortona,01,Piemonte,006,Alessandria,AL,1,Nord-ovest,L304,ITC,ITC1,ITC18,006174,98.818,44.884177,8.846526,26643,269.62
006175,Treville,01,Piemonte,006,Alessandria,AL,1,Nord-ovest,L403,ITC,ITC1,ITC18,006175,4.754,45.097915,8.3532,263,55.32
006176,Trisobbio,01,Piemonte,006,Alessandria,AL,1,Nord-ovest,L432,ITC,ITC1,ITC18,006176,9.247,44.660827,8.589909,621,67.16
006177,Valenza,01,Piemonte,006,Alessandria,AL,1,Nord-ovest,L570,ITC,ITC1,ITC18,006177,48.465,45.018435,8.628016,18313,377.86
006178,Valmacca,01,Piemonte,006,Alessandria,AL,1,Nord-ovest,L633,ITC,ITC1,ITC18,006178,12.444,45.107767,8.592827,973,78.19
006179,Vignale Monferrato,01,Piemonte,006,Alessandria,AL,1,Nord-ovest,L881,ITC,ITC1,ITC18,006179,18.237,45.005464,8.402632,926,50.78
006180,Vignole Borbera,01,Piemonte,006,Alessandria,AL,1,Nord-ovest,L887,ITC,ITC1,ITC18,006180,8.518,44.711365,8.91335,2066,242.55
006181,Viguzzolo,01,Piemonte,006,Alessandria,AL,1,Nord-ovest,L904,ITC,ITC1,ITC18,006181,18.286,44.906462,8.922043,3094,169.2
006182,Villadeati,01,Piemonte,006,Alessandria,AL,1,Nord-ovest,L931,ITC,ITC1,ITC18,006182,14.303,45.057376,8.168055,454,31.74
006183,Villalvernia,01,Piemonte,006,Alessandria,AL,1,Nord-ovest,L963,ITC,ITC1,ITC18,006183,4.596,44.80971,8.858804,846,184.07
006184,Villamiroglio,01,Piemonte,006,Alessandria,AL,1,Nord-ovest,L970,ITC,ITC1,ITC18,006184,9.945,45.13201,8.160275,283,28.46
006185,Villanova Monferrato,01,Piemonte,006,Alessandria,AL,1,Nord-ovest,L972,ITC,ITC1,ITC18,006185,16.751,45.183318,8.474806,1701,101.55
006186,Villaromagnano,01,Piemonte,006,Alessandria,AL,1,Nord-ovest,M009,ITC,ITC1,ITC18,006186,6.074,44.845569,8.897902,650,107.01
006187,Visone,01,Piemonte,006,Alessandria,AL,1,Nord-ovest,M077,ITC,ITC1,ITC18,006187,12.764,44.649812,8.505166,1169,91.59
006188,Volpedo,01,Piemonte,006,Alessandria,AL,1,Nord-ovest,M120,ITC,ITC1,ITC18,006188,10.451,44.885835,9.006185,1135,108.6
006189,Volpeglino,01,Piemonte,006,Alessandria,AL,1,Nord-ovest,M121,ITC,ITC1,ITC18,006189,3.262,44.89642,8.960052,129,39.55
006190,Voltaggio,01,Piemonte,006,Alessandria,AL,1,Nord-ovest,M123,ITC,ITC1,ITC18,006190,52.605,44.596292,8.837229,649,12.34
005001,Agliano Terme,01,Piemonte,005,Asti,AT,1,Nord-ovest,A072,ITC,ITC1,ITC17,005001,15.377,44.788606,8.245836,1545,100.47
005002,Albugnano,01,Piemonte,005,Asti,AT,1,Nord-ovest,A173,ITC,ITC1,ITC17,005002,9.74,45.0819,7.972075,525,53.9
005003,Antignano,01,Piemonte,005,Asti,AT,1,Nord-ovest,A312,ITC,ITC1,ITC17,005003,10.976,44.838156,8.13892,957,87.19
005004,Aramengo,01,Piemonte,005,Asti,AT,1,Nord-ovest,A352,ITC,ITC1,ITC17,005004,11.662,45.099846,7.992531,574,49.22
005005,Asti,01,Piemonte,005,Asti,AT,1,Nord-ovest,A479,ITC,ITC1,ITC17,005005,150.843,44.917207,8.1901,73604,487.95
005006,Azzano d'Asti,01,Piemonte,005,Asti,AT,1,Nord-ovest,A527,ITC,ITC1,ITC17,005006,6.515,44.88042,8.263111,383,58.79
005007,Baldichieri d'Asti,01,Piemonte,005,Asti,AT,1,Nord-ovest,A588,ITC,ITC1,ITC17,005007,5.117,44.906812,8.090988,1104,215.75
005008,Belveglio,01,Piemonte,005,Asti,AT,1,Nord-ovest,A770,ITC,ITC1,ITC17,005008,4.973,44.836422,8.333533,292,58.72
005009,Berzano di San Pietro,01,Piemonte,005,Asti,AT,1,Nord-ovest,A812,ITC,ITC1,ITC17,005009,7.137,45.100113,7.95159,404,56.61
005010,Bruno,01,Piemonte,005,Asti,AT,1,Nord-ovest,B221,ITC,ITC1,ITC17,005010,9.085,44.796953,8.451259,305,33.57
005011,Bubbio,01,Piemonte,005,Asti,AT,1,Nord-ovest,B236,ITC,ITC1,ITC17,005011,15.804,44.657383,8.296853,793,50.18
005012,Buttigliera d'Asti,01,Piemonte,005,Asti,AT,1,Nord-ovest,B306,ITC,ITC1,ITC17,005012,19.267,45.006645,7.949534,2505,130.02
005013,Calamandrana,01,Piemonte,005,Asti,AT,1,Nord-ovest,B376,ITC,ITC1,ITC17,005013,12.785,44.733646,8.339109,1643,128.51
005014,Calliano Monferrato,01,Piemonte,005,Asti,AT,1,Nord-ovest,B418,ITC,ITC1,ITC17,005014,17.348,45.002544,8.245501,1235,71.19
005015,Calosso,01,Piemonte,005,Asti,AT,1,Nord-ovest,B425,ITC,ITC1,ITC17,005015,15.572,44.743207,8.233083,1102,70.77
005016,Camerano Casasco,01,Piemonte,005,Asti,AT,1,Nord-ovest,B469,ITC,ITC1,ITC17,005016,6.943,44.980223,8.082449,421,60.64
005017,Canelli,01,Piemonte,005,Asti,AT,1,Nord-ovest,B594,ITC,ITC1,ITC17,005017,23.601,44.720545,8.287082,10014,424.3
005018,Cantarana,01,Piemonte,005,Asti,AT,1,Nord-ovest,B633,ITC,ITC1,ITC17,005018,9.774,44.896732,8.033975,974,99.65
005019,Capriglio,01,Piemonte,005,Asti,AT,1,Nord-ovest,B707,ITC,ITC1,ITC17,005019,5.063,45.00642,8.008072,295,58.27
005020,Casorzo Monferrato,01,Piemonte,005,Asti,AT,1,Nord-ovest,B991,ITC,ITC1,ITC17,005020,12.906,45.014395,8.334382,581,45.02
005021,Cassinasco,01,Piemonte,005,Asti,AT,1,Nord-ovest,C022,ITC,ITC1,ITC17,005021,11.772,44.694023,8.310185,559,47.49
005023,Castagnole Monferrato,01,Piemonte,005,Asti,AT,1,Nord-ovest,C047,ITC,ITC1,ITC17,005023,17.344,44.956226,8.30414,1129,65.09
005022,Castagnole delle Lanze,01,Piemonte,005,Asti,AT,1,Nord-ovest,C049,ITC,ITC1,ITC17,005022,21.684,44.757227,8.138342,3660,168.79
005024,Castel Boglione,01,Piemonte,005,Asti,AT,1,Nord-ovest,C064,ITC,ITC1,ITC17,005024,11.89,44.729699,8.376177,591,49.71
005032,Castel Rocchero,01,Piemonte,005,Asti,AT,1,Nord-ovest,C253,ITC,ITC1,ITC17,005032,5.759,44.720586,8.412295,356,61.82
005025,Castell'Alfero,01,Piemonte,005,Asti,AT,1,Nord-ovest,C127,ITC,ITC1,ITC17,005025,19.952,44.983572,8.212094,2588,129.71
005026,Castellero,01,Piemonte,005,Asti,AT,1,Nord-ovest,C154,ITC,ITC1,ITC17,005026,4.3,44.91996,8.070757,281,65.35
005027,Castelletto Molina,01,Piemonte,005,Asti,AT,1,Nord-ovest,C161,ITC,ITC1,ITC17,005027,3.107,44.743452,8.430785,137,44.09
005028,Castello di Annone,01,Piemonte,005,Asti,AT,1,Nord-ovest,A300,ITC,ITC1,ITC17,005028,23.079,44.895756,8.331079,1827,79.16
005029,Castelnuovo Belbo,01,Piemonte,005,Asti,AT,1,Nord-ovest,C226,ITC,ITC1,ITC17,005029,9.57,44.804333,8.417991,815,85.16
005030,Castelnuovo Calcea,01,Piemonte,005,Asti,AT,1,Nord-ovest,C230,ITC,ITC1,ITC17,005030,8.354,44.788222,8.286091,680,81.4
005031,Castelnuovo Don Bosco,01,Piemonte,005,Asti,AT,1,Nord-ovest,C232,ITC,ITC1,ITC17,005031,21.221,45.034754,7.978156,3095,145.85
005033,Cellarengo,01,Piemonte,005,Asti,AT,1,Nord-ovest,C438,ITC,ITC1,ITC17,005033,10.828,44.86982,7.939801,731,67.51
005034,Celle Enomondo,01,Piemonte,005,Asti,AT,1,Nord-ovest,C440,ITC,ITC1,ITC17,005034,5.804,44.858029,8.116144,430,74.09
005035,Cerreto d'Asti,01,Piemonte,005,Asti,AT,1,Nord-ovest,C528,ITC,ITC1,ITC17,005035,4.082,45.045708,8.030726,217,53.16
005036,Cerro Tanaro,01,Piemonte,005,Asti,AT,1,Nord-ovest,C533,ITC,ITC1,ITC17,005036,4.579,44.879399,8.367192,594,129.72
005037,Cessole,01,Piemonte,005,Asti,AT,1,Nord-ovest,C583,ITC,ITC1,ITC17,005037,12.347,44.646066,8.249306,327,26.48
005038,Chiusano d'Asti,01,Piemonte,005,Asti,AT,1,Nord-ovest,C658,ITC,ITC1,ITC17,005038,2.215,44.982421,8.120282,242,109.26
005039,Cinaglio,01,Piemonte,005,Asti,AT,1,Nord-ovest,C701,ITC,ITC1,ITC17,005039,5.744,44.965641,8.093327,404,70.33
005040,Cisterna d'Asti,01,Piemonte,005,Asti,AT,1,Nord-ovest,C739,ITC,ITC1,ITC17,005040,10.67,44.841153,7.995823,1221,114.43
005041,Coazzolo,01,Piemonte,005,Asti,AT,1,Nord-ovest,C804,ITC,ITC1,ITC17,005041,3.98,44.726947,8.153879,285,71.61
005042,Cocconato,01,Piemonte,005,Asti,AT,1,Nord-ovest,C807,ITC,ITC1,ITC17,005042,16.745,45.087852,8.052318,1415,84.5
005044,Corsione,01,Piemonte,005,Asti,AT,1,Nord-ovest,D046,ITC,ITC1,ITC17,005044,5.001,45.002729,8.148703,191,38.19
005045,Cortandone,01,Piemonte,005,Asti,AT,1,Nord-ovest,D050,ITC,ITC1,ITC17,005045,5.048,44.95572,8.059929,307,60.82
005046,Cortanze,01,Piemonte,005,Asti,AT,1,Nord-ovest,D051,ITC,ITC1,ITC17,005046,4.46,45.020407,8.091562,262,58.74
005047,Cortazzone,01,Piemonte,005,Asti,AT,1,Nord-ovest,D052,ITC,ITC1,ITC17,005047,10.176,44.976515,8.051524,596,58.57
005048,Cortiglione,01,Piemonte,005,Asti,AT,1,Nord-ovest,D072,ITC,ITC1,ITC17,005048,8.228,44.829345,8.362614,507,61.62
005049,Cossombrato,01,Piemonte,005,Asti,AT,1,Nord-ovest,D101,ITC,ITC1,ITC17,005049,5.546,44.981583,8.142956,506,91.24
005050,Costigliole d'Asti,01,Piemonte,005,Asti,AT,1,Nord-ovest,D119,ITC,ITC1,ITC17,005050,36.868,44.789611,8.17216,5664,153.63
005051,Cunico,01,Piemonte,005,Asti,AT,1,Nord-ovest,D207,ITC,ITC1,ITC17,005051,6.634,45.044103,8.089001,427,64.37
005052,Dusino San Michele,01,Piemonte,005,Asti,AT,1,Nord-ovest,D388,ITC,ITC1,ITC17,005052,12.307,44.920969,7.980656,1081,87.84
005053,Ferrere,01,Piemonte,005,Asti,AT,1,Nord-ovest,D554,ITC,ITC1,ITC17,005053,14.153,44.873163,7.996028,1511,106.76
005054,Fontanile,01,Piemonte,005,Asti,AT,1,Nord-ovest,D678,ITC,ITC1,ITC17,005054,8.134,44.74849,8.409887,473,58.15
005055,Frinco,01,Piemonte,005,Asti,AT,1,Nord-ovest,D802,ITC,ITC1,ITC17,005055,7.238,44.994085,8.17795,722,99.75
005056,Grana Monferrato,01,Piemonte,005,Asti,AT,1,Nord-ovest,E134,ITC,ITC1,ITC17,005056,5.989,45.003524,8.294641,507,84.66
005057,Grazzano Badoglio,01,Piemonte,005,Asti,AT,1,Nord-ovest,E159,ITC,ITC1,ITC17,005057,10.239,45.036961,8.311462,511,49.91
005058,Incisa Scapaccino,01,Piemonte,005,Asti,AT,1,Nord-ovest,E295,ITC,ITC1,ITC17,005058,20.718,44.816414,8.383709,2006,96.82
005059,Isola d'Asti,01,Piemonte,005,Asti,AT,1,Nord-ovest,E338,ITC,ITC1,ITC17,005059,13.377,44.828448,8.173605,1897,141.81
005060,Loazzolo,01,Piemonte,005,Asti,AT,1,Nord-ovest,E633,ITC,ITC1,ITC17,005060,14.467,44.657909,8.262797,296,20.46
005061,Maranzana,01,Piemonte,005,Asti,AT,1,Nord-ovest,E917,ITC,ITC1,ITC17,005061,4.86,44.761819,8.478556,204,41.98
005062,Maretto,01,Piemonte,005,Asti,AT,1,Nord-ovest,E944,ITC,ITC1,ITC17,005062,5.217,44.945092,8.038295,370,70.92
005063,Moasca,01,Piemonte,005,Asti,AT,1,Nord-ovest,F254,ITC,ITC1,ITC17,005063,4.149,44.763948,8.271293,522,125.81
005064,Mombaldone,01,Piemonte,005,Asti,AT,1,Nord-ovest,F308,ITC,ITC1,ITC17,005064,12.109,44.57681,8.33802,190,15.69
005065,Mombaruzzo,01,Piemonte,005,Asti,AT,1,Nord-ovest,F311,ITC,ITC1,ITC17,005065,22.001,44.779457,8.443728,892,40.54
005066,Mombercelli,01,Piemonte,005,Asti,AT,1,Nord-ovest,F316,ITC,ITC1,ITC17,005066,14.434,44.829601,8.293705,2038,141.19
005067,Monale,01,Piemonte,005,Asti,AT,1,Nord-ovest,F323,ITC,ITC1,ITC17,005067,8.827,44.933832,8.075009,990,112.16
005068,Monastero Bormida,01,Piemonte,005,Asti,AT,1,Nord-ovest,F325,ITC,ITC1,ITC17,005068,14.389,44.644729,8.330585,820,56.99
005069,Moncalvo,01,Piemonte,005,Asti,AT,1,Nord-ovest,F336,ITC,ITC1,ITC17,005069,17.365,45.044923,8.260518,2762,159.06
005070,Moncucco Torinese,01,Piemonte,005,Asti,AT,1,Nord-ovest,F343,ITC,ITC1,ITC17,005070,14.418,45.068167,7.919622,869,60.27
005071,Mongardino,01,Piemonte,005,Asti,AT,1,Nord-ovest,F361,ITC,ITC1,ITC17,005071,7.131,44.847274,8.225052,834,116.95
005072,Montabone,01,Piemonte,005,Asti,AT,1,Nord-ovest,F386,ITC,ITC1,ITC17,005072,8.728,44.701894,8.38686,301,34.49
005073,Montafia,01,Piemonte,005,Asti,AT,1,Nord-ovest,F390,ITC,ITC1,ITC17,005073,14.554,44.990349,8.014541,932,64.04
005074,Montaldo Scarampi,01,Piemonte,005,Asti,AT,1,Nord-ovest,F409,ITC,ITC1,ITC17,005074,6.661,44.828292,8.261202,708,106.29
005075,Montechiaro d'Asti,01,Piemonte,005,Asti,AT,1,Nord-ovest,F468,ITC,ITC1,ITC17,005075,10.207,45.00916,8.110157,1221,119.62
005076,Montegrosso d'Asti,01,Piemonte,005,Asti,AT,1,Nord-ovest,F527,ITC,ITC1,ITC17,005076,15.523,44.81789,8.226276,2320,149.46
005077,Montemagno Monferrato,01,Piemonte,005,Asti,AT,1,Nord-ovest,F556,ITC,ITC1,ITC17,005077,15.827,44.972515,8.325505,1030,65.08
005121,Montiglio Monferrato,01,Piemonte,005,Asti,AT,1,Nord-ovest,M302,ITC,ITC1,ITC17,005121,27.031,45.057148,8.101271,1497,55.38
005122,Moransengo-Tonengo,01,Piemonte,005,Asti,AT,1,Nord-ovest,M434,ITC,ITC1,ITC17,005122,10.412,45.116274,8.016729,420,40.34
005080,Nizza Monferrato,01,Piemonte,005,Asti,AT,1,Nord-ovest,F902,ITC,ITC1,ITC17,005080,30.222,44.766488,8.358115,10168,336.44
005081,Olmo Gentile,01,Piemonte,005,Asti,AT,1,Nord-ovest,G048,ITC,ITC1,ITC17,005081,5.867,44.578874,8.25455,67,11.42
005082,Passerano Marmorito,01,Piemonte,005,Asti,AT,1,Nord-ovest,G358,ITC,ITC1,ITC17,005082,12.033,45.051124,8.012333,446,37.06
005083,Penango,01,Piemonte,005,Asti,AT,1,Nord-ovest,G430,ITC,ITC1,ITC17,005083,9.632,45.025502,8.259229,417,43.29
005084,Piea,01,Piemonte,005,Asti,AT,1,Nord-ovest,G593,ITC,ITC1,ITC17,005084,8.953,45.020386,8.061008,489,54.62
005085,Pino d'Asti,01,Piemonte,005,Asti,AT,1,Nord-ovest,G676,ITC,ITC1,ITC17,005085,4.051,45.053164,7.988146,217,53.57
005086,Piovà Massaia,01,Piemonte,005,Asti,AT,1,Nord-ovest,G692,ITC,ITC1,ITC17,005086,11.195,45.044989,8.052823,557,49.75
005087,Portacomaro,01,Piemonte,005,Asti,AT,1,Nord-ovest,G894,ITC,ITC1,ITC17,005087,11.414,44.949587,8.257898,1891,165.67
005088,Quaranti,01,Piemonte,005,Asti,AT,1,Nord-ovest,H102,ITC,ITC1,ITC17,005088,2.959,44.746678,8.447677,144,48.67
005089,Refrancore,01,Piemonte,005,Asti,AT,1,Nord-ovest,H219,ITC,ITC1,ITC17,005089,13.204,44.933604,8.347733,1535,116.25
005090,Revigliasco d'Asti,01,Piemonte,005,Asti,AT,1,Nord-ovest,H250,ITC,ITC1,ITC17,005090,8.699,44.855537,8.157578,752,86.45
005091,Roatto,01,Piemonte,005,Asti,AT,1,Nord-ovest,H366,ITC,ITC1,ITC17,005091,6.274,44.948553,8.015573,350,55.79
005092,Robella,01,Piemonte,005,Asti,AT,1,Nord-ovest,H376,ITC,ITC1,ITC17,005092,12.279,45.105798,8.097483,440,35.83
005093,Rocca d'Arazzo,01,Piemonte,005,Asti,AT,1,Nord-ovest,H392,ITC,ITC1,ITC17,005093,12.656,44.867921,8.29454,935,73.88
005094,Roccaverano,01,Piemonte,005,Asti,AT,1,Nord-ovest,H451,ITC,ITC1,ITC17,005094,29.969,44.588712,8.286757,360,12.01
005095,Rocchetta Palafea,01,Piemonte,005,Asti,AT,1,Nord-ovest,H466,ITC,ITC1,ITC17,005095,7.536,44.705075,8.346276,320,42.46
005096,Rocchetta Tanaro,01,Piemonte,005,Asti,AT,1,Nord-ovest,H468,ITC,ITC1,ITC17,005096,15.725,44.85859,8.345216,1357,86.3
005097,San Damiano d'Asti,01,Piemonte,005,Asti,AT,1,Nord-ovest,H811,ITC,ITC1,ITC17,005097,47.851,44.847675,8.05294,8040,168.02
005098,San Giorgio Scarampi,01,Piemonte,005,Asti,AT,1,Nord-ovest,H899,ITC,ITC1,ITC17,005098,5.97,44.608711,8.23446,98,16.42
005099,San Martino Alfieri,01,Piemonte,005,Asti,AT,1,Nord-ovest,H987,ITC,ITC1,ITC17,005099,7.142,44.825459,8.115756,661,92.55
005100,San Marzano Oliveto,01,Piemonte,005,Asti,AT,1,Nord-ovest,I017,ITC,ITC1,ITC17,005100,9.725,44.753808,8.295694,930,95.63
005101,San Paolo Solbrito,01,Piemonte,005,Asti,AT,1,Nord-ovest,I076,ITC,ITC1,ITC17,005101,12.062,44.953378,7.978866,1163,96.42
005103,Scurzolengo,01,Piemonte,005,Asti,AT,1,Nord-ovest,I555,ITC,ITC1,ITC17,005103,5.435,44.963961,8.275938,522,96.04
005104,Serole,01,Piemonte,005,Asti,AT,1,Nord-ovest,I637,ITC,ITC1,ITC17,005104,12.139,44.545483,8.264283,96,7.91
005105,Sessame,01,Piemonte,005,Asti,AT,1,Nord-ovest,I678,ITC,ITC1,ITC17,005105,8.491,44.671835,8.338983,222,26.15
005106,Settime,01,Piemonte,005,Asti,AT,1,Nord-ovest,I698,ITC,ITC1,ITC17,005106,6.637,44.960163,8.115261,531,80.01
005107,Soglio,01,Piemonte,005,Asti,AT,1,Nord-ovest,I781,ITC,ITC1,ITC17,005107,3.255,44.992433,8.072309,128,39.32
005108,Tigliole,01,Piemonte,005,Asti,AT,1,Nord-ovest,L168,ITC,ITC1,ITC17,005108,16.077,44.881893,8.084908,1739,108.17
005109,Tonco,01,Piemonte,005,Asti,AT,1,Nord-ovest,L203,ITC,ITC1,ITC17,005109,11.944,45.021103,8.186173,762,63.8
005111,Vaglio Serra,01,Piemonte,005,Asti,AT,1,Nord-ovest,L531,ITC,ITC1,ITC17,005111,4.778,44.80217,8.342329,260,54.42
005112,Valfenera,01,Piemonte,005,Asti,AT,1,Nord-ovest,L574,ITC,ITC1,ITC17,005112,21.91,44.883849,7.950874,2445,111.59
005113,Vesime,01,Piemonte,005,Asti,AT,1,Nord-ovest,L807,ITC,ITC1,ITC17,005113,13.09,44.634171,8.225829,582,44.46
005114,Viale,01,Piemonte,005,Asti,AT,1,Nord-ovest,L829,ITC,ITC1,ITC17,005114,3.792,45.004006,8.052622,227,59.86
005115,Viarigi,01,Piemonte,005,Asti,AT,1,Nord-ovest,L834,ITC,ITC1,ITC17,005115,13.572,44.959844,8.365922,807,59.46
005116,Vigliano d'Asti,01,Piemonte,005,Asti,AT,1,Nord-ovest,L879,ITC,ITC1,ITC17,005116,6.405,44.829528,8.219727,792,123.65
005119,Villa San Secondo,01,Piemonte,005,Asti,AT,1,Nord-ovest,M019,ITC,ITC1,ITC17,005119,6.166,44.996591,8.14346,388,62.93
005117,Villafranca d'Asti,01,Piemonte,005,Asti,AT,1,Nord-ovest,L945,ITC,ITC1,ITC17,005117,12.722,44.919179,8.034849,2959,232.59
005118,Villanova d'Asti,01,Piemonte,005,Asti,AT,1,Nord-ovest,L984,ITC,ITC1,ITC17,005118,41.634,44.953477,7.929142,5507,132.27
005120,Vinchio,01,Piemonte,005,Asti,AT,1,Nord-ovest,M058,ITC,ITC1,ITC17,005120,9.533,44.805805,8.315596,531,55.7
096001,Ailoche,01,Piemonte,096,Biella,BI,1,Nord-ovest,A107,ITC,ITC1,ITC13,096001,10.64,45.706027,8.213858,289,27.16
096002,Andorno Micca,01,Piemonte,096,Biella,BI,1,Nord-ovest,A280,ITC,ITC1,ITC13,096002,11.808,45.612319,8.063028,3014,255.25
096003,Benna,01,Piemonte,096,Biella,BI,1,Nord-ovest,A784,ITC,ITC1,ITC13,096003,9.384,45.51207,8.140326,1157,123.29
096004,Biella,01,Piemonte,096,Biella,BI,1,Nord-ovest,A859,ITC,ITC1,ITC13,096004,46.233,45.591808,8.021646,43356,937.77
096005,Bioglio,01,Piemonte,096,Biella,BI,1,Nord-ovest,A876,ITC,ITC1,ITC13,096005,18.781,45.694009,8.052706,888,47.28
096006,Borriana,01,Piemonte,096,Biella,BI,1,Nord-ovest,B058,ITC,ITC1,ITC13,096006,5.613,45.508502,8.038603,855,152.32
096007,Brusnengo,01,Piemonte,096,Biella,BI,1,Nord-ovest,B229,ITC,ITC1,ITC13,096007,10.215,45.572692,8.267868,1845,180.62
096008,Callabiana,01,Piemonte,096,Biella,BI,1,Nord-ovest,B417,ITC,ITC1,ITC13,096008,6.319,45.708843,7.932267,145,22.95
096009,Camandona,01,Piemonte,096,Biella,BI,1,Nord-ovest,B457,ITC,ITC1,ITC13,096009,9.039,45.701379,8.07073,321,35.51
096010,Camburzano,01,Piemonte,096,Biella,BI,1,Nord-ovest,B465,ITC,ITC1,ITC13,096010,3.806,45.545642,7.999694,1127,296.11
096086,Campiglia Cervo,01,Piemonte,096,Biella,BI,1,Nord-ovest,M373,ITC,ITC1,ITC13,096086,28.224,45.665772,8.001539,488,17.29
096012,Candelo,01,Piemonte,096,Biella,BI,1,Nord-ovest,B586,ITC,ITC1,ITC13,096012,15.219,45.536039,8.126719,7196,472.83
096013,Caprile,01,Piemonte,096,Biella,BI,1,Nord-ovest,B708,ITC,ITC1,ITC13,096013,11.269,45.742328,8.156822,191,16.95
096014,Casapinta,01,Piemonte,096,Biella,BI,1,Nord-ovest,B933,ITC,ITC1,ITC13,096014,2.869,45.612897,8.200755,365,127.22
096015,Castelletto Cervo,01,Piemonte,096,Biella,BI,1,Nord-ovest,C155,ITC,ITC1,ITC13,096015,15.037,45.517616,8.243583,758,50.41
096016,Cavaglià,01,Piemonte,096,Biella,BI,1,Nord-ovest,C363,ITC,ITC1,ITC13,096016,25.423,45.399359,8.099261,3464,136.25
096018,Cerrione,01,Piemonte,096,Biella,BI,1,Nord-ovest,C532,ITC,ITC1,ITC13,096018,28.297,45.474772,8.071077,2750,97.18
096019,Coggiola,01,Piemonte,096,Biella,BI,1,Nord-ovest,C819,ITC,ITC1,ITC13,096019,23.879,45.713359,8.152286,1617,67.72
096020,Cossato,01,Piemonte,096,Biella,BI,1,Nord-ovest,D094,ITC,ITC1,ITC13,096020,27.868,45.562561,8.187989,13833,496.38
096021,Crevacuore,01,Piemonte,096,Biella,BI,1,Nord-ovest,D165,ITC,ITC1,ITC13,096021,8.732,45.681275,8.250387,1373,157.24
096023,Curino,01,Piemonte,096,Biella,BI,1,Nord-ovest,D219,ITC,ITC1,ITC13,096023,21.414,45.638618,8.236376,466,21.76
096024,Donato,01,Piemonte,096,Biella,BI,1,Nord-ovest,D339,ITC,ITC1,ITC13,096024,11.749,45.555711,7.906942,681,57.96
096025,Dorzano,01,Piemonte,096,Biella,BI,1,Nord-ovest,D350,ITC,ITC1,ITC13,096025,4.951,45.427129,8.11166,528,106.65
096026,Gaglianico,01,Piemonte,096,Biella,BI,1,Nord-ovest,D848,ITC,ITC1,ITC13,096026,4.405,45.53497,8.078936,3803,863.34
096027,Gifflenga,01,Piemonte,096,Biella,BI,1,Nord-ovest,E024,ITC,ITC1,ITC13,096027,2.362,45.494593,8.233695,104,44.03
096028,Graglia,01,Piemonte,096,Biella,BI,1,Nord-ovest,E130,ITC,ITC1,ITC13,096028,20.254,45.568342,7.942422,1440,71.1
096085,Lessona,01,Piemonte,096,Biella,BI,1,Nord-ovest,M371,ITC,ITC1,ITC13,096085,12.902,45.575263,8.213712,2590,200.74
096030,Magnano,01,Piemonte,096,Biella,BI,1,Nord-ovest,E821,ITC,ITC1,ITC13,096030,10.367,45.469184,8.009235,339,32.7
096031,Massazza,01,Piemonte,096,Biella,BI,1,Nord-ovest,F037,ITC,ITC1,ITC13,096031,11.677,45.48761,8.159237,581,49.76
096032,Masserano,01,Piemonte,096,Biella,BI,1,Nord-ovest,F042,ITC,ITC1,ITC13,096032,27.154,45.564138,8.247936,1895,69.79
096033,Mezzana Mortigliengo,01,Piemonte,096,Biella,BI,1,Nord-ovest,F167,ITC,ITC1,ITC13,096033,4.282,45.628145,8.189739,475,110.93
096034,Miagliano,01,Piemonte,096,Biella,BI,1,Nord-ovest,F189,ITC,ITC1,ITC13,096034,0.792,45.618544,8.041706,535,675.51
096035,Mongrando,01,Piemonte,096,Biella,BI,1,Nord-ovest,F369,ITC,ITC1,ITC13,096035,16.193,45.524912,7.987102,3555,219.54
096037,Mottalciata,01,Piemonte,096,Biella,BI,1,Nord-ovest,F776,ITC,ITC1,ITC13,096037,18.222,45.505109,8.200082,1272,69.81
096038,Muzzano,01,Piemonte,096,Biella,BI,1,Nord-ovest,F833,ITC,ITC1,ITC13,096038,6.25,45.559596,7.991655,551,88.16
096039,Netro,01,Piemonte,096,Biella,BI,1,Nord-ovest,F878,ITC,ITC1,ITC13,096039,12.947,45.546571,7.939961,895,69.13
096040,Occhieppo Inferiore,01,Piemonte,096,Biella,BI,1,Nord-ovest,F992,ITC,ITC1,ITC13,096040,4.002,45.547566,8.022292,3793,947.78
096041,Occhieppo Superiore,01,Piemonte,096,Biella,BI,1,Nord-ovest,F993,ITC,ITC1,ITC13,096041,4.971,45.578989,7.986999,2531,509.15
096042,Pettinengo,01,Piemonte,096,Biella,BI,1,Nord-ovest,G521,ITC,ITC1,ITC13,096042,15.154,45.726862,8.036772,1443,95.22
096043,Piatto,01,Piemonte,096,Biella,BI,1,Nord-ovest,G577,ITC,ITC1,ITC13,096043,3.602,45.586414,8.140815,470,130.48
096044,Piedicavallo,01,Piemonte,096,Biella,BI,1,Nord-ovest,G594,ITC,ITC1,ITC13,096044,17.652,45.691327,7.955054,168,9.52
096046,Pollone,01,Piemonte,096,Biella,BI,1,Nord-ovest,G798,ITC,ITC1,ITC13,096046,16.441,45.588535,7.994923,1947,118.42
096047,Ponderano,01,Piemonte,096,Biella,BI,1,Nord-ovest,G820,ITC,ITC1,ITC13,096047,7.111,45.528597,8.049604,3608,507.38
096048,Portula,01,Piemonte,096,Biella,BI,1,Nord-ovest,G927,ITC,ITC1,ITC13,096048,11.204,45.696984,8.142055,1077,96.13
096049,Pralungo,01,Piemonte,096,Biella,BI,1,Nord-ovest,G980,ITC,ITC1,ITC13,096049,7.281,45.602406,8.030122,2293,314.93
096050,Pray,01,Piemonte,096,Biella,BI,1,Nord-ovest,G974,ITC,ITC1,ITC13,096050,9.322,45.67548,8.2077,1999,214.44
096087,Quaregna Cerreto,01,Piemonte,096,Biella,BI,1,Nord-ovest,M414,ITC,ITC1,ITC13,096087,8.556,45.57664,8.162873,2045,239.01
096053,Ronco Biellese,01,Piemonte,096,Biella,BI,1,Nord-ovest,H538,ITC,ITC1,ITC13,096053,3.992,45.585438,8.087235,1409,352.96
096054,Roppolo,01,Piemonte,096,Biella,BI,1,Nord-ovest,H553,ITC,ITC1,ITC13,096054,8.524,45.421803,8.074936,805,94.44
096055,Rosazza,01,Piemonte,096,Biella,BI,1,Nord-ovest,H561,ITC,ITC1,ITC13,096055,9.181,45.678905,7.963631,95,10.35
096056,Sagliano Micca,01,Piemonte,096,Biella,BI,1,Nord-ovest,H662,ITC,ITC1,ITC13,096056,14.315,45.634908,8.034842,1594,111.35
096057,Sala Biellese,01,Piemonte,096,Biella,BI,1,Nord-ovest,H681,ITC,ITC1,ITC13,096057,8.125,45.508508,7.964689,531,65.35
096058,Salussola,01,Piemonte,096,Biella,BI,1,Nord-ovest,H726,ITC,ITC1,ITC13,096058,38.404,45.452255,8.151602,1835,47.78
096059,Sandigliano,01,Piemonte,096,Biella,BI,1,Nord-ovest,H821,ITC,ITC1,ITC13,096059,10.255,45.513451,8.078266,2563,249.93
096063,Sordevolo,01,Piemonte,096,Biella,BI,1,Nord-ovest,I847,ITC,ITC1,ITC13,096063,13.802,45.592213,7.947885,1260,91.29
096064,Sostegno,01,Piemonte,096,Biella,BI,1,Nord-ovest,I868,ITC,ITC1,ITC13,096064,18.409,45.654608,8.278777,732,39.76
096065,Strona,01,Piemonte,096,Biella,BI,1,Nord-ovest,I980,ITC,ITC1,ITC13,096065,3.934,45.623627,8.169987,941,239.2
096066,Tavigliano,01,Piemonte,096,Biella,BI,1,Nord-ovest,L075,ITC,ITC1,ITC13,096066,11.34,45.716161,7.977179,884,77.95
096067,Ternengo,01,Piemonte,096,Biella,BI,1,Nord-ovest,L116,ITC,ITC1,ITC13,096067,1.809,45.588842,8.116025,264,145.94
096068,Tollegno,01,Piemonte,096,Biella,BI,1,Nord-ovest,L193,ITC,ITC1,ITC13,096068,3.358,45.601466,8.043884,2342,697.44
096069,Torrazzo,01,Piemonte,096,Biella,BI,1,Nord-ovest,L239,ITC,ITC1,ITC13,096069,5.646,45.500607,7.948316,192,34.01
096071,Valdengo,01,Piemonte,096,Biella,BI,1,Nord-ovest,L556,ITC,ITC1,ITC13,096071,7.896,45.566701,8.137336,2341,296.48
096088,Valdilana,01,Piemonte,096,Biella,BI,1,Nord-ovest,M417,ITC,ITC1,ITC13,096088,61.088,45.676797,8.12427,9880,161.73
096072,Vallanzengo,01,Piemonte,096,Biella,BI,1,Nord-ovest,L586,ITC,ITC1,ITC13,096072,4.632,45.681169,8.082464,189,40.8
096074,Valle San Nicolao,01,Piemonte,096,Biella,BI,1,Nord-ovest,L620,ITC,ITC1,ITC13,096074,12.916,45.71607,8.042311,815,63.1
096075,Veglio,01,Piemonte,096,Biella,BI,1,Nord-ovest,L712,ITC,ITC1,ITC13,096075,6.833,45.670421,8.044987,421,61.61
096076,Verrone,01,Piemonte,096,Biella,BI,1,Nord-ovest,L785,ITC,ITC1,ITC13,096076,8.432,45.501917,8.115251,1160,137.57
096077,Vigliano Biellese,01,Piemonte,096,Biella,BI,1,Nord-ovest,L880,ITC,ITC1,ITC13,096077,8.278,45.562392,8.106878,7577,915.32
096078,Villa del Bosco,01,Piemonte,096,Biella,BI,1,Nord-ovest,L933,ITC,ITC1,ITC13,096078,3.916,45.622287,8.279946,312,79.67
096079,Villanova Biellese,01,Piemonte,096,Biella,BI,1,Nord-ovest,L978,ITC,ITC1,ITC13,096079,7.845,45.474295,8.203484,173,22.05
096080,Viverone,01,Piemonte,096,Biella,BI,1,Nord-ovest,M098,ITC,ITC1,ITC13,096080,12.1,45.420364,8.040533,1318,108.93
096081,Zimone,01,Piemonte,096,Biella,BI,1,Nord-ovest,M179,ITC,ITC1,ITC13,096081,3.155,45.451041,8.041131,377,119.49
096082,Zubiena,01,Piemonte,096,Biella,BI,1,Nord-ovest,M196,ITC,ITC1,ITC13,096082,12.631,45.490858,8.004808,1138,90.1
096083,Zumaglia,01,Piemonte,096,Biella,BI,1,Nord-ovest,M201,ITC,ITC1,ITC13,096083,2.804,45.592145,8.08481,959,342.01
004001,Acceglio,01,Piemonte,004,Cuneo,CN,1,Nord-ovest,A016,ITC,ITC1,ITC16,004001,152.102,44.480295,6.947914,171,1.12
004002,Aisone,01,Piemonte,004,Cuneo,CN,1,Nord-ovest,A113,ITC,ITC1,ITC16,004002,37.237,44.281397,7.218033,206,5.53
004003,Alba,01,Piemonte,004,Cuneo,CN,1,Nord-ovest,A124,ITC,ITC1,ITC16,004003,53.219,44.684343,8.030963,30985,582.22
004004,Albaretto della Torre,01,Piemonte,004,Cuneo,CN,1,Nord-ovest,A139,ITC,ITC1,ITC16,004004,4.564,44.599304,8.059793,205,44.92
004005,Alto,01,Piemonte,004,Cuneo,CN,1,Nord-ovest,A238,ITC,ITC1,ITC16,004005,7.72,44.118259,7.991961,152,19.69
004006,Argentera,01,Piemonte,004,Cuneo,CN,1,Nord-ovest,A394,ITC,ITC1,ITC16,004006,76.444,44.37461,6.961809,76,0.99
004007,Arguello,01,Piemonte,004,Cuneo,CN,1,Nord-ovest,A396,ITC,ITC1,ITC16,004007,4.993,44.588137,8.101586,190,38.05
004008,Bagnasco,01,Piemonte,004,Cuneo,CN,1,Nord-ovest,A555,ITC,ITC1,ITC16,004008,30.635,44.29175,8.033489,929,30.32
004009,Bagnolo Piemonte,01,Piemonte,004,Cuneo,CN,1,Nord-ovest,A571,ITC,ITC1,ITC16,004009,63.367,44.749895,7.248568,5685,89.72
004010,Baldissero d'Alba,01,Piemonte,004,Cuneo,CN,1,Nord-ovest,A589,ITC,ITC1,ITC16,004010,15.21,44.762523,7.895233,1043,68.57
004011,Barbaresco,01,Piemonte,004,Cuneo,CN,1,Nord-ovest,A629,ITC,ITC1,ITC16,004011,7.715,44.721299,8.076127,600,77.77
004012,Barge,01,Piemonte,004,Cuneo,CN,1,Nord-ovest,A660,ITC,ITC1,ITC16,004012,81.68,44.725781,7.321048,7510,91.94
004013,Barolo,01,Piemonte,004,Cuneo,CN,1,Nord-ovest,A671,ITC,ITC1,ITC16,004013,5.582,44.614498,7.938327,613,109.82
004014,Bastia Mondovì,01,Piemonte,004,Cuneo,CN,1,Nord-ovest,A709,ITC,ITC1,ITC16,004014,12.371,44.45036,7.900631,628,50.76
004015,Battifollo,01,Piemonte,004,Cuneo,CN,1,Nord-ovest,A716,ITC,ITC1,ITC16,004015,11.239,44.31731,8.014771,256,22.78
004016,Beinette,01,Piemonte,004,Cuneo,CN,1,Nord-ovest,A735,ITC,ITC1,ITC16,004016,17.678,44.364386,7.654058,3540,200.25
004017,Bellino,01,Piemonte,004,Cuneo,CN,1,Nord-ovest,A750,ITC,ITC1,ITC16,004017,62.117,44.579937,6.989609,99,1.59
004018,Belvedere Langhe,01,Piemonte,004,Cuneo,CN,1,Nord-ovest,A774,ITC,ITC1,ITC16,004018,4.848,44.499258,7.980118,333,68.69
004019,Bene Vagienna,01,Piemonte,004,Cuneo,CN,1,Nord-ovest,A779,ITC,ITC1,ITC16,004019,48.864,44.537929,7.833205,3645,74.59
004020,Benevello,01,Piemonte,004,Cuneo,CN,1,Nord-ovest,A782,ITC,ITC1,ITC16,004020,5.306,44.631856,8.09803,457,86.13
004021,Bergolo,01,Piemonte,004,Cuneo,CN,1,Nord-ovest,A798,ITC,ITC1,ITC16,004021,3.229,44.548111,8.178693,51,15.79
004022,Bernezzo,01,Piemonte,004,Cuneo,CN,1,Nord-ovest,A805,ITC,ITC1,ITC16,004022,26.107,44.385884,7.417625,4276,163.79
004023,Bonvicino,01,Piemonte,004,Cuneo,CN,1,Nord-ovest,A979,ITC,ITC1,ITC16,004023,7.299,44.504763,8.017222,102,13.97
004025,Borgo San Dalmazzo,01,Piemonte,004,Cuneo,CN,1,Nord-ovest,B033,ITC,ITC1,ITC16,004025,22.121,44.326826,7.469971,12618,570.41
004024,Borgomale,01,Piemonte,004,Cuneo,CN,1,Nord-ovest,B018,ITC,ITC1,ITC16,004024,8.328,44.631424,8.122518,372,44.67
004026,Bosia,01,Piemonte,004,Cuneo,CN,1,Nord-ovest,B079,ITC,ITC1,ITC16,004026,5.577,44.598068,8.143528,168,30.12
004027,Bossolasco,01,Piemonte,004,Cuneo,CN,1,Nord-ovest,B084,ITC,ITC1,ITC16,004027,14.734,44.530685,8.055894,664,45.07
004028,Boves,01,Piemonte,004,Cuneo,CN,1,Nord-ovest,B101,ITC,ITC1,ITC16,004028,51.23,44.299319,7.565581,9612,187.62
004029,Bra,01,Piemonte,004,Cuneo,CN,1,Nord-ovest,B111,ITC,ITC1,ITC16,004029,59.433,44.704946,7.816349,29830,501.91
004030,Briaglia,01,Piemonte,004,Cuneo,CN,1,Nord-ovest,B167,ITC,ITC1,ITC16,004030,6.319,44.401686,7.87407,311,49.22
004031,Briga Alta,01,Piemonte,004,Cuneo,CN,1,Nord-ovest,B175,ITC,ITC1,ITC16,004031,51.861,44.117996,7.700216,41,0.79
004032,Brondello,01,Piemonte,004,Cuneo,CN,1,Nord-ovest,B200,ITC,ITC1,ITC16,004032,10.206,44.598691,7.400726,260,25.48
004033,Brossasco,01,Piemonte,004,Cuneo,CN,1,Nord-ovest,B204,ITC,ITC1,ITC16,004033,27.779,44.57621,7.354111,979,35.24
004034,Busca,01,Piemonte,004,Cuneo,CN,1,Nord-ovest,B285,ITC,ITC1,ITC16,004034,76.347,44.509157,7.449986,10228,133.97
004035,Camerana,01,Piemonte,004,Cuneo,CN,1,Nord-ovest,B467,ITC,ITC1,ITC16,004035,23.607,44.427507,8.133828,551,23.34
004037,Canale,01,Piemonte,004,Cuneo,CN,1,Nord-ovest,B573,ITC,ITC1,ITC16,004037,18.09,44.802256,8.009401,5404,298.73
004038,Canosio,01,Piemonte,004,Cuneo,CN,1,Nord-ovest,B621,ITC,ITC1,ITC16,004038,48.132,44.431955,7.052421,76,1.58
004039,Caprauna,01,Piemonte,004,Cuneo,CN,1,Nord-ovest,B692,ITC,ITC1,ITC16,004039,11.622,44.118673,7.949821,78,6.71
004040,Caraglio,01,Piemonte,004,Cuneo,CN,1,Nord-ovest,B719,ITC,ITC1,ITC16,004040,41.922,44.428584,7.442309,6842,163.21
004041,Caramagna Piemonte,01,Piemonte,004,Cuneo,CN,1,Nord-ovest,B720,ITC,ITC1,ITC16,004041,26.393,44.780017,7.728069,3013,114.16
004042,Cardè,01,Piemonte,004,Cuneo,CN,1,Nord-ovest,B755,ITC,ITC1,ITC16,004042,19.411,44.737626,7.474509,1174,60.48
004043,Carrù,01,Piemonte,004,Cuneo,CN,1,Nord-ovest,B841,ITC,ITC1,ITC16,004043,25.837,44.480666,7.851861,4494,173.94
004044,Cartignano,01,Piemonte,004,Cuneo,CN,1,Nord-ovest,B845,ITC,ITC1,ITC16,004044,6.349,44.496411,7.289493,161,25.36
004045,Casalgrasso,01,Piemonte,004,Cuneo,CN,1,Nord-ovest,B894,ITC,ITC1,ITC16,004045,17.892,44.814992,7.6213,1458,81.49
004046,Castagnito,01,Piemonte,004,Cuneo,CN,1,Nord-ovest,C046,ITC,ITC1,ITC16,004046,7.101,44.748924,8.058586,2294,323.05
004047,Casteldelfino,01,Piemonte,004,Cuneo,CN,1,Nord-ovest,C081,ITC,ITC1,ITC16,004047,33.935,44.591271,7.082272,143,4.21
004049,Castelletto Stura,01,Piemonte,004,Cuneo,CN,1,Nord-ovest,C165,ITC,ITC1,ITC16,004049,16.993,44.426179,7.632608,1377,81.03
004050,Castelletto Uzzone,01,Piemonte,004,Cuneo,CN,1,Nord-ovest,C167,ITC,ITC1,ITC16,004050,15.279,44.491731,8.190961,277,18.13
004051,Castellinaldo d'Alba,01,Piemonte,004,Cuneo,CN,1,Nord-ovest,C173,ITC,ITC1,ITC16,004051,7.606,44.77708,8.031702,911,119.77
004052,Castellino Tanaro,01,Piemonte,004,Cuneo,CN,1,Nord-ovest,C176,ITC,ITC1,ITC16,004052,11.24,44.426722,7.988923,273,24.29
004053,Castelmagno,01,Piemonte,004,Cuneo,CN,1,Nord-ovest,C205,ITC,ITC1,ITC16,004053,49.39,44.406066,7.186693,51,1.03
004054,Castelnuovo di Ceva,01,Piemonte,004,Cuneo,CN,1,Nord-ovest,C214,ITC,ITC1,ITC16,004054,6.268,44.348672,8.132295,102,16.27
004055,Castiglione Falletto,01,Piemonte,004,Cuneo,CN,1,Nord-ovest,C314,ITC,ITC1,ITC16,004055,4.837,44.631497,7.972746,655,135.41
004056,Castiglione Tinella,01,Piemonte,004,Cuneo,CN,1,Nord-ovest,C317,ITC,ITC1,ITC16,004056,11.844,44.732189,8.186464,746,62.99
004057,Castino,01,Piemonte,004,Cuneo,CN,1,Nord-ovest,C323,ITC,ITC1,ITC16,004057,15.638,44.623707,8.170567,431,27.56
004058,Cavallerleone,01,Piemonte,004,Cuneo,CN,1,Nord-ovest,C375,ITC,ITC1,ITC16,004058,16.591,44.735716,7.654478,664,40.02
004059,Cavallermaggiore,01,Piemonte,004,Cuneo,CN,1,Nord-ovest,C376,ITC,ITC1,ITC16,004059,51.303,44.710103,7.692747,5329,103.87
004060,Celle di Macra,01,Piemonte,004,Cuneo,CN,1,Nord-ovest,C441,ITC,ITC1,ITC16,004060,31.509,44.457165,7.172008,83,2.63
004061,Centallo,01,Piemonte,004,Cuneo,CN,1,Nord-ovest,C466,ITC,ITC1,ITC16,004061,42.622,44.487616,7.589078,6985,163.88
004062,Ceresole Alba,01,Piemonte,004,Cuneo,CN,1,Nord-ovest,C504,ITC,ITC1,ITC16,004062,37.182,44.819828,7.81343,1975,53.12
004063,Cerretto Langhe,01,Piemonte,004,Cuneo,CN,1,Nord-ovest,C530,ITC,ITC1,ITC16,004063,9.867,44.578361,8.077832,387,39.22
004064,Cervasca,01,Piemonte,004,Cuneo,CN,1,Nord-ovest,C547,ITC,ITC1,ITC16,004064,18.325,44.391639,7.487812,5190,283.22
004065,Cervere,01,Piemonte,004,Cuneo,CN,1,Nord-ovest,C550,ITC,ITC1,ITC16,004065,18.866,44.626135,7.765325,2280,120.85
004066,Ceva,01,Piemonte,004,Cuneo,CN,1,Nord-ovest,C589,ITC,ITC1,ITC16,004066,43.228,44.375782,8.020167,5895,136.37
004067,Cherasco,01,Piemonte,004,Cuneo,CN,1,Nord-ovest,C599,ITC,ITC1,ITC16,004067,81.187,44.641575,7.858715,9713,119.64
004068,Chiusa di Pesio,01,Piemonte,004,Cuneo,CN,1,Nord-ovest,C653,ITC,ITC1,ITC16,004068,95.781,44.271067,7.668576,3716,38.8
004069,Cigliè,01,Piemonte,004,Cuneo,CN,1,Nord-ovest,C681,ITC,ITC1,ITC16,004069,5.792,44.440405,7.931333,196,33.84
004070,Cissone,01,Piemonte,004,Cuneo,CN,1,Nord-ovest,C738,ITC,ITC1,ITC16,004070,5.99,44.563915,8.030503,76,12.69
004071,Clavesana,01,Piemonte,004,Cuneo,CN,1,Nord-ovest,C792,ITC,ITC1,ITC16,004071,17.121,44.476434,7.928677,775,45.27
004072,Corneliano d'Alba,01,Piemonte,004,Cuneo,CN,1,Nord-ovest,D022,ITC,ITC1,ITC16,004072,9.837,44.733869,7.951778,2167,220.29
004073,Cortemilia,01,Piemonte,004,Cuneo,CN,1,Nord-ovest,D062,ITC,ITC1,ITC16,004073,25.005,44.58033,8.186447,2104,84.14
004074,Cossano Belbo,01,Piemonte,004,Cuneo,CN,1,Nord-ovest,D093,ITC,ITC1,ITC16,004074,20.78,44.662216,8.19422,858,41.29
004075,Costigliole Saluzzo,01,Piemonte,004,Cuneo,CN,1,Nord-ovest,D120,ITC,ITC1,ITC16,004075,15.407,44.561191,7.490728,3307,214.64
004076,Cravanzana,01,Piemonte,004,Cuneo,CN,1,Nord-ovest,D133,ITC,ITC1,ITC16,004076,8.427,44.572404,8.123552,344,40.82
004077,Crissolo,01,Piemonte,004,Cuneo,CN,1,Nord-ovest,D172,ITC,ITC1,ITC16,004077,52.2,44.701754,7.121032,132,2.53
004078,Cuneo,01,Piemonte,004,Cuneo,CN,1,Nord-ovest,D205,ITC,ITC1,ITC16,004078,119.661,44.419251,7.558707,55747,465.87
004079,Demonte,01,Piemonte,004,Cuneo,CN,1,Nord-ovest,D271,ITC,ITC1,ITC16,004079,127.058,44.325997,7.286831,1848,14.54
004080,Diano d'Alba,01,Piemonte,004,Cuneo,CN,1,Nord-ovest,D291,ITC,ITC1,ITC16,004080,17.342,44.651538,8.027439,3547,204.53
004081,Dogliani,01,Piemonte,004,Cuneo,CN,1,Nord-ovest,D314,ITC,ITC1,ITC16,004081,35.682,44.533155,7.95394,4605,129.06
004082,Dronero,01,Piemonte,004,Cuneo,CN,1,Nord-ovest,D372,ITC,ITC1,ITC16,004082,58.356,44.455841,7.335812,7007,120.07
004083,Elva,01,Piemonte,004,Cuneo,CN,1,Nord-ovest,D401,ITC,ITC1,ITC16,004083,26.093,44.541641,7.089044,80,3.07
004084,Entracque,01,Piemonte,004,Cuneo,CN,1,Nord-ovest,D410,ITC,ITC1,ITC16,004084,161.174,44.18869,7.396607,741,4.6
004085,Envie,01,Piemonte,004,Cuneo,CN,1,Nord-ovest,D412,ITC,ITC1,ITC16,004085,25.087,44.692388,7.377163,1952,77.81
004086,Farigliano,01,Piemonte,004,Cuneo,CN,1,Nord-ovest,D499,ITC,ITC1,ITC16,004086,16.439,44.517903,7.919969,1698,103.29
004087,Faule,01,Piemonte,004,Cuneo,CN,1,Nord-ovest,D511,ITC,ITC1,ITC16,004087,7.267,44.794344,7.567026,474,65.23
004088,Feisoglio,01,Piemonte,004,Cuneo,CN,1,Nord-ovest,D523,ITC,ITC1,ITC16,004088,7.431,44.546007,8.104931,288,38.76
004089,Fossano,01,Piemonte,004,Cuneo,CN,1,Nord-ovest,D742,ITC,ITC1,ITC16,004089,129.719,44.535238,7.655998,24157,186.23
004090,Frabosa Soprana,01,Piemonte,004,Cuneo,CN,1,Nord-ovest,D751,ITC,ITC1,ITC16,004090,47.173,44.254365,7.821487,740,15.69
004091,Frabosa Sottana,01,Piemonte,004,Cuneo,CN,1,Nord-ovest,D752,ITC,ITC1,ITC16,004091,37.951,44.281436,7.773951,1644,43.32
004092,Frassino,01,Piemonte,004,Cuneo,CN,1,Nord-ovest,D782,ITC,ITC1,ITC16,004092,16.913,44.563751,7.270152,250,14.78
004093,Gaiola,01,Piemonte,004,Cuneo,CN,1,Nord-ovest,D856,ITC,ITC1,ITC16,004093,5.158,44.332161,7.407852,574,111.28
004094,Gambasca,01,Piemonte,004,Cuneo,CN,1,Nord-ovest,D894,ITC,ITC1,ITC16,004094,5.528,44.621653,7.335344,376,68.02
004095,Garessio,01,Piemonte,004,Cuneo,CN,1,Nord-ovest,D920,ITC,ITC1,ITC16,004095,130.44,44.198667,7.979634,2833,21.72
004096,Genola,01,Piemonte,004,Cuneo,CN,1,Nord-ovest,D967,ITC,ITC1,ITC16,004096,14.042,44.588288,7.669402,2564,182.6
004097,Gorzegno,01,Piemonte,004,Cuneo,CN,1,Nord-ovest,E111,ITC,ITC1,ITC16,004097,14.23,44.515612,8.122649,239,16.8
004098,Gottasecca,01,Piemonte,004,Cuneo,CN,1,Nord-ovest,E115,ITC,ITC1,ITC16,004098,13.729,44.461025,8.176139,116,8.45
004099,Govone,01,Piemonte,004,Cuneo,CN,1,Nord-ovest,E118,ITC,ITC1,ITC16,004099,19.152,44.796728,8.103333,2233,116.59
004100,Grinzane Cavour,01,Piemonte,004,Cuneo,CN,1,Nord-ovest,E182,ITC,ITC1,ITC16,004100,3.956,44.659942,7.995271,1938,489.89
004101,Guarene,01,Piemonte,004,Cuneo,CN,1,Nord-ovest,E251,ITC,ITC1,ITC16,004101,13.549,44.736,8.035781,3548,261.86
004102,Igliano,01,Piemonte,004,Cuneo,CN,1,Nord-ovest,E282,ITC,ITC1,ITC16,004102,3.296,44.441562,8.012672,63,19.11
004103,Isasca,01,Piemonte,004,Cuneo,CN,1,Nord-ovest,E327,ITC,ITC1,ITC16,004103,5.388,44.589467,7.370882,63,11.69
004105,La Morra,01,Piemonte,004,Cuneo,CN,1,Nord-ovest,E430,ITC,ITC1,ITC16,004105,24.406,44.653304,7.937028,2626,107.6
004104,Lagnasco,01,Piemonte,004,Cuneo,CN,1,Nord-ovest,E406,ITC,ITC1,ITC16,004104,18.063,44.627499,7.555523,1384,76.62
004106,Lequio Berria,01,Piemonte,004,Cuneo,CN,1,Nord-ovest,E540,ITC,ITC1,ITC16,004106,11.874,44.605553,8.099614,425,35.79
004107,Lequio Tanaro,01,Piemonte,004,Cuneo,CN,1,Nord-ovest,E539,ITC,ITC1,ITC16,004107,12.19,44.548646,7.88029,730,59.89
004108,Lesegno,01,Piemonte,004,Cuneo,CN,1,Nord-ovest,E546,ITC,ITC1,ITC16,004108,14.244,44.397106,7.969526,867,60.87
004109,Levice,01,Piemonte,004,Cuneo,CN,1,Nord-ovest,E564,ITC,ITC1,ITC16,004109,15.646,44.535769,8.154634,174,11.12
004110,Limone Piemonte,01,Piemonte,004,Cuneo,CN,1,Nord-ovest,E597,ITC,ITC1,ITC16,004110,70.836,44.192749,7.579957,1329,18.76
004111,Lisio,01,Piemonte,004,Cuneo,CN,1,Nord-ovest,E615,ITC,ITC1,ITC16,004111,8.139,44.305116,7.977163,181,22.24
004112,Macra,01,Piemonte,004,Cuneo,CN,1,Nord-ovest,E789,ITC,ITC1,ITC16,004112,24.245,44.502967,7.189948,42,1.73
004113,Magliano Alfieri,01,Piemonte,004,Cuneo,CN,1,Nord-ovest,E809,ITC,ITC1,ITC16,004113,9.366,44.766044,8.075304,2169,231.58
004114,Magliano Alpi,01,Piemonte,004,Cuneo,CN,1,Nord-ovest,E808,ITC,ITC1,ITC16,004114,33.061,44.461499,7.804035,2166,65.52
004115,Mango,01,Piemonte,004,Cuneo,CN,1,Nord-ovest,E887,ITC,ITC1,ITC16,004115,19.872,44.68482,8.157193,1233,62.05
004116,Manta,01,Piemonte,004,Cuneo,CN,1,Nord-ovest,E894,ITC,ITC1,ITC16,004116,11.75,44.615665,7.49167,3870,329.36
004117,Marene,01,Piemonte,004,Cuneo,CN,1,Nord-ovest,E939,ITC,ITC1,ITC16,004117,28.947,44.654655,7.73354,3367,116.32
004118,Margarita,01,Piemonte,004,Cuneo,CN,1,Nord-ovest,E945,ITC,ITC1,ITC16,004118,11.481,44.393978,7.669213,1413,123.07
004119,Marmora,01,Piemonte,004,Cuneo,CN,1,Nord-ovest,E963,ITC,ITC1,ITC16,004119,40.908,44.441053,7.124218,56,1.37
004120,Marsaglia,01,Piemonte,004,Cuneo,CN,1,Nord-ovest,E973,ITC,ITC1,ITC16,004120,13.351,44.455609,7.9915,222,16.63
004121,Martiniana Po,01,Piemonte,004,Cuneo,CN,1,Nord-ovest,E988,ITC,ITC1,ITC16,004121,13.291,44.616176,7.365043,811,61.02
004122,Melle,01,Piemonte,004,Cuneo,CN,1,Nord-ovest,F114,ITC,ITC1,ITC16,004122,27.987,44.548135,7.308051,293,10.47
004123,Moiola,01,Piemonte,004,Cuneo,CN,1,Nord-ovest,F279,ITC,ITC1,ITC16,004123,15.451,44.311994,7.389795,212,13.72
004124,Mombarcaro,01,Piemonte,004,Cuneo,CN,1,Nord-ovest,F309,ITC,ITC1,ITC16,004124,20.418,44.464137,8.072175,263,12.88
004125,Mombasiglio,01,Piemonte,004,Cuneo,CN,1,Nord-ovest,F312,ITC,ITC1,ITC16,004125,17.81,44.34842,7.961984,562,31.56
004126,Monastero di Vasco,01,Piemonte,004,Cuneo,CN,1,Nord-ovest,F326,ITC,ITC1,ITC16,004126,17.344,44.328342,7.825038,1257,72.47
004127,Monasterolo Casotto,01,Piemonte,004,Cuneo,CN,1,Nord-ovest,F329,ITC,ITC1,ITC16,004127,7.869,44.316054,7.943459,82,10.42
004128,Monasterolo di Savigliano,01,Piemonte,004,Cuneo,CN,1,Nord-ovest,F330,ITC,ITC1,ITC16,004128,15.132,44.680198,7.612426,1312,86.7
004129,Monchiero,01,Piemonte,004,Cuneo,CN,1,Nord-ovest,F338,ITC,ITC1,ITC16,004129,5.01,44.56747,7.922839,581,115.97
004130,Mondovì,01,Piemonte,004,Cuneo,CN,1,Nord-ovest,F351,ITC,ITC1,ITC16,004130,86.392,44.407944,7.807459,22371,258.95
004131,Monesiglio,01,Piemonte,004,Cuneo,CN,1,Nord-ovest,F355,ITC,ITC1,ITC16,004131,12.985,44.462308,8.125133,567,43.67
004132,Monforte d'Alba,01,Piemonte,004,Cuneo,CN,1,Nord-ovest,F358,ITC,ITC1,ITC16,004132,25.14,44.588482,7.972009,1864,74.14
004135,Montaldo Roero,01,Piemonte,004,Cuneo,CN,1,Nord-ovest,F408,ITC,ITC1,ITC16,004135,11.828,44.770595,7.917424,894,75.58
004134,Montaldo di Mondovì,01,Piemonte,004,Cuneo,CN,1,Nord-ovest,F405,ITC,ITC1,ITC16,004134,24.121,44.303312,7.854567,550,22.8
004136,Montanera,01,Piemonte,004,Cuneo,CN,1,Nord-ovest,F424,ITC,ITC1,ITC16,004136,11.762,44.459739,7.676697,682,57.98
004137,Montelupo Albese,01,Piemonte,004,Cuneo,CN,1,Nord-ovest,F550,ITC,ITC1,ITC16,004137,6.385,44.623807,8.031169,480,75.18
004138,Montemale di Cuneo,01,Piemonte,004,Cuneo,CN,1,Nord-ovest,F558,ITC,ITC1,ITC16,004138,11.372,44.43195,7.357507,244,21.46
004139,Monterosso Grana,01,Piemonte,004,Cuneo,CN,1,Nord-ovest,F608,ITC,ITC1,ITC16,004139,42.194,44.393819,7.307466,548,12.99
004140,Monteu Roero,01,Piemonte,004,Cuneo,CN,1,Nord-ovest,F654,ITC,ITC1,ITC16,004140,24.748,44.79441,7.887499,1582,63.92
004141,Montezemolo,01,Piemonte,004,Cuneo,CN,1,Nord-ovest,F666,ITC,ITC1,ITC16,004141,7.006,44.378555,8.135207,229,32.69
004142,Monticello d'Alba,01,Piemonte,004,Cuneo,CN,1,Nord-ovest,F669,ITC,ITC1,ITC16,004142,10.1,44.708421,7.91758,2333,230.99
004133,Montà,01,Piemonte,004,Cuneo,CN,1,Nord-ovest,F385,ITC,ITC1,ITC16,004133,26.701,44.824849,7.94688,4649,174.11
004143,Moretta,01,Piemonte,004,Cuneo,CN,1,Nord-ovest,F723,ITC,ITC1,ITC16,004143,23.89,44.766161,7.538183,4041,169.15
004144,Morozzo,01,Piemonte,004,Cuneo,CN,1,Nord-ovest,F743,ITC,ITC1,ITC16,004144,21.951,44.428248,7.692858,2032,92.57
004145,Murazzano,01,Piemonte,004,Cuneo,CN,1,Nord-ovest,F809,ITC,ITC1,ITC16,004145,27.649,44.470731,8.003551,841,30.42
004146,Murello,01,Piemonte,004,Cuneo,CN,1,Nord-ovest,F811,ITC,ITC1,ITC16,004146,17.646,44.752442,7.604827,936,53.04
004147,Narzole,01,Piemonte,004,Cuneo,CN,1,Nord-ovest,F846,ITC,ITC1,ITC16,004147,26.445,44.596877,7.868303,3528,133.41
004148,Neive,01,Piemonte,004,Cuneo,CN,1,Nord-ovest,F863,ITC,ITC1,ITC16,004148,21.284,44.728132,8.116903,3192,149.97
004149,Neviglie,01,Piemonte,004,Cuneo,CN,1,Nord-ovest,F883,ITC,ITC1,ITC16,004149,8.022,44.68889,8.120063,350,43.63
004150,Niella Belbo,01,Piemonte,004,Cuneo,CN,1,Nord-ovest,F894,ITC,ITC1,ITC16,004150,11.57,44.51732,8.083214,312,26.97
004151,Niella Tanaro,01,Piemonte,004,Cuneo,CN,1,Nord-ovest,F895,ITC,ITC1,ITC16,004151,15.877,44.41106,7.922116,939,59.14
004152,Novello,01,Piemonte,004,Cuneo,CN,1,Nord-ovest,F961,ITC,ITC1,ITC16,004152,11.76,44.58929,7.922448,921,78.32
004153,Nucetto,01,Piemonte,004,Cuneo,CN,1,Nord-ovest,F972,ITC,ITC1,ITC16,004153,7.794,44.336575,8.055761,387,49.65
004154,Oncino,01,Piemonte,004,Cuneo,CN,1,Nord-ovest,G066,ITC,ITC1,ITC16,004154,47.384,44.652776,7.157066,82,1.73
004155,Ormea,01,Piemonte,004,Cuneo,CN,1,Nord-ovest,G114,ITC,ITC1,ITC16,004155,124.76,44.163978,7.864454,1446,11.59
004156,Ostana,01,Piemonte,004,Cuneo,CN,1,Nord-ovest,G183,ITC,ITC1,ITC16,004156,14.084,44.708522,7.197502,78,5.54
004157,Paesana,01,Piemonte,004,Cuneo,CN,1,Nord-ovest,G228,ITC,ITC1,ITC16,004157,58.303,44.668515,7.250838,2663,45.68
004158,Pagno,01,Piemonte,004,Cuneo,CN,1,Nord-ovest,G240,ITC,ITC1,ITC16,004158,8.646,44.606916,7.436118,569,65.81
004159,Pamparato,01,Piemonte,004,Cuneo,CN,1,Nord-ovest,G302,ITC,ITC1,ITC16,004159,34.568,44.253043,7.915217,263,7.61
004160,Paroldo,01,Piemonte,004,Cuneo,CN,1,Nord-ovest,G339,ITC,ITC1,ITC16,004160,12.465,44.430076,8.072386,182,14.6
004161,Perletto,01,Piemonte,004,Cuneo,CN,1,Nord-ovest,G457,ITC,ITC1,ITC16,004161,9.68,44.593985,8.213709,255,26.34
004162,Perlo,01,Piemonte,004,Cuneo,CN,1,Nord-ovest,G458,ITC,ITC1,ITC16,004162,10.263,44.321707,8.09119,106,10.33
004163,Peveragno,01,Piemonte,004,Cuneo,CN,1,Nord-ovest,G526,ITC,ITC1,ITC16,004163,67.603,44.312181,7.618747,5502,81.39
004164,Pezzolo Valle Uzzone,01,Piemonte,004,Cuneo,CN,1,Nord-ovest,G532,ITC,ITC1,ITC16,004164,26.626,44.529379,8.218071,281,10.55
004165,Pianfei,01,Piemonte,004,Cuneo,CN,1,Nord-ovest,G561,ITC,ITC1,ITC16,004165,15.229,44.363504,7.712939,2093,137.44
004166,Piasco,01,Piemonte,004,Cuneo,CN,1,Nord-ovest,G575,ITC,ITC1,ITC16,004166,10.707,44.569806,7.448451,2758,257.59
004167,Pietraporzio,01,Piemonte,004,Cuneo,CN,1,Nord-ovest,G625,ITC,ITC1,ITC16,004167,55.685,44.328994,7.006896,68,1.22
004168,Piobesi d'Alba,01,Piemonte,004,Cuneo,CN,1,Nord-ovest,G683,ITC,ITC1,ITC16,004168,4.1,44.73234,7.984405,1469,358.29
004169,Piozzo,01,Piemonte,004,Cuneo,CN,1,Nord-ovest,G697,ITC,ITC1,ITC16,004169,14.3,44.518211,7.881722,991,69.3
004170,Pocapaglia,01,Piemonte,004,Cuneo,CN,1,Nord-ovest,G742,ITC,ITC1,ITC16,004170,17.624,44.726045,7.878495,3306,187.59
004171,Polonghera,01,Piemonte,004,Cuneo,CN,1,Nord-ovest,G800,ITC,ITC1,ITC16,004171,10.444,44.787825,7.596934,1119,107.14
004172,Pontechianale,01,Piemonte,004,Cuneo,CN,1,Nord-ovest,G837,ITC,ITC1,ITC16,004172,95.333,44.644723,7.028946,187,1.96
004173,Pradleves,01,Piemonte,004,Cuneo,CN,1,Nord-ovest,G970,ITC,ITC1,ITC16,004173,19.386,44.412067,7.272206,262,13.51
004174,Prazzo,01,Piemonte,004,Cuneo,CN,1,Nord-ovest,H011,ITC,ITC1,ITC16,004174,52.784,44.500277,7.052828,166,3.14
004175,Priero,01,Piemonte,004,Cuneo,CN,1,Nord-ovest,H059,ITC,ITC1,ITC16,004175,19.789,44.363655,8.100126,486,24.56
004176,Priocca,01,Piemonte,004,Cuneo,CN,1,Nord-ovest,H068,ITC,ITC1,ITC16,004176,8.846,44.792336,8.061775,2016,227.9
004177,Priola,01,Piemonte,004,Cuneo,CN,1,Nord-ovest,H069,ITC,ITC1,ITC16,004177,27.836,44.25341,8.023312,609,21.88
004178,Prunetto,01,Piemonte,004,Cuneo,CN,1,Nord-ovest,H085,ITC,ITC1,ITC16,004178,14.097,44.49495,8.139986,369,26.18
004179,Racconigi,01,Piemonte,004,Cuneo,CN,1,Nord-ovest,H150,ITC,ITC1,ITC16,004179,48.083,44.778594,7.66047,9626,200.2
004180,Revello,01,Piemonte,004,Cuneo,CN,1,Nord-ovest,H247,ITC,ITC1,ITC16,004180,52.657,44.673726,7.414273,4184,79.46
004181,Rifreddo,01,Piemonte,004,Cuneo,CN,1,Nord-ovest,H285,ITC,ITC1,ITC16,004181,6.949,44.65435,7.354384,1014,145.92
004182,Rittana,01,Piemonte,004,Cuneo,CN,1,Nord-ovest,H326,ITC,ITC1,ITC16,004182,11.242,44.359569,7.374982,98,8.72
004183,Roaschia,01,Piemonte,004,Cuneo,CN,1,Nord-ovest,H362,ITC,ITC1,ITC16,004183,23.627,44.255851,7.458158,87,3.68
004184,Roascio,01,Piemonte,004,Cuneo,CN,1,Nord-ovest,H363,ITC,ITC1,ITC16,004184,6.485,44.418339,8.026149,83,12.8
004185,Robilante,01,Piemonte,004,Cuneo,CN,1,Nord-ovest,H377,ITC,ITC1,ITC16,004185,24.704,44.283234,7.516465,2103,85.13
004186,Roburent,01,Piemonte,004,Cuneo,CN,1,Nord-ovest,H378,ITC,ITC1,ITC16,004186,29.771,44.265591,7.87898,487,16.36
004188,Rocca Cigliè,01,Piemonte,004,Cuneo,CN,1,Nord-ovest,H391,ITC,ITC1,ITC16,004188,6.988,44.443758,7.951116,124,17.74
004189,Rocca de' Baldi,01,Piemonte,004,Cuneo,CN,1,Nord-ovest,H395,ITC,ITC1,ITC16,004189,26.866,44.435545,7.742356,1615,60.11
004187,Roccabruna,01,Piemonte,004,Cuneo,CN,1,Nord-ovest,H385,ITC,ITC1,ITC16,004187,24.278,44.494301,7.32722,1519,62.57
004190,Roccaforte Mondovì,01,Piemonte,004,Cuneo,CN,1,Nord-ovest,H407,ITC,ITC1,ITC16,004190,84.355,44.249388,7.723479,2132,25.27
004191,Roccasparvera,01,Piemonte,004,Cuneo,CN,1,Nord-ovest,H447,ITC,ITC1,ITC16,004191,11.176,44.341331,7.441156,744,66.57
004192,Roccavione,01,Piemonte,004,Cuneo,CN,1,Nord-ovest,H453,ITC,ITC1,ITC16,004192,19.451,44.296134,7.469588,2610,134.18
004193,Rocchetta Belbo,01,Piemonte,004,Cuneo,CN,1,Nord-ovest,H462,ITC,ITC1,ITC16,004193,4.49,44.639371,8.174626,150,33.41
004194,Roddi,01,Piemonte,004,Cuneo,CN,1,Nord-ovest,H472,ITC,ITC1,ITC16,004194,9.53,44.67242,7.968604,1591,166.95
004195,Roddino,01,Piemonte,004,Cuneo,CN,1,Nord-ovest,H473,ITC,ITC1,ITC16,004195,10.593,44.570957,8.013181,394,37.19
004196,Rodello,01,Piemonte,004,Cuneo,CN,1,Nord-ovest,H474,ITC,ITC1,ITC16,004196,8.882,44.627125,8.06751,959,107.97
004197,Rossana,01,Piemonte,004,Cuneo,CN,1,Nord-ovest,H578,ITC,ITC1,ITC16,004197,19.915,44.536006,7.427943,836,41.98
004198,Ruffia,01,Piemonte,004,Cuneo,CN,1,Nord-ovest,H633,ITC,ITC1,ITC16,004198,7.481,44.714168,7.607857,357,47.72
004200,Sale San Giovanni,01,Piemonte,004,Cuneo,CN,1,Nord-ovest,H704,ITC,ITC1,ITC16,004200,7.967,44.400978,8.070651,151,18.95
004199,Sale delle Langhe,01,Piemonte,004,Cuneo,CN,1,Nord-ovest,H695,ITC,ITC1,ITC16,004199,10.819,44.392835,8.096104,473,43.72
004201,Saliceto,01,Piemonte,004,Cuneo,CN,1,Nord-ovest,H710,ITC,ITC1,ITC16,004201,24.376,44.416924,8.182577,1144,46.93
004202,Salmour,01,Piemonte,004,Cuneo,CN,1,Nord-ovest,H716,ITC,ITC1,ITC16,004202,12.761,44.5824,7.799625,719,56.34
004203,Saluzzo,01,Piemonte,004,Cuneo,CN,1,Nord-ovest,H727,ITC,ITC1,ITC16,004203,79.898,44.683558,7.494856,17575,219.97
004204,Sambuco,01,Piemonte,004,Cuneo,CN,1,Nord-ovest,H746,ITC,ITC1,ITC16,004204,46.125,44.346388,7.083645,81,1.76
004205,Sampeyre,01,Piemonte,004,Cuneo,CN,1,Nord-ovest,H755,ITC,ITC1,ITC16,004205,99.141,44.583594,7.184832,967,9.75
004206,San Benedetto Belbo,01,Piemonte,004,Cuneo,CN,1,Nord-ovest,H770,ITC,ITC1,ITC16,004206,4.972,44.49242,8.061226,141,28.36
004207,San Damiano Macra,01,Piemonte,004,Cuneo,CN,1,Nord-ovest,H812,ITC,ITC1,ITC16,004207,54.323,44.488652,7.244226,402,7.4
004210,San Michele Mondovì,01,Piemonte,004,Cuneo,CN,1,Nord-ovest,I037,ITC,ITC1,ITC16,004210,18.199,44.368385,7.916517,1896,104.18
004209,Sanfront,01,Piemonte,004,Cuneo,CN,1,Nord-ovest,H852,ITC,ITC1,ITC16,004209,39.994,44.640305,7.298972,2253,56.33
004208,Sanfrè,01,Piemonte,004,Cuneo,CN,1,Nord-ovest,H851,ITC,ITC1,ITC16,004208,15.428,44.748585,7.809819,3051,197.76
004211,Sant'Albano Stura,01,Piemonte,004,Cuneo,CN,1,Nord-ovest,I210,ITC,ITC1,ITC16,004211,27.537,44.499914,7.719332,2420,87.88
004212,Santa Vittoria d'Alba,01,Piemonte,004,Cuneo,CN,1,Nord-ovest,I316,ITC,ITC1,ITC16,004212,10.25,44.698774,7.938411,2928,285.66
004213,Santo Stefano Belbo,01,Piemonte,004,Cuneo,CN,1,Nord-ovest,I367,ITC,ITC1,ITC16,004213,27.18,44.701195,8.217567,3686,135.61
004214,Santo Stefano Roero,01,Piemonte,004,Cuneo,CN,1,Nord-ovest,I372,ITC,ITC1,ITC16,004214,12.999,44.80571,7.912521,1346,103.55
004215,Savigliano,01,Piemonte,004,Cuneo,CN,1,Nord-ovest,I470,ITC,ITC1,ITC16,004215,110.675,44.614953,7.641663,21761,196.62
004216,Scagnello,01,Piemonte,004,Cuneo,CN,1,Nord-ovest,I484,ITC,ITC1,ITC16,004216,9.249,44.333286,7.980316,166,17.95
004217,Scarnafigi,01,Piemonte,004,Cuneo,CN,1,Nord-ovest,I512,ITC,ITC1,ITC16,004217,30.557,44.691587,7.5577,2087,68.3
004218,Serralunga d'Alba,01,Piemonte,004,Cuneo,CN,1,Nord-ovest,I646,ITC,ITC1,ITC16,004218,8.612,44.616669,7.998122,484,56.2
004219,Serravalle Langhe,01,Piemonte,004,Cuneo,CN,1,Nord-ovest,I659,ITC,ITC1,ITC16,004219,8.899,44.557463,8.069202,324,36.41
004220,Sinio,01,Piemonte,004,Cuneo,CN,1,Nord-ovest,I750,ITC,ITC1,ITC16,004220,8.595,44.608622,8.029727,471,54.8
004221,Somano,01,Piemonte,004,Cuneo,CN,1,Nord-ovest,I817,ITC,ITC1,ITC16,004221,11.914,44.529559,8.012164,322,27.03
004223,Sommariva Perno,01,Piemonte,004,Cuneo,CN,1,Nord-ovest,I823,ITC,ITC1,ITC16,004223,17.419,44.744966,7.895378,2675,153.57
004222,Sommariva del Bosco,01,Piemonte,004,Cuneo,CN,1,Nord-ovest,I822,ITC,ITC1,ITC16,004222,35.341,44.774063,7.797304,6272,177.47
004224,Stroppo,01,Piemonte,004,Cuneo,CN,1,Nord-ovest,I985,ITC,ITC1,ITC16,004224,28.163,44.511496,7.127666,102,3.62
004225,Tarantasca,01,Piemonte,004,Cuneo,CN,1,Nord-ovest,L048,ITC,ITC1,ITC16,004225,12.359,44.496559,7.533195,2219,179.55
004226,Torre Bormida,01,Piemonte,004,Cuneo,CN,1,Nord-ovest,L252,ITC,ITC1,ITC16,004226,7.052,44.564465,8.150877,190,26.94
004227,Torre Mondovì,01,Piemonte,004,Cuneo,CN,1,Nord-ovest,L241,ITC,ITC1,ITC16,004227,18.183,44.323843,7.90785,509,27.99
004228,Torre San Giorgio,01,Piemonte,004,Cuneo,CN,1,Nord-ovest,L278,ITC,ITC1,ITC16,004228,5.323,44.72958,7.529024,698,131.13
004229,Torresina,01,Piemonte,004,Cuneo,CN,1,Nord-ovest,L281,ITC,ITC1,ITC16,004229,3.833,44.436496,8.034423,48,12.52
004230,Treiso,01,Piemonte,004,Cuneo,CN,1,Nord-ovest,L367,ITC,ITC1,ITC16,004230,9.87,44.683176,8.086378,734,74.37
004231,Trezzo Tinella,01,Piemonte,004,Cuneo,CN,1,Nord-ovest,L410,ITC,ITC1,ITC16,004231,10.628,44.668781,8.113436,289,27.19
004232,Trinità,01,Piemonte,004,Cuneo,CN,1,Nord-ovest,L427,ITC,ITC1,ITC16,004232,28.313,44.508745,7.762835,2322,82.01
004233,Valdieri,01,Piemonte,004,Cuneo,CN,1,Nord-ovest,L558,ITC,ITC1,ITC16,004233,153.197,44.223777,7.285515,911,5.95
004234,Valgrana,01,Piemonte,004,Cuneo,CN,1,Nord-ovest,L580,ITC,ITC1,ITC16,004234,23.013,44.401785,7.367644,790,34.33
004235,Valloriate,01,Piemonte,004,Cuneo,CN,1,Nord-ovest,L631,ITC,ITC1,ITC16,004235,16.981,44.342666,7.351927,92,5.42
004237,Venasca,01,Piemonte,004,Cuneo,CN,1,Nord-ovest,L729,ITC,ITC1,ITC16,004237,20.409,44.560876,7.399252,1335,65.41
004238,Verduno,01,Piemonte,004,Cuneo,CN,1,Nord-ovest,L758,ITC,ITC1,ITC16,004238,7.097,44.670949,7.934554,553,77.92
004239,Vernante,01,Piemonte,004,Cuneo,CN,1,Nord-ovest,L771,ITC,ITC1,ITC16,004239,61.966,44.20737,7.508051,1079,17.41
004240,Verzuolo,01,Piemonte,004,Cuneo,CN,1,Nord-ovest,L804,ITC,ITC1,ITC16,004240,26.102,44.59661,7.499704,6519,249.75
004241,Vezza d'Alba,01,Piemonte,004,Cuneo,CN,1,Nord-ovest,L817,ITC,ITC1,ITC16,004241,14.128,44.764102,7.998566,2377,168.25
004242,Vicoforte,01,Piemonte,004,Cuneo,CN,1,Nord-ovest,L841,ITC,ITC1,ITC16,004242,25.498,44.362193,7.865344,3187,124.99
004243,Vignolo,01,Piemonte,004,Cuneo,CN,1,Nord-ovest,L888,ITC,ITC1,ITC16,004243,7.912,44.359921,7.476001,2690,339.99
004244,Villafalletto,01,Piemonte,004,Cuneo,CN,1,Nord-ovest,L942,ITC,ITC1,ITC16,004244,29.586,44.556655,7.533484,2918,98.63
004245,Villanova Mondovì,01,Piemonte,004,Cuneo,CN,1,Nord-ovest,L974,ITC,ITC1,ITC16,004245,28.457,44.361951,7.757062,6038,212.18
004246,Villanova Solaro,01,Piemonte,004,Cuneo,CN,1,Nord-ovest,L990,ITC,ITC1,ITC16,004246,14.492,44.737305,7.564813,725,50.03
004247,Villar San Costanzo,01,Piemonte,004,Cuneo,CN,1,Nord-ovest,M015,ITC,ITC1,ITC16,004247,19.963,44.488624,7.39422,1548,77.54
004248,Vinadio,01,Piemonte,004,Cuneo,CN,1,Nord-ovest,M055,ITC,ITC1,ITC16,004248,182.845,44.273886,7.093662,566,3.1
004249,Viola,01,Piemonte,004,Cuneo,CN,1,Nord-ovest,M063,ITC,ITC1,ITC16,004249,20.99,44.27483,7.969278,383,18.25
004250,Vottignasco,01,Piemonte,004,Cuneo,CN,1,Nord-ovest,M136,ITC,ITC1,ITC16,004250,8.17,44.56094,7.576843,507,62.06
003001,Agrate Conturbia,01,Piemonte,003,Novara,NO,1,Nord-ovest,A088,ITC,ITC1,ITC15,003001,14.551,45.664677,8.569837,1579,108.51
003002,Ameno,01,Piemonte,003,Novara,NO,1,Nord-ovest,A264,ITC,ITC1,ITC15,003002,10.139,45.787091,8.453837,866,85.41
003006,Armeno,01,Piemonte,003,Novara,NO,1,Nord-ovest,A414,ITC,ITC1,ITC15,003006,31.31,45.836633,8.458345,2089,66.72
003008,Arona,01,Piemonte,003,Novara,NO,1,Nord-ovest,A429,ITC,ITC1,ITC15,003008,15.005,45.75375,8.558411,13632,908.5
003012,Barengo,01,Piemonte,003,Novara,NO,1,Nord-ovest,A653,ITC,ITC1,ITC15,003012,19.594,45.567282,8.504542,734,37.46
003016,Bellinzago Novarese,01,Piemonte,003,Novara,NO,1,Nord-ovest,A752,ITC,ITC1,ITC15,003016,39.447,45.55177,8.640906,9344,236.87
003018,Biandrate,01,Piemonte,003,Novara,NO,1,Nord-ovest,A844,ITC,ITC1,ITC15,003018,12.127,45.445419,8.448704,1384,114.13
003019,Boca,01,Piemonte,003,Novara,NO,1,Nord-ovest,A911,ITC,ITC1,ITC15,003019,9.582,45.68114,8.406533,1145,119.49
003021,Bogogno,01,Piemonte,003,Novara,NO,1,Nord-ovest,A929,ITC,ITC1,ITC15,003021,8.571,45.663142,8.534159,1324,154.47
003022,Bolzano Novarese,01,Piemonte,003,Novara,NO,1,Nord-ovest,A953,ITC,ITC1,ITC15,003022,3.631,45.763429,8.445657,1110,305.7
003025,Borgo Ticino,01,Piemonte,003,Novara,NO,1,Nord-ovest,B043,ITC,ITC1,ITC15,003025,13.222,45.691307,8.602886,5145,389.12
003023,Borgolavezzaro,01,Piemonte,003,Novara,NO,1,Nord-ovest,B016,ITC,ITC1,ITC15,003023,21.201,45.317146,8.68971,2025,95.51
003024,Borgomanero,01,Piemonte,003,Novara,NO,1,Nord-ovest,B019,ITC,ITC1,ITC15,003024,31.664,45.697655,8.467811,21202,669.59
003026,Briga Novarese,01,Piemonte,003,Novara,NO,1,Nord-ovest,B176,ITC,ITC1,ITC15,003026,4.839,45.730863,8.455096,2730,564.17
003027,Briona,01,Piemonte,003,Novara,NO,1,Nord-ovest,B183,ITC,ITC1,ITC15,003027,24.639,45.532551,8.499095,1129,45.82
003030,Caltignaga,01,Piemonte,003,Novara,NO,1,Nord-ovest,B431,ITC,ITC1,ITC15,003030,22.337,45.52645,8.578166,2453,109.82
003032,Cameri,01,Piemonte,003,Novara,NO,1,Nord-ovest,B473,ITC,ITC1,ITC15,003032,40.152,45.514629,8.659908,10867,270.65
003036,Carpignano Sesia,01,Piemonte,003,Novara,NO,1,Nord-ovest,B823,ITC,ITC1,ITC15,003036,14.592,45.542145,8.423928,2457,168.38
003037,Casalbeltrame,01,Piemonte,003,Novara,NO,1,Nord-ovest,B864,ITC,ITC1,ITC15,003037,16.119,45.431458,8.475071,1047,64.95
003039,Casaleggio Novara,01,Piemonte,003,Novara,NO,1,Nord-ovest,B883,ITC,ITC1,ITC15,003039,10.266,45.487147,8.49856,917,89.32
003040,Casalino,01,Piemonte,003,Novara,NO,1,Nord-ovest,B897,ITC,ITC1,ITC15,003040,39.265,45.383685,8.524825,1586,40.39
003041,Casalvolone,01,Piemonte,003,Novara,NO,1,Nord-ovest,B920,ITC,ITC1,ITC15,003041,17.454,45.398993,8.470925,888,50.88
003042,Castellazzo Novarese,01,Piemonte,003,Novara,NO,1,Nord-ovest,C149,ITC,ITC1,ITC15,003042,11.145,45.51227,8.496734,331,29.7
003043,Castelletto sopra Ticino,01,Piemonte,003,Novara,NO,1,Nord-ovest,C166,ITC,ITC1,ITC15,003043,14.866,45.708129,8.630504,9834,661.51
003044,Cavaglietto,01,Piemonte,003,Novara,NO,1,Nord-ovest,C364,ITC,ITC1,ITC15,003044,6.45,45.599089,8.498853,387,60.0
003045,Cavaglio d'Agogna,01,Piemonte,003,Novara,NO,1,Nord-ovest,C365,ITC,ITC1,ITC15,003045,9.931,45.605092,8.475009,1143,115.09
003047,Cavallirio,01,Piemonte,003,Novara,NO,1,Nord-ovest,C378,ITC,ITC1,ITC15,003047,8.276,45.666927,8.398165,1290,155.87
003049,Cerano,01,Piemonte,003,Novara,NO,1,Nord-ovest,C483,ITC,ITC1,ITC15,003049,33.014,45.405889,8.791288,6995,211.88
003051,Colazza,01,Piemonte,003,Novara,NO,1,Nord-ovest,C829,ITC,ITC1,ITC15,003051,2.977,45.789646,8.492136,553,185.76
003052,Comignago,01,Piemonte,003,Novara,NO,1,Nord-ovest,C926,ITC,ITC1,ITC15,003052,4.352,45.714729,8.560434,1264,290.44
003055,Cressa,01,Piemonte,003,Novara,NO,1,Nord-ovest,D162,ITC,ITC1,ITC15,003055,7.199,45.645905,8.509691,1559,216.56
003058,Cureggio,01,Piemonte,003,Novara,NO,1,Nord-ovest,D216,ITC,ITC1,ITC15,003058,8.432,45.668998,8.459525,2619,310.6
003060,Divignano,01,Piemonte,003,Novara,NO,1,Nord-ovest,D309,ITC,ITC1,ITC15,003060,5.009,45.654988,8.59663,1428,285.09
003062,Dormelletto,01,Piemonte,003,Novara,NO,1,Nord-ovest,D347,ITC,ITC1,ITC15,003062,7.189,45.734769,8.572354,2556,355.54
003065,Fara Novarese,01,Piemonte,003,Novara,NO,1,Nord-ovest,D492,ITC,ITC1,ITC15,003065,9.137,45.558994,8.454107,2009,219.88
003066,Fontaneto d'Agogna,01,Piemonte,003,Novara,NO,1,Nord-ovest,D675,ITC,ITC1,ITC15,003066,21.316,45.64107,8.464728,2656,124.6
003068,Galliate,01,Piemonte,003,Novara,NO,1,Nord-ovest,D872,ITC,ITC1,ITC15,003068,29.247,45.488487,8.71851,15884,543.1
003069,Garbagna Novarese,01,Piemonte,003,Novara,NO,1,Nord-ovest,D911,ITC,ITC1,ITC15,003069,10.06,45.392807,8.661292,1397,138.87
003070,Gargallo,01,Piemonte,003,Novara,NO,1,Nord-ovest,D921,ITC,ITC1,ITC15,003070,3.835,45.728113,8.401163,1751,456.58
003166,Gattico-Veruno,01,Piemonte,003,Novara,NO,1,Nord-ovest,M416,ITC,ITC1,ITC15,003166,26.36,45.704561,8.525177,5311,201.48
003073,Ghemme,01,Piemonte,003,Novara,NO,1,Nord-ovest,E001,ITC,ITC1,ITC15,003073,20.374,45.5962,8.43276,3429,168.3
003076,Gozzano,01,Piemonte,003,Novara,NO,1,Nord-ovest,E120,ITC,ITC1,ITC15,003076,12.222,45.746598,8.433968,5464,447.06
003077,Granozzo con Monticello,01,Piemonte,003,Novara,NO,1,Nord-ovest,E143,ITC,ITC1,ITC15,003077,19.159,45.370959,8.587822,1302,67.96
003079,Grignasco,01,Piemonte,003,Novara,NO,1,Nord-ovest,E177,ITC,ITC1,ITC15,003079,14.354,45.683707,8.344851,4299,299.5
003082,Invorio,01,Piemonte,003,Novara,NO,1,Nord-ovest,E314,ITC,ITC1,ITC15,003082,17.397,45.755242,8.483884,4290,246.59
003083,Landiona,01,Piemonte,003,Novara,NO,1,Nord-ovest,E436,ITC,ITC1,ITC15,003083,7.259,45.494345,8.422521,518,71.36
003084,Lesa,01,Piemonte,003,Novara,NO,1,Nord-ovest,E544,ITC,ITC1,ITC15,003084,13.428,45.825081,8.570014,2203,164.06
003088,Maggiora,01,Piemonte,003,Novara,NO,1,Nord-ovest,E803,ITC,ITC1,ITC15,003088,10.943,45.69681,8.417051,1627,148.68
003090,Mandello Vitta,01,Piemonte,003,Novara,NO,1,Nord-ovest,E880,ITC,ITC1,ITC15,003090,5.801,45.503532,8.462628,213,36.72
003091,Marano Ticino,01,Piemonte,003,Novara,NO,1,Nord-ovest,E907,ITC,ITC1,ITC15,003091,8.107,45.630529,8.633769,1623,200.2
003093,Massino Visconti,01,Piemonte,003,Novara,NO,1,Nord-ovest,F047,ITC,ITC1,ITC15,003093,6.874,45.824547,8.530865,1127,163.95
003095,Meina,01,Piemonte,003,Novara,NO,1,Nord-ovest,F093,ITC,ITC1,ITC15,003095,7.569,45.78693,8.535741,2340,309.16
003097,Mezzomerico,01,Piemonte,003,Novara,NO,1,Nord-ovest,F188,ITC,ITC1,ITC15,003097,7.604,45.622204,8.605059,1220,160.44
003098,Miasino,01,Piemonte,003,Novara,NO,1,Nord-ovest,F191,ITC,ITC1,ITC15,003098,5.463,45.807709,8.433521,805,147.35
003100,Momo,01,Piemonte,003,Novara,NO,1,Nord-ovest,F317,ITC,ITC1,ITC15,003100,23.288,45.571351,8.563126,2405,103.27
003103,Nebbiuno,01,Piemonte,003,Novara,NO,1,Nord-ovest,F859,ITC,ITC1,ITC15,003103,8.279,45.807639,8.515283,1859,224.54
003104,Nibbiola,01,Piemonte,003,Novara,NO,1,Nord-ovest,F886,ITC,ITC1,ITC15,003104,11.603,45.36957,8.650632,833,71.79
003106,Novara,01,Piemonte,003,Novara,NO,1,Nord-ovest,F952,ITC,ITC1,ITC15,003106,102.98,45.443586,8.634503,103238,1002.51
003108,Oleggio,01,Piemonte,003,Novara,NO,1,Nord-ovest,G019,ITC,ITC1,ITC15,003108,37.588,45.597238,8.644525,14270,379.64
003109,Oleggio Castello,01,Piemonte,003,Novara,NO,1,Nord-ovest,G020,ITC,ITC1,ITC15,003109,6.136,45.748247,8.531237,2225,362.61
003112,Orta San Giulio,01,Piemonte,003,Novara,NO,1,Nord-ovest,G134,ITC,ITC1,ITC15,003112,6.651,45.788046,8.418542,1086,163.28
003114,Paruzzaro,01,Piemonte,003,Novara,NO,1,Nord-ovest,G349,ITC,ITC1,ITC15,003114,5.449,45.7489,8.513768,2121,389.25
003115,Pella,01,Piemonte,003,Novara,NO,1,Nord-ovest,G421,ITC,ITC1,ITC15,003115,7.941,45.811329,8.391732,874,110.06
003116,Pettenasco,01,Piemonte,003,Novara,NO,1,Nord-ovest,G520,ITC,ITC1,ITC15,003116,7.105,45.830961,8.399015,1296,182.41
003119,Pisano,01,Piemonte,003,Novara,NO,1,Nord-ovest,G703,ITC,ITC1,ITC15,003119,2.812,45.794374,8.511133,794,282.36
003120,Pogno,01,Piemonte,003,Novara,NO,1,Nord-ovest,G775,ITC,ITC1,ITC15,003120,9.929,45.756163,8.376093,1365,137.48
003121,Pombia,01,Piemonte,003,Novara,NO,1,Nord-ovest,G809,ITC,ITC1,ITC15,003121,12.357,45.645696,8.647031,2119,171.48
003122,Prato Sesia,01,Piemonte,003,Novara,NO,1,Nord-ovest,H001,ITC,ITC1,ITC15,003122,12.383,45.665497,8.364271,1829,147.7
003129,Recetto,01,Piemonte,003,Novara,NO,1,Nord-ovest,H213,ITC,ITC1,ITC15,003129,8.841,45.456821,8.425747,1029,116.39
003130,Romagnano Sesia,01,Piemonte,003,Novara,NO,1,Nord-ovest,H502,ITC,ITC1,ITC15,003130,18.009,45.622515,8.405591,3759,208.73
003131,Romentino,01,Piemonte,003,Novara,NO,1,Nord-ovest,H518,ITC,ITC1,ITC15,003131,17.662,45.462548,8.74491,5658,320.35
003133,San Maurizio d'Opaglio,01,Piemonte,003,Novara,NO,1,Nord-ovest,I025,ITC,ITC1,ITC15,003133,8.658,45.779458,8.389353,2931,338.53
003134,San Nazzaro Sesia,01,Piemonte,003,Novara,NO,1,Nord-ovest,I052,ITC,ITC1,ITC15,003134,11.449,45.421371,8.420753,701,61.23
003135,San Pietro Mosezzo,01,Piemonte,003,Novara,NO,1,Nord-ovest,I116,ITC,ITC1,ITC15,003135,35.181,45.464124,8.537166,1960,55.71
003138,Sillavengo,01,Piemonte,003,Novara,NO,1,Nord-ovest,I736,ITC,ITC1,ITC15,003138,9.769,45.519253,8.44158,576,58.96
003139,Sizzano,01,Piemonte,003,Novara,NO,1,Nord-ovest,I767,ITC,ITC1,ITC15,003139,10.861,45.577405,8.445424,1320,121.54
003140,Soriso,01,Piemonte,003,Novara,NO,1,Nord-ovest,I857,ITC,ITC1,ITC15,003140,6.43,45.736898,8.398917,722,112.29
003141,Sozzago,01,Piemonte,003,Novara,NO,1,Nord-ovest,I880,ITC,ITC1,ITC15,003141,12.87,45.393928,8.72417,1105,85.86
003143,Suno,01,Piemonte,003,Novara,NO,1,Nord-ovest,L007,ITC,ITC1,ITC15,003143,21.403,45.625094,8.546888,2662,124.38
003144,Terdobbiate,01,Piemonte,003,Novara,NO,1,Nord-ovest,L104,ITC,ITC1,ITC15,003144,8.576,45.376141,8.69742,462,53.87
003146,Tornaco,01,Piemonte,003,Novara,NO,1,Nord-ovest,L223,ITC,ITC1,ITC15,003146,12.982,45.353482,8.727241,876,67.48
003149,Trecate,01,Piemonte,003,Novara,NO,1,Nord-ovest,L356,ITC,ITC1,ITC15,003149,38.414,45.429653,8.747488,21305,554.62
003153,Vaprio d'Agogna,01,Piemonte,003,Novara,NO,1,Nord-ovest,L668,ITC,ITC1,ITC15,003153,10.181,45.602398,8.55425,952,93.51
003154,Varallo Pombia,01,Piemonte,003,Novara,NO,1,Nord-ovest,L670,ITC,ITC1,ITC15,003154,13.617,45.669757,8.645123,5023,368.88
003158,Vespolate,01,Piemonte,003,Novara,NO,1,Nord-ovest,L808,ITC,ITC1,ITC15,003158,17.762,45.349438,8.663859,2080,117.1
003159,Vicolungo,01,Piemonte,003,Novara,NO,1,Nord-ovest,L847,ITC,ITC1,ITC15,003159,13.362,45.47593,8.447491,851,63.69
003164,Vinzaglio,01,Piemonte,003,Novara,NO,1,Nord-ovest,M062,ITC,ITC1,ITC15,003164,15.595,45.329138,8.498471,564,36.17
001001,Agliè,01,Piemonte,001,Torino,TO,1,Nord-ovest,A074,ITC,ITC1,ITC11,001001,13.248,45.365048,7.77714,2584,195.05
001002,Airasca,01,Piemonte,001,Torino,TO,1,Nord-ovest,A109,ITC,ITC1,ITC11,001002,16.04,44.921899,7.480579,3698,230.55
001003,Ala di Stura,01,Piemonte,001,Torino,TO,1,Nord-ovest,A117,ITC,ITC1,ITC11,001003,46.191,45.305213,7.290639,468,10.13
001004,Albiano d'Ivrea,01,Piemonte,001,Torino,TO,1,Nord-ovest,A157,ITC,ITC1,ITC11,001004,11.684,45.429826,7.948993,1633,139.76
001006,Almese,01,Piemonte,001,Torino,TO,1,Nord-ovest,A218,ITC,ITC1,ITC11,001006,17.995,45.119486,7.421194,6231,346.26
001007,Alpette,01,Piemonte,001,Torino,TO,1,Nord-ovest,A221,ITC,ITC1,ITC11,001007,5.558,45.407252,7.578768,235,42.28
001008,Alpignano,01,Piemonte,001,Torino,TO,1,Nord-ovest,A222,ITC,ITC1,ITC11,001008,11.903,45.104725,7.515936,16513,1387.3
001009,Andezeno,01,Piemonte,001,Torino,TO,1,Nord-ovest,A275,ITC,ITC1,ITC11,001009,7.481,45.037022,7.870609,1979,264.54
001010,Andrate,01,Piemonte,001,Torino,TO,1,Nord-ovest,A282,ITC,ITC1,ITC11,001010,9.363,45.548336,7.883337,468,49.98
001011,Angrogna,01,Piemonte,001,Torino,TO,1,Nord-ovest,A295,ITC,ITC1,ITC11,001011,38.42,44.859356,7.16876,794,20.67
001012,Arignano,01,Piemonte,001,Torino,TO,1,Nord-ovest,A405,ITC,ITC1,ITC11,001012,7.966,45.04246,7.900606,1076,135.07
001013,Avigliana,01,Piemonte,001,Torino,TO,1,Nord-ovest,A518,ITC,ITC1,ITC11,001013,23.003,45.072522,7.387587,12035,523.19
001014,Azeglio,01,Piemonte,001,Torino,TO,1,Nord-ovest,A525,ITC,ITC1,ITC11,001014,9.87,45.422004,7.991426,1224,124.01
001015,Bairo,01,Piemonte,001,Torino,TO,1,Nord-ovest,A584,ITC,ITC1,ITC11,001015,7.085,45.373949,7.748977,778,109.81
001016,Balangero,01,Piemonte,001,Torino,TO,1,Nord-ovest,A587,ITC,ITC1,ITC11,001016,12.938,45.275975,7.523415,3095,239.22
001017,Baldissero Canavese,01,Piemonte,001,Torino,TO,1,Nord-ovest,A590,ITC,ITC1,ITC11,001017,4.649,45.408047,7.749122,493,106.04
001018,Baldissero Torinese,01,Piemonte,001,Torino,TO,1,Nord-ovest,A591,ITC,ITC1,ITC11,001018,15.521,45.068405,7.811022,3692,237.87
001019,Balme,01,Piemonte,001,Torino,TO,1,Nord-ovest,A599,ITC,ITC1,ITC11,001019,62.757,45.295166,7.185579,97,1.55
001020,Banchette,01,Piemonte,001,Torino,TO,1,Nord-ovest,A607,ITC,ITC1,ITC11,001020,2.012,45.457157,7.858559,3097,1539.26
001021,Barbania,01,Piemonte,001,Torino,TO,1,Nord-ovest,A625,ITC,ITC1,ITC11,001021,12.789,45.295519,7.622348,1563,122.21
001022,Bardonecchia,01,Piemonte,001,Torino,TO,1,Nord-ovest,A651,ITC,ITC1,ITC11,001022,132.313,45.089935,6.725237,2853,21.56
001023,Barone Canavese,01,Piemonte,001,Torino,TO,1,Nord-ovest,A673,ITC,ITC1,ITC11,001023,3.991,45.322846,7.871182,525,131.55
001024,Beinasco,01,Piemonte,001,Torino,TO,1,Nord-ovest,A734,ITC,ITC1,ITC11,001024,6.921,45.015142,7.581635,17272,2495.59
001025,Bibiana,01,Piemonte,001,Torino,TO,1,Nord-ovest,A853,ITC,ITC1,ITC11,001025,18.478,44.789864,7.292349,3362,181.95
001026,Bobbio Pellice,01,Piemonte,001,Torino,TO,1,Nord-ovest,A910,ITC,ITC1,ITC11,001026,94.126,44.782454,7.064918,527,5.6
001027,Bollengo,01,Piemonte,001,Torino,TO,1,Nord-ovest,A941,ITC,ITC1,ITC11,001027,14.349,45.471295,7.952989,2099,146.28
001028,Borgaro Torinese,01,Piemonte,001,Torino,TO,1,Nord-ovest,A990,ITC,ITC1,ITC11,001028,10.819,45.143178,7.665286,11523,1065.07
001029,Borgiallo,01,Piemonte,001,Torino,TO,1,Nord-ovest,B003,ITC,ITC1,ITC11,001029,7.054,45.425755,7.66482,587,83.22
001030,Borgofranco d'Ivrea,01,Piemonte,001,Torino,TO,1,Nord-ovest,B015,ITC,ITC1,ITC11,001030,13.309,45.516669,7.862501,3424,257.27
001031,Borgomasino,01,Piemonte,001,Torino,TO,1,Nord-ovest,B021,ITC,ITC1,ITC11,001031,12.105,45.363923,7.980581,770,63.61
001032,Borgone Susa,01,Piemonte,001,Torino,TO,1,Nord-ovest,B024,ITC,ITC1,ITC11,001032,4.942,45.121684,7.247597,2250,455.28
001033,Bosconero,01,Piemonte,001,Torino,TO,1,Nord-ovest,B075,ITC,ITC1,ITC11,001033,10.939,45.270342,7.772763,3044,278.27
001034,Brandizzo,01,Piemonte,001,Torino,TO,1,Nord-ovest,B121,ITC,ITC1,ITC11,001034,6.398,45.173189,7.835389,8772,1371.05
001035,Bricherasio,01,Piemonte,001,Torino,TO,1,Nord-ovest,B171,ITC,ITC1,ITC11,001035,22.871,44.82983,7.304374,4611,201.61
001036,Brosso,01,Piemonte,001,Torino,TO,1,Nord-ovest,B205,ITC,ITC1,ITC11,001036,11.121,45.507248,7.804644,387,34.8
001037,Brozolo,01,Piemonte,001,Torino,TO,1,Nord-ovest,B209,ITC,ITC1,ITC11,001037,8.927,45.114386,8.06834,423,47.38
001038,Bruino,01,Piemonte,001,Torino,TO,1,Nord-ovest,B216,ITC,ITC1,ITC11,001038,5.767,45.013737,7.473,8364,1450.32
001039,Brusasco,01,Piemonte,001,Torino,TO,1,Nord-ovest,B225,ITC,ITC1,ITC11,001039,14.23,45.153374,8.064529,1495,105.06
001040,Bruzolo,01,Piemonte,001,Torino,TO,1,Nord-ovest,B232,ITC,ITC1,ITC11,001040,12.534,45.157208,7.200112,1513,120.71
001041,Buriasco,01,Piemonte,001,Torino,TO,1,Nord-ovest,B278,ITC,ITC1,ITC11,001041,14.785,44.87493,7.42142,1289,87.18
001042,Burolo,01,Piemonte,001,Torino,TO,1,Nord-ovest,B279,ITC,ITC1,ITC11,001042,5.469,45.483667,7.92537,1095,200.22
001043,Busano,01,Piemonte,001,Torino,TO,1,Nord-ovest,B284,ITC,ITC1,ITC11,001043,5.102,45.319655,7.661411,1578,309.29
001044,Bussoleno,01,Piemonte,001,Torino,TO,1,Nord-ovest,B297,ITC,ITC1,ITC11,001044,37.418,45.12506,7.15211,5766,154.1
001045,Buttigliera Alta,01,Piemonte,001,Torino,TO,1,Nord-ovest,B305,ITC,ITC1,ITC11,001045,8.104,45.075474,7.434365,6222,767.77
001046,Cafasse,01,Piemonte,001,Torino,TO,1,Nord-ovest,B350,ITC,ITC1,ITC11,001046,10.433,45.247799,7.505542,3388,324.74
001047,Caluso,01,Piemonte,001,Torino,TO,1,Nord-ovest,B435,ITC,ITC1,ITC11,001047,39.33,45.281391,7.880343,7338,186.58
001048,Cambiano,01,Piemonte,001,Torino,TO,1,Nord-ovest,B462,ITC,ITC1,ITC11,001048,14.12,44.979389,7.77931,5884,416.71
001049,Campiglione Fenile,01,Piemonte,001,Torino,TO,1,Nord-ovest,B512,ITC,ITC1,ITC11,001049,11.221,44.803929,7.328734,1297,115.59
001050,Candia Canavese,01,Piemonte,001,Torino,TO,1,Nord-ovest,B588,ITC,ITC1,ITC11,001050,9.327,45.331462,7.893546,1143,122.55
001051,Candiolo,01,Piemonte,001,Torino,TO,1,Nord-ovest,B592,ITC,ITC1,ITC11,001051,12.097,44.966877,7.570018,5563,459.87
001052,Canischio,01,Piemonte,001,Torino,TO,1,Nord-ovest,B605,ITC,ITC1,ITC11,001052,11.957,45.380512,7.577189,269,22.5
001053,Cantalupa,01,Piemonte,001,Torino,TO,1,Nord-ovest,B628,ITC,ITC1,ITC11,001053,11.386,44.953726,7.336173,2581,226.68
001054,Cantoira,01,Piemonte,001,Torino,TO,1,Nord-ovest,B637,ITC,ITC1,ITC11,001054,23.066,45.35121,7.384767,645,27.96
001055,Caprie,01,Piemonte,001,Torino,TO,1,Nord-ovest,B705,ITC,ITC1,ITC11,001055,16.341,45.138311,7.339216,2014,123.25
001056,Caravino,01,Piemonte,001,Torino,TO,1,Nord-ovest,B733,ITC,ITC1,ITC11,001056,11.491,45.398074,7.961489,891,77.54
001057,Carema,01,Piemonte,001,Torino,TO,1,Nord-ovest,B762,ITC,ITC1,ITC11,001057,10.582,45.585179,7.826565,697,65.87
001058,Carignano,01,Piemonte,001,Torino,TO,1,Nord-ovest,B777,ITC,ITC1,ITC11,001058,49.977,44.887346,7.643436,9250,185.09
001059,Carmagnola,01,Piemonte,001,Torino,TO,1,Nord-ovest,B791,ITC,ITC1,ITC11,001059,96.035,44.8619,7.747855,27971,291.26
001060,Casalborgone,01,Piemonte,001,Torino,TO,1,Nord-ovest,B867,ITC,ITC1,ITC11,001060,20.28,45.129438,7.941957,1865,91.96
001061,Cascinette d'Ivrea,01,Piemonte,001,Torino,TO,1,Nord-ovest,B953,ITC,ITC1,ITC11,001061,2.267,45.479905,7.907053,1503,662.99
001062,Caselette,01,Piemonte,001,Torino,TO,1,Nord-ovest,B955,ITC,ITC1,ITC11,001062,14.206,45.108036,7.474239,3024,212.87
001063,Caselle Torinese,01,Piemonte,001,Torino,TO,1,Nord-ovest,B960,ITC,ITC1,ITC11,001063,23.814,45.177978,7.650254,13738,576.89
001064,Castagneto Po,01,Piemonte,001,Torino,TO,1,Nord-ovest,C045,ITC,ITC1,ITC11,001064,11.439,45.160126,7.889211,1748,152.81
001065,Castagnole Piemonte,01,Piemonte,001,Torino,TO,1,Nord-ovest,C048,ITC,ITC1,ITC11,001065,17.226,44.89735,7.562104,2168,125.86
001066,Castellamonte,01,Piemonte,001,Torino,TO,1,Nord-ovest,C133,ITC,ITC1,ITC11,001066,38.279,45.408086,7.706037,9839,257.03
001067,Castelnuovo Nigra,01,Piemonte,001,Torino,TO,1,Nord-ovest,C241,ITC,ITC1,ITC11,001067,28.669,45.457376,7.695332,417,14.55
001068,Castiglione Torinese,01,Piemonte,001,Torino,TO,1,Nord-ovest,C307,ITC,ITC1,ITC11,001068,14.212,45.110349,7.807704,6519,458.7
001069,Cavagnolo,01,Piemonte,001,Torino,TO,1,Nord-ovest,C369,ITC,ITC1,ITC11,001069,12.673,45.15406,8.038696,2357,185.99
001070,Cavour,01,Piemonte,001,Torino,TO,1,Nord-ovest,C404,ITC,ITC1,ITC11,001070,48.628,44.797557,7.38081,5373,110.49
001071,Cercenasco,01,Piemonte,001,Torino,TO,1,Nord-ovest,C487,ITC,ITC1,ITC11,001071,13.249,44.868862,7.503285,1760,132.84
001072,Ceres,01,Piemonte,001,Torino,TO,1,Nord-ovest,C497,ITC,ITC1,ITC11,001072,27.971,45.322486,7.37236,957,34.21
001073,Ceresole Reale,01,Piemonte,001,Torino,TO,1,Nord-ovest,C505,ITC,ITC1,ITC11,001073,100.056,45.454809,7.168743,139,1.39
001074,Cesana Torinese,01,Piemonte,001,Torino,TO,1,Nord-ovest,C564,ITC,ITC1,ITC11,001074,121.848,44.928025,6.796847,887,7.28
001075,Chialamberto,01,Piemonte,001,Torino,TO,1,Nord-ovest,C604,ITC,ITC1,ITC11,001075,35.427,45.378506,7.34773,336,9.48
001076,Chianocco,01,Piemonte,001,Torino,TO,1,Nord-ovest,C610,ITC,ITC1,ITC11,001076,18.803,45.163634,7.17324,1494,79.46
001077,Chiaverano,01,Piemonte,001,Torino,TO,1,Nord-ovest,C624,ITC,ITC1,ITC11,001077,11.788,45.504293,7.907079,1958,166.1
001078,Chieri,01,Piemonte,001,Torino,TO,1,Nord-ovest,C627,ITC,ITC1,ITC11,001078,54.244,45.005405,7.82555,35822,660.39
001079,Chiesanuova,01,Piemonte,001,Torino,TO,1,Nord-ovest,C629,ITC,ITC1,ITC11,001079,4.23,45.420823,7.64949,229,54.14
001080,Chiomonte,01,Piemonte,001,Torino,TO,1,Nord-ovest,C639,ITC,ITC1,ITC11,001080,26.853,45.098176,6.987834,838,31.21
001081,Chiusa di San Michele,01,Piemonte,001,Torino,TO,1,Nord-ovest,C655,ITC,ITC1,ITC11,001081,5.833,45.096241,7.325241,1524,261.27
001082,Chivasso,01,Piemonte,001,Torino,TO,1,Nord-ovest,C665,ITC,ITC1,ITC11,001082,50.9,45.211759,7.88754,26038,511.55
001083,Ciconio,01,Piemonte,001,Torino,TO,1,Nord-ovest,C679,ITC,ITC1,ITC11,001083,3.047,45.327744,7.76173,358,117.49
001084,Cintano,01,Piemonte,001,Torino,TO,1,Nord-ovest,C711,ITC,ITC1,ITC11,001084,5.038,45.438117,7.686921,225,44.66
001085,Cinzano,01,Piemonte,001,Torino,TO,1,Nord-ovest,C715,ITC,ITC1,ITC11,001085,6.186,45.091896,7.923913,340,54.96
001086,Ciriè,01,Piemonte,001,Torino,TO,1,Nord-ovest,C722,ITC,ITC1,ITC11,001086,17.852,45.219887,7.592923,18083,1012.94
001087,Claviere,01,Piemonte,001,Torino,TO,1,Nord-ovest,C793,ITC,ITC1,ITC11,001087,2.684,44.923538,6.757041,199,74.14
001088,Coassolo Torinese,01,Piemonte,001,Torino,TO,1,Nord-ovest,C801,ITC,ITC1,ITC11,001088,27.958,45.327748,7.463247,1460,52.22
001089,Coazze,01,Piemonte,001,Torino,TO,1,Nord-ovest,C803,ITC,ITC1,ITC11,001089,56.068,45.042166,7.209739,3371,60.12
001090,Collegno,01,Piemonte,001,Torino,TO,1,Nord-ovest,C860,ITC,ITC1,ITC11,001090,18.196,45.093621,7.592768,47590,2615.41
001091,Colleretto Castelnuovo,01,Piemonte,001,Torino,TO,1,Nord-ovest,C867,ITC,ITC1,ITC11,001091,6.31,45.435599,7.675888,354,56.1
001092,Colleretto Giacosa,01,Piemonte,001,Torino,TO,1,Nord-ovest,C868,ITC,ITC1,ITC11,001092,4.666,45.429789,7.809375,576,123.45
001093,Condove,01,Piemonte,001,Torino,TO,1,Nord-ovest,C955,ITC,ITC1,ITC11,001093,70.977,45.151854,7.26871,4422,62.3
001094,Corio,01,Piemonte,001,Torino,TO,1,Nord-ovest,D008,ITC,ITC1,ITC11,001094,41.627,45.327505,7.523725,3106,74.62
001095,Cossano Canavese,01,Piemonte,001,Torino,TO,1,Nord-ovest,D092,ITC,ITC1,ITC11,001095,3.118,45.387165,7.998531,410,131.49
001096,Cuceglio,01,Piemonte,001,Torino,TO,1,Nord-ovest,D197,ITC,ITC1,ITC11,001096,7.011,45.358782,7.813886,917,130.79
001097,Cumiana,01,Piemonte,001,Torino,TO,1,Nord-ovest,D202,ITC,ITC1,ITC11,001097,60.83,44.963466,7.39273,7814,128.46
001098,Cuorgnè,01,Piemonte,001,Torino,TO,1,Nord-ovest,D208,ITC,ITC1,ITC11,001098,19.127,45.404124,7.627899,9483,495.79
001099,Druento,01,Piemonte,001,Torino,TO,1,Nord-ovest,D373,ITC,ITC1,ITC11,001099,27.531,45.151256,7.568444,8942,324.8
001100,Exilles,01,Piemonte,001,Torino,TO,1,Nord-ovest,D433,ITC,ITC1,ITC11,001100,46.589,45.101311,6.929838,241,5.17
001101,Favria,01,Piemonte,001,Torino,TO,1,Nord-ovest,D520,ITC,ITC1,ITC11,001101,14.953,45.307512,7.684432,4962,331.84
001102,Feletto,01,Piemonte,001,Torino,TO,1,Nord-ovest,D524,ITC,ITC1,ITC11,001102,8.097,45.294575,7.756858,2151,265.65
001103,Fenestrelle,01,Piemonte,001,Torino,TO,1,Nord-ovest,D532,ITC,ITC1,ITC11,001103,49.196,45.028938,7.070076,466,9.47
001104,Fiano,01,Piemonte,001,Torino,TO,1,Nord-ovest,D562,ITC,ITC1,ITC11,001104,11.913,45.213313,7.527239,2638,221.44
001105,Fiorano Canavese,01,Piemonte,001,Torino,TO,1,Nord-ovest,D608,ITC,ITC1,ITC11,001105,4.458,45.468789,7.831369,725,162.63
001106,Foglizzo,01,Piemonte,001,Torino,TO,1,Nord-ovest,D646,ITC,ITC1,ITC11,001106,15.62,45.267606,7.819722,2278,145.84
001107,Forno Canavese,01,Piemonte,001,Torino,TO,1,Nord-ovest,D725,ITC,ITC1,ITC11,001107,16.557,45.345749,7.567273,3152,190.37
001108,Frassinetto,01,Piemonte,001,Torino,TO,1,Nord-ovest,D781,ITC,ITC1,ITC11,001108,24.881,45.47311,7.626048,272,10.93
001109,Front,01,Piemonte,001,Torino,TO,1,Nord-ovest,D805,ITC,ITC1,ITC11,001109,10.94,45.276119,7.658797,1590,145.34
001110,Frossasco,01,Piemonte,001,Torino,TO,1,Nord-ovest,D812,ITC,ITC1,ITC11,001110,20.256,44.923435,7.367041,2846,140.5
001111,Garzigliana,01,Piemonte,001,Torino,TO,1,Nord-ovest,D931,ITC,ITC1,ITC11,001111,7.2,44.830936,7.365237,564,78.33
001112,Gassino Torinese,01,Piemonte,001,Torino,TO,1,Nord-ovest,D933,ITC,ITC1,ITC11,001112,20.063,45.115915,7.83997,9208,458.95
001113,Germagnano,01,Piemonte,001,Torino,TO,1,Nord-ovest,D983,ITC,ITC1,ITC11,001113,14.229,45.253033,7.459304,1131,79.49
001114,Giaglione,01,Piemonte,001,Torino,TO,1,Nord-ovest,E009,ITC,ITC1,ITC11,001114,33.664,45.150576,6.943181,585,17.38
001115,Giaveno,01,Piemonte,001,Torino,TO,1,Nord-ovest,E020,ITC,ITC1,ITC11,001115,71.947,45.025863,7.301912,16361,227.4
001116,Givoletto,01,Piemonte,001,Torino,TO,1,Nord-ovest,E067,ITC,ITC1,ITC11,001116,13.112,45.161006,7.492975,4060,309.64
001117,Gravere,01,Piemonte,001,Torino,TO,1,Nord-ovest,E154,ITC,ITC1,ITC11,001117,18.98,45.104549,7.028417,684,36.04
001118,Groscavallo,01,Piemonte,001,Torino,TO,1,Nord-ovest,E199,ITC,ITC1,ITC11,001118,92.238,45.369483,7.234842,183,1.98
001119,Grosso,01,Piemonte,001,Torino,TO,1,Nord-ovest,E203,ITC,ITC1,ITC11,001119,4.341,45.265984,7.566984,1004,231.28
001120,Grugliasco,01,Piemonte,001,Torino,TO,1,Nord-ovest,E216,ITC,ITC1,ITC11,001120,13.093,45.051511,7.596652,36410,2780.88
001121,Ingria,01,Piemonte,001,Torino,TO,1,Nord-ovest,E301,ITC,ITC1,ITC11,001121,15.239,45.484101,7.594802,44,2.89
001122,Inverso Pinasca,01,Piemonte,001,Torino,TO,1,Nord-ovest,E311,ITC,ITC1,ITC11,001122,8.058,44.934948,7.210679,677,84.02
001123,Isolabella,01,Piemonte,001,Torino,TO,1,Nord-ovest,E345,ITC,ITC1,ITC11,001123,4.834,44.904402,7.912417,355,73.44
001124,Issiglio,01,Piemonte,001,Torino,TO,1,Nord-ovest,E368,ITC,ITC1,ITC11,001124,5.404,45.449327,7.740527,434,80.31
001125,Ivrea,01,Piemonte,001,Torino,TO,1,Nord-ovest,E379,ITC,ITC1,ITC11,001125,30.529,45.451562,7.894015,22544,738.45
001126,La Cassa,01,Piemonte,001,Torino,TO,1,Nord-ovest,E394,ITC,ITC1,ITC11,001126,11.861,45.1786,7.517632,1719,144.93
001127,La Loggia,01,Piemonte,001,Torino,TO,1,Nord-ovest,E423,ITC,ITC1,ITC11,001127,13.097,44.953228,7.675702,8673,662.21
001128,Lanzo Torinese,01,Piemonte,001,Torino,TO,1,Nord-ovest,E445,ITC,ITC1,ITC11,001128,10.389,45.270929,7.48505,5038,484.94
001129,Lauriano,01,Piemonte,001,Torino,TO,1,Nord-ovest,E484,ITC,ITC1,ITC11,001129,14.079,45.153259,7.988875,1356,96.31
001130,Leini,01,Piemonte,001,Torino,TO,1,Nord-ovest,E518,ITC,ITC1,ITC11,001130,31.893,45.188026,7.718123,16339,512.31
001131,Lemie,01,Piemonte,001,Torino,TO,1,Nord-ovest,E520,ITC,ITC1,ITC11,001131,45.463,45.229173,7.285589,153,3.37
001132,Lessolo,01,Piemonte,001,Torino,TO,1,Nord-ovest,E551,ITC,ITC1,ITC11,001132,7.828,45.48383,7.825966,1748,223.3
001133,Levone,01,Piemonte,001,Torino,TO,1,Nord-ovest,E566,ITC,ITC1,ITC11,001133,5.399,45.320397,7.602609,476,88.16
001134,Locana,01,Piemonte,001,Torino,TO,1,Nord-ovest,E635,ITC,ITC1,ITC11,001134,132.299,45.441161,7.403133,1280,9.68
001135,Lombardore,01,Piemonte,001,Torino,TO,1,Nord-ovest,E660,ITC,ITC1,ITC11,001135,12.626,45.235173,7.722881,1735,137.41
001136,Lombriasco,01,Piemonte,001,Torino,TO,1,Nord-ovest,E661,ITC,ITC1,ITC11,001136,7.289,44.838126,7.629566,1090,149.54
001137,Loranzè,01,Piemonte,001,Torino,TO,1,Nord-ovest,E683,ITC,ITC1,ITC11,001137,4.251,45.445297,7.809811,1204,283.23
001139,Luserna San Giovanni,01,Piemonte,001,Torino,TO,1,Nord-ovest,E758,ITC,ITC1,ITC11,001139,17.643,44.801247,7.22248,7118,403.45
001140,Lusernetta,01,Piemonte,001,Torino,TO,1,Nord-ovest,E759,ITC,ITC1,ITC11,001140,7.134,44.793781,7.241946,505,70.79
001141,Lusigliè,01,Piemonte,001,Torino,TO,1,Nord-ovest,E763,ITC,ITC1,ITC11,001141,5.154,45.3093,7.769335,554,107.49
001142,Macello,01,Piemonte,001,Torino,TO,1,Nord-ovest,E782,ITC,ITC1,ITC11,001142,14.341,44.849435,7.412173,1180,82.28
001143,Maglione,01,Piemonte,001,Torino,TO,1,Nord-ovest,E817,ITC,ITC1,ITC11,001143,6.401,45.348607,8.005723,409,63.9
001316,Mappano,01,Piemonte,001,Torino,TO,1,Nord-ovest,M316,ITC,ITC1,ITC11,001316,9.785,45.152348,7.704256,7280,744.0
001144,Marentino,01,Piemonte,001,Torino,TO,1,Nord-ovest,E941,ITC,ITC1,ITC11,001144,11.163,45.066573,7.877209,1269,113.68
001145,Massello,01,Piemonte,001,Torino,TO,1,Nord-ovest,F041,ITC,ITC1,ITC11,001145,37.943,44.968975,7.027109,56,1.48
001146,Mathi,01,Piemonte,001,Torino,TO,1,Nord-ovest,F053,ITC,ITC1,ITC11,001146,7.216,45.267688,7.551228,3674,509.15
001147,Mattie,01,Piemonte,001,Torino,TO,1,Nord-ovest,F058,ITC,ITC1,ITC11,001147,28.285,45.096238,7.109329,679,24.01
001148,Mazzè,01,Piemonte,001,Torino,TO,1,Nord-ovest,F067,ITC,ITC1,ITC11,001148,27.06,45.28778,7.936619,4298,158.83
001149,Meana di Susa,01,Piemonte,001,Torino,TO,1,Nord-ovest,F074,ITC,ITC1,ITC11,001149,16.594,45.097122,7.0663,787,47.43
001150,Mercenasco,01,Piemonte,001,Torino,TO,1,Nord-ovest,F140,ITC,ITC1,ITC11,001150,12.748,45.35574,7.86674,1355,106.29
001152,Mezzenile,01,Piemonte,001,Torino,TO,1,Nord-ovest,F182,ITC,ITC1,ITC11,001152,29.064,45.281568,7.361926,735,25.29
001153,Mombello di Torino,01,Piemonte,001,Torino,TO,1,Nord-ovest,F315,ITC,ITC1,ITC11,001153,4.347,45.03864,7.920589,399,91.79
001154,Mompantero,01,Piemonte,001,Torino,TO,1,Nord-ovest,F318,ITC,ITC1,ITC11,001154,30.153,45.17307,7.084567,612,20.3
001155,Monastero di Lanzo,01,Piemonte,001,Torino,TO,1,Nord-ovest,F327,ITC,ITC1,ITC11,001155,17.562,45.328972,7.426406,403,22.95
001156,Moncalieri,01,Piemonte,001,Torino,TO,1,Nord-ovest,F335,ITC,ITC1,ITC11,001156,47.42,44.980426,7.694752,55442,1169.17
001157,Moncenisio,01,Piemonte,001,Torino,TO,1,Nord-ovest,D553,ITC,ITC1,ITC11,001157,4.462,45.207433,6.983955,44,9.86
001158,Montaldo Torinese,01,Piemonte,001,Torino,TO,1,Nord-ovest,F407,ITC,ITC1,ITC11,001158,4.747,45.065141,7.85222,709,149.36
001159,Montalenghe,01,Piemonte,001,Torino,TO,1,Nord-ovest,F411,ITC,ITC1,ITC11,001159,6.611,45.33116,7.831557,966,146.12
001160,Montalto Dora,01,Piemonte,001,Torino,TO,1,Nord-ovest,F420,ITC,ITC1,ITC11,001160,7.402,45.492146,7.860974,3307,446.77
001161,Montanaro,01,Piemonte,001,Torino,TO,1,Nord-ovest,F422,ITC,ITC1,ITC11,001161,20.99,45.231463,7.848708,4974,236.97
001162,Monteu da Po,01,Piemonte,001,Torino,TO,1,Nord-ovest,F651,ITC,ITC1,ITC11,001162,7.385,45.160697,8.019423,824,111.58
001163,Moriondo Torinese,01,Piemonte,001,Torino,TO,1,Nord-ovest,F733,ITC,ITC1,ITC11,001163,6.557,45.037196,7.940809,823,125.51
001164,Nichelino,01,Piemonte,001,Torino,TO,1,Nord-ovest,F889,ITC,ITC1,ITC11,001164,20.777,44.987473,7.625387,45680,2198.58
001165,Noasca,01,Piemonte,001,Torino,TO,1,Nord-ovest,F906,ITC,ITC1,ITC11,001165,78.312,45.46319,7.290668,97,1.24
001166,Nole,01,Piemonte,001,Torino,TO,1,Nord-ovest,F925,ITC,ITC1,ITC11,001166,11.203,45.248444,7.571542,6660,594.48
001167,Nomaglio,01,Piemonte,001,Torino,TO,1,Nord-ovest,F927,ITC,ITC1,ITC11,001167,3.115,45.541207,7.859389,275,88.28
001168,None,01,Piemonte,001,Torino,TO,1,Nord-ovest,F931,ITC,ITC1,ITC11,001168,24.698,44.948937,7.546677,7641,309.38
001169,Novalesa,01,Piemonte,001,Torino,TO,1,Nord-ovest,F948,ITC,ITC1,ITC11,001169,28.798,45.197697,7.032431,525,18.23
001170,Oglianico,01,Piemonte,001,Torino,TO,1,Nord-ovest,G010,ITC,ITC1,ITC11,001170,6.28,45.343626,7.686597,1419,225.96
001171,Orbassano,01,Piemonte,001,Torino,TO,1,Nord-ovest,G087,ITC,ITC1,ITC11,001171,22.16,45.009707,7.534604,22779,1027.93
001172,Orio Canavese,01,Piemonte,001,Torino,TO,1,Nord-ovest,G109,ITC,ITC1,ITC11,001172,7.196,45.324688,7.852598,730,101.45
001173,Osasco,01,Piemonte,001,Torino,TO,1,Nord-ovest,G151,ITC,ITC1,ITC11,001173,5.616,44.849884,7.346616,1161,206.73
001174,Osasio,01,Piemonte,001,Torino,TO,1,Nord-ovest,G152,ITC,ITC1,ITC11,001174,4.943,44.874317,7.612608,896,181.27
001175,Oulx,01,Piemonte,001,Torino,TO,1,Nord-ovest,G196,ITC,ITC1,ITC11,001175,99.524,45.048966,6.797502,3295,33.11
001176,Ozegna,01,Piemonte,001,Torino,TO,1,Nord-ovest,G202,ITC,ITC1,ITC11,001176,5.421,45.34252,7.753773,1164,214.72
001177,Palazzo Canavese,01,Piemonte,001,Torino,TO,1,Nord-ovest,G262,ITC,ITC1,ITC11,001177,5.148,45.457689,7.980139,834,162.0
001178,Pancalieri,01,Piemonte,001,Torino,TO,1,Nord-ovest,G303,ITC,ITC1,ITC11,001178,15.409,44.833487,7.573639,1945,126.22
001179,Parella,01,Piemonte,001,Torino,TO,1,Nord-ovest,G330,ITC,ITC1,ITC11,001179,2.734,45.424428,7.794027,394,144.11
001180,Pavarolo,01,Piemonte,001,Torino,TO,1,Nord-ovest,G387,ITC,ITC1,ITC11,001180,4.466,45.075769,7.834651,1165,260.86
001181,Pavone Canavese,01,Piemonte,001,Torino,TO,1,Nord-ovest,G392,ITC,ITC1,ITC11,001181,11.487,45.430579,7.847778,3628,315.84
001183,Pecetto Torinese,01,Piemonte,001,Torino,TO,1,Nord-ovest,G398,ITC,ITC1,ITC11,001183,9.253,45.016386,7.755801,4007,433.05
001184,Perosa Argentina,01,Piemonte,001,Torino,TO,1,Nord-ovest,G463,ITC,ITC1,ITC11,001184,25.955,44.978602,7.18447,3138,120.9
001185,Perosa Canavese,01,Piemonte,001,Torino,TO,1,Nord-ovest,G462,ITC,ITC1,ITC11,001185,4.633,45.405476,7.832891,492,106.19
001186,Perrero,01,Piemonte,001,Torino,TO,1,Nord-ovest,G465,ITC,ITC1,ITC11,001186,63.188,44.917253,7.129898,547,8.66
001187,Pertusio,01,Piemonte,001,Torino,TO,1,Nord-ovest,G477,ITC,ITC1,ITC11,001187,3.887,45.351285,7.641454,744,191.41
001188,Pessinetto,01,Piemonte,001,Torino,TO,1,Nord-ovest,G505,ITC,ITC1,ITC11,001188,5.623,45.288186,7.423842,612,108.84
001189,Pianezza,01,Piemonte,001,Torino,TO,1,Nord-ovest,G559,ITC,ITC1,ITC11,001189,16.416,45.111891,7.560697,15657,953.76
001190,Pinasca,01,Piemonte,001,Torino,TO,1,Nord-ovest,G672,ITC,ITC1,ITC11,001190,34.978,44.965992,7.243512,2756,78.79
001191,Pinerolo,01,Piemonte,001,Torino,TO,1,Nord-ovest,G674,ITC,ITC1,ITC11,001191,50.007,44.909766,7.322137,35436,708.62
001192,Pino Torinese,01,Piemonte,001,Torino,TO,1,Nord-ovest,G678,ITC,ITC1,ITC11,001192,21.819,45.042014,7.77603,8336,382.05
001193,Piobesi Torinese,01,Piemonte,001,Torino,TO,1,Nord-ovest,G684,ITC,ITC1,ITC11,001193,19.364,44.922213,7.604578,3764,194.38
001194,Piossasco,01,Piemonte,001,Torino,TO,1,Nord-ovest,G691,ITC,ITC1,ITC11,001194,39.79,44.982545,7.460384,17844,448.45
001195,Piscina,01,Piemonte,001,Torino,TO,1,Nord-ovest,G705,ITC,ITC1,ITC11,001195,9.76,44.918984,7.420151,3288,336.89
001196,Piverone,01,Piemonte,001,Torino,TO,1,Nord-ovest,G719,ITC,ITC1,ITC11,001196,11.094,45.442568,8.005321,1224,110.33
001197,Poirino,01,Piemonte,001,Torino,TO,1,Nord-ovest,G777,ITC,ITC1,ITC11,001197,75.736,44.897313,7.843083,10165,134.22
001198,Pomaretto,01,Piemonte,001,Torino,TO,1,Nord-ovest,G805,ITC,ITC1,ITC11,001198,8.519,44.949984,7.18295,935,109.75
001199,Pont Canavese,01,Piemonte,001,Torino,TO,1,Nord-ovest,G826,ITC,ITC1,ITC11,001199,18.377,45.436376,7.577153,3017,164.17
001200,Porte,01,Piemonte,001,Torino,TO,1,Nord-ovest,G900,ITC,ITC1,ITC11,001200,4.437,44.89514,7.264733,1113,250.85
001201,Pragelato,01,Piemonte,001,Torino,TO,1,Nord-ovest,G973,ITC,ITC1,ITC11,001201,89.098,44.979872,6.937974,694,7.79
001202,Prali,01,Piemonte,001,Torino,TO,1,Nord-ovest,G978,ITC,ITC1,ITC11,001202,72.646,44.880771,7.051063,251,3.46
001203,Pralormo,01,Piemonte,001,Torino,TO,1,Nord-ovest,G979,ITC,ITC1,ITC11,001203,29.955,44.853129,7.897371,1872,62.49
001204,Pramollo,01,Piemonte,001,Torino,TO,1,Nord-ovest,G982,ITC,ITC1,ITC11,001204,22.549,44.901628,7.190327,211,9.36
001205,Prarostino,01,Piemonte,001,Torino,TO,1,Nord-ovest,G986,ITC,ITC1,ITC11,001205,10.916,44.868852,7.26856,1238,113.41
001206,Prascorsano,01,Piemonte,001,Torino,TO,1,Nord-ovest,G988,ITC,ITC1,ITC11,001206,6.372,45.363838,7.611378,686,107.66
001207,Pratiglione,01,Piemonte,001,Torino,TO,1,Nord-ovest,G997,ITC,ITC1,ITC11,001207,8.028,45.362348,7.583332,444,55.31
001208,Quagliuzzo,01,Piemonte,001,Torino,TO,1,Nord-ovest,H100,ITC,ITC1,ITC11,001208,1.948,45.423375,7.780384,333,170.94
001209,Quassolo,01,Piemonte,001,Torino,TO,1,Nord-ovest,H120,ITC,ITC1,ITC11,001209,3.889,45.524558,7.828403,329,84.6
001210,Quincinetto,01,Piemonte,001,Torino,TO,1,Nord-ovest,H127,ITC,ITC1,ITC11,001210,17.616,45.558151,7.783957,991,56.26
001211,Reano,01,Piemonte,001,Torino,TO,1,Nord-ovest,H207,ITC,ITC1,ITC11,001211,6.91,45.052367,7.430119,1779,257.45
001212,Ribordone,01,Piemonte,001,Torino,TO,1,Nord-ovest,H270,ITC,ITC1,ITC11,001212,43.581,45.460817,7.479472,43,0.99
001215,Riva presso Chieri,01,Piemonte,001,Torino,TO,1,Nord-ovest,H337,ITC,ITC1,ITC11,001215,35.756,44.976788,7.886972,4756,133.01
001213,Rivalba,01,Piemonte,001,Torino,TO,1,Nord-ovest,H333,ITC,ITC1,ITC11,001213,10.723,45.127644,7.888674,1135,105.85
001214,Rivalta di Torino,01,Piemonte,001,Torino,TO,1,Nord-ovest,H335,ITC,ITC1,ITC11,001214,25.128,45.01507,7.505009,20019,796.68
001216,Rivara,01,Piemonte,001,Torino,TO,1,Nord-ovest,H338,ITC,ITC1,ITC11,001216,12.46,45.325674,7.63428,2421,194.3
001217,Rivarolo Canavese,01,Piemonte,001,Torino,TO,1,Nord-ovest,H340,ITC,ITC1,ITC11,001217,32.424,45.30394,7.718534,12303,379.44
001218,Rivarossa,01,Piemonte,001,Torino,TO,1,Nord-ovest,H344,ITC,ITC1,ITC11,001218,10.764,45.256478,7.697461,1550,144.0
001219,Rivoli,01,Piemonte,001,Torino,TO,1,Nord-ovest,H355,ITC,ITC1,ITC11,001219,29.53,45.065775,7.518951,46551,1576.4
001220,Robassomero,01,Piemonte,001,Torino,TO,1,Nord-ovest,H367,ITC,ITC1,ITC11,001220,8.591,45.197066,7.569041,3056,355.72
001221,Rocca Canavese,01,Piemonte,001,Torino,TO,1,Nord-ovest,H386,ITC,ITC1,ITC11,001221,13.941,45.309179,7.581112,1727,123.88
001222,Roletto,01,Piemonte,001,Torino,TO,1,Nord-ovest,H498,ITC,ITC1,ITC11,001222,9.718,44.927132,7.325503,1965,202.2
001223,Romano Canavese,01,Piemonte,001,Torino,TO,1,Nord-ovest,H511,ITC,ITC1,ITC11,001223,11.25,45.399302,7.868605,2711,240.98
001224,Ronco Canavese,01,Piemonte,001,Torino,TO,1,Nord-ovest,H539,ITC,ITC1,ITC11,001224,96.303,45.506608,7.521648,383,3.98
001225,Rondissone,01,Piemonte,001,Torino,TO,1,Nord-ovest,H547,ITC,ITC1,ITC11,001225,10.848,45.24277,7.958612,1927,177.64
001226,Rorà,01,Piemonte,001,Torino,TO,1,Nord-ovest,H554,ITC,ITC1,ITC11,001226,12.562,44.7841,7.189691,216,17.19
001228,Rosta,01,Piemonte,001,Torino,TO,1,Nord-ovest,H583,ITC,ITC1,ITC11,001228,8.861,45.076254,7.467104,5074,572.62
001227,Roure,01,Piemonte,001,Torino,TO,1,Nord-ovest,H555,ITC,ITC1,ITC11,001227,59.674,45.016265,7.139821,740,12.4
001229,Rubiana,01,Piemonte,001,Torino,TO,1,Nord-ovest,H627,ITC,ITC1,ITC11,001229,27.056,45.1573,7.375904,2591,95.76
001230,Rueglio,01,Piemonte,001,Torino,TO,1,Nord-ovest,H631,ITC,ITC1,ITC11,001230,14.948,45.471916,7.743804,788,52.72
001231,Salassa,01,Piemonte,001,Torino,TO,1,Nord-ovest,H691,ITC,ITC1,ITC11,001231,5.066,45.360213,7.693195,1850,365.18
001232,Salbertrand,01,Piemonte,001,Torino,TO,1,Nord-ovest,H684,ITC,ITC1,ITC11,001232,38.452,45.074046,6.876825,635,16.51
001233,Salerano Canavese,01,Piemonte,001,Torino,TO,1,Nord-ovest,H702,ITC,ITC1,ITC11,001233,2.137,45.457077,7.842458,471,220.4
001234,Salza di Pinerolo,01,Piemonte,001,Torino,TO,1,Nord-ovest,H734,ITC,ITC1,ITC11,001234,16.039,44.934947,7.051003,65,4.05
001235,Samone,01,Piemonte,001,Torino,TO,1,Nord-ovest,H753,ITC,ITC1,ITC11,001235,2.38,45.446138,7.838301,1538,646.22
001236,San Benigno Canavese,01,Piemonte,001,Torino,TO,1,Nord-ovest,H775,ITC,ITC1,ITC11,001236,22.257,45.230699,7.783001,6050,271.82
001237,San Carlo Canavese,01,Piemonte,001,Torino,TO,1,Nord-ovest,H789,ITC,ITC1,ITC11,001237,20.822,45.25783,7.61788,4029,193.5
001238,San Colombano Belmonte,01,Piemonte,001,Torino,TO,1,Nord-ovest,H804,ITC,ITC1,ITC11,001238,3.611,45.387498,7.606172,359,99.42
001239,San Didero,01,Piemonte,001,Torino,TO,1,Nord-ovest,H820,ITC,ITC1,ITC11,001239,3.288,45.13418,7.219908,493,149.94
001240,San Francesco al Campo,01,Piemonte,001,Torino,TO,1,Nord-ovest,H847,ITC,ITC1,ITC11,001240,15.012,45.23166,7.660506,4805,320.08
001242,San Germano Chisone,01,Piemonte,001,Torino,TO,1,Nord-ovest,H862,ITC,ITC1,ITC11,001242,15.886,44.895174,7.231496,1689,106.32
001243,San Gillio,01,Piemonte,001,Torino,TO,1,Nord-ovest,H873,ITC,ITC1,ITC11,001243,8.577,45.138859,7.524478,3311,386.03
001244,San Giorgio Canavese,01,Piemonte,001,Torino,TO,1,Nord-ovest,H890,ITC,ITC1,ITC11,001244,20.249,45.317191,7.789828,2484,122.67
001245,San Giorio di Susa,01,Piemonte,001,Torino,TO,1,Nord-ovest,H900,ITC,ITC1,ITC11,001245,19.75,45.089878,7.167189,951,48.15
001246,San Giusto Canavese,01,Piemonte,001,Torino,TO,1,Nord-ovest,H936,ITC,ITC1,ITC11,001246,9.696,45.298753,7.807416,3309,341.27
001247,San Martino Canavese,01,Piemonte,001,Torino,TO,1,Nord-ovest,H997,ITC,ITC1,ITC11,001247,9.758,45.393945,7.80137,798,81.78
001248,San Maurizio Canavese,01,Piemonte,001,Torino,TO,1,Nord-ovest,I024,ITC,ITC1,ITC11,001248,17.229,45.206231,7.64586,10252,595.04
001249,San Mauro Torinese,01,Piemonte,001,Torino,TO,1,Nord-ovest,I030,ITC,ITC1,ITC11,001249,12.646,45.102776,7.769901,18267,1444.49
001250,San Pietro Val Lemina,01,Piemonte,001,Torino,TO,1,Nord-ovest,I090,ITC,ITC1,ITC11,001250,12.301,44.938992,7.282177,1437,116.82
001251,San Ponso,01,Piemonte,001,Torino,TO,1,Nord-ovest,I126,ITC,ITC1,ITC11,001251,1.92,45.347383,7.66608,230,119.79
001252,San Raffaele Cimena,01,Piemonte,001,Torino,TO,1,Nord-ovest,I137,ITC,ITC1,ITC11,001252,11.344,45.152618,7.85332,3128,275.74
001253,San Sebastiano da Po,01,Piemonte,001,Torino,TO,1,Nord-ovest,I152,ITC,ITC1,ITC11,001253,16.737,45.161638,7.941546,1853,110.71
001254,San Secondo di Pinerolo,01,Piemonte,001,Torino,TO,1,Nord-ovest,I154,ITC,ITC1,ITC11,001254,12.177,44.865702,7.310084,3638,298.76
001241,Sangano,01,Piemonte,001,Torino,TO,1,Nord-ovest,H855,ITC,ITC1,ITC11,001241,6.811,45.025141,7.450225,3624,532.08
001255,Sant'Ambrogio di Torino,01,Piemonte,001,Torino,TO,1,Nord-ovest,I258,ITC,ITC1,ITC11,001255,8.536,45.097735,7.359348,4501,527.3
001256,Sant'Antonino di Susa,01,Piemonte,001,Torino,TO,1,Nord-ovest,I296,ITC,ITC1,ITC11,001256,9.949,45.09493,7.26317,4073,409.39
001257,Santena,01,Piemonte,001,Torino,TO,1,Nord-ovest,I327,ITC,ITC1,ITC11,001257,16.463,44.939988,7.777223,10373,630.08
001259,Sauze d'Oulx,01,Piemonte,001,Torino,TO,1,Nord-ovest,I466,ITC,ITC1,ITC11,001259,17.517,45.01684,6.869584,1018,58.11
001258,Sauze di Cesana,01,Piemonte,001,Torino,TO,1,Nord-ovest,I465,ITC,ITC1,ITC11,001258,78.061,44.895588,6.932542,227,2.91
001260,Scalenghe,01,Piemonte,001,Torino,TO,1,Nord-ovest,I490,ITC,ITC1,ITC11,001260,31.397,44.895702,7.479015,3199,101.89
001261,Scarmagno,01,Piemonte,001,Torino,TO,1,Nord-ovest,I511,ITC,ITC1,ITC11,001261,8.009,45.382354,7.844968,785,98.01
001262,Sciolze,01,Piemonte,001,Torino,TO,1,Nord-ovest,I539,ITC,ITC1,ITC11,001262,11.371,45.09923,7.880852,1424,125.23
001263,Sestriere,01,Piemonte,001,Torino,TO,1,Nord-ovest,I692,ITC,ITC1,ITC11,001263,26.443,44.960928,6.878324,893,33.77
001264,Settimo Rottaro,01,Piemonte,001,Torino,TO,1,Nord-ovest,I701,ITC,ITC1,ITC11,001264,6.323,45.405711,7.994475,469,74.17
001265,Settimo Torinese,01,Piemonte,001,Torino,TO,1,Nord-ovest,I703,ITC,ITC1,ITC11,001265,31.289,45.142725,7.771362,45566,1456.29
001266,Settimo Vittone,01,Piemonte,001,Torino,TO,1,Nord-ovest,I702,ITC,ITC1,ITC11,001266,23.266,45.564028,7.848242,1507,64.77
001267,Sparone,01,Piemonte,001,Torino,TO,1,Nord-ovest,I886,ITC,ITC1,ITC11,001267,30.084,45.414152,7.534168,903,30.02
001268,Strambinello,01,Piemonte,001,Torino,TO,1,Nord-ovest,I969,ITC,ITC1,ITC11,001268,2.133,45.420535,7.766891,236,110.64
001269,Strambino,01,Piemonte,001,Torino,TO,1,Nord-ovest,I970,ITC,ITC1,ITC11,001269,22.55,45.381292,7.898907,6018,266.87
001270,Susa,01,Piemonte,001,Torino,TO,1,Nord-ovest,L013,ITC,ITC1,ITC11,001270,11.045,45.135987,7.072167,5776,522.95
001271,Tavagnasco,01,Piemonte,001,Torino,TO,1,Nord-ovest,L066,ITC,ITC1,ITC11,001271,8.612,45.543289,7.805734,747,86.74
001272,Torino,01,Piemonte,001,Torino,TO,1,Nord-ovest,L219,ITC,ITC1,ITC11,001272,130.098,45.074352,7.688181,855654,6577.0
001273,Torrazza Piemonte,01,Piemonte,001,Torino,TO,1,Nord-ovest,L238,ITC,ITC1,ITC11,001273,10.126,45.219141,7.978831,2997,295.97
001274,Torre Canavese,01,Piemonte,001,Torino,TO,1,Nord-ovest,L247,ITC,ITC1,ITC11,001274,5.38,45.398668,7.764644,597,110.97
001275,Torre Pellice,01,Piemonte,001,Torino,TO,1,Nord-ovest,L277,ITC,ITC1,ITC11,001275,21.415,44.823085,7.20164,4585,214.1
001276,Trana,01,Piemonte,001,Torino,TO,1,Nord-ovest,L327,ITC,ITC1,ITC11,001276,16.393,45.029409,7.411573,3744,228.39
001278,Traversella,01,Piemonte,001,Torino,TO,1,Nord-ovest,L345,ITC,ITC1,ITC11,001278,39.003,45.527764,7.683014,309,7.92
001279,Traves,01,Piemonte,001,Torino,TO,1,Nord-ovest,L340,ITC,ITC1,ITC11,001279,10.711,45.263156,7.416944,505,47.15
001280,Trofarello,01,Piemonte,001,Torino,TO,1,Nord-ovest,L445,ITC,ITC1,ITC11,001280,12.262,44.975211,7.746147,10501,856.39
001281,Usseaux,01,Piemonte,001,Torino,TO,1,Nord-ovest,L515,ITC,ITC1,ITC11,001281,38.375,45.045693,7.005047,177,4.61
001282,Usseglio,01,Piemonte,001,Torino,TO,1,Nord-ovest,L516,ITC,ITC1,ITC11,001282,98.638,45.233914,7.175103,179,1.81
001283,Vaie,01,Piemonte,001,Torino,TO,1,Nord-ovest,L538,ITC,ITC1,ITC11,001283,7.259,45.095798,7.293514,1317,181.43
001284,Val della Torre,01,Piemonte,001,Torino,TO,1,Nord-ovest,L555,ITC,ITC1,ITC11,001284,36.323,45.15483,7.445316,3973,109.38
001317,Val di Chy,01,Piemonte,001,Torino,TO,1,Nord-ovest,M405,ITC,ITC1,ITC11,001317,13.816,45.454963,7.78314,1225,88.67
001318,Valchiusa,01,Piemonte,001,Torino,TO,1,Nord-ovest,M415,ITC,ITC1,ITC11,001318,50.105,45.497585,7.749657,1012,20.2
001285,Valgioie,01,Piemonte,001,Torino,TO,1,Nord-ovest,L578,ITC,ITC1,ITC11,001285,9.192,45.07562,7.332442,983,106.94
001286,Vallo Torinese,01,Piemonte,001,Torino,TO,1,Nord-ovest,L629,ITC,ITC1,ITC11,001286,6.157,45.228832,7.480402,784,127.33
001287,Valperga,01,Piemonte,001,Torino,TO,1,Nord-ovest,L644,ITC,ITC1,ITC11,001287,11.863,45.364696,7.65425,2977,250.95
001288,Valprato Soana,01,Piemonte,001,Torino,TO,1,Nord-ovest,B510,ITC,ITC1,ITC11,001288,71.869,45.552591,7.531487,88,1.22
001289,Varisella,01,Piemonte,001,Torino,TO,1,Nord-ovest,L685,ITC,ITC1,ITC11,001289,22.566,45.198369,7.475778,828,36.69
001290,Vauda Canavese,01,Piemonte,001,Torino,TO,1,Nord-ovest,L698,ITC,ITC1,ITC11,001290,6.963,45.280073,7.62399,1417,203.5
001292,Venaria Reale,01,Piemonte,001,Torino,TO,1,Nord-ovest,L727,ITC,ITC1,ITC11,001292,20.578,45.144256,7.620175,31886,1549.52
001291,Venaus,01,Piemonte,001,Torino,TO,1,Nord-ovest,L726,ITC,ITC1,ITC11,001291,18.933,45.170681,6.980767,843,44.53
001293,Verolengo,01,Piemonte,001,Torino,TO,1,Nord-ovest,L779,ITC,ITC1,ITC11,001293,29.281,45.204209,8.00744,4788,163.52
001294,Verrua Savoia,01,Piemonte,001,Torino,TO,1,Nord-ovest,L787,ITC,ITC1,ITC11,001294,32.093,45.153836,8.107252,1353,42.16
001295,Vestignè,01,Piemonte,001,Torino,TO,1,Nord-ovest,L811,ITC,ITC1,ITC11,001295,11.833,45.383576,7.945858,752,63.55
001296,Vialfrè,01,Piemonte,001,Torino,TO,1,Nord-ovest,L830,ITC,ITC1,ITC11,001296,4.66,45.371675,7.827319,258,55.36
001298,Vidracco,01,Piemonte,001,Torino,TO,1,Nord-ovest,L857,ITC,ITC1,ITC11,001298,2.944,45.42771,7.748387,450,152.85
001299,Vigone,01,Piemonte,001,Torino,TO,1,Nord-ovest,L898,ITC,ITC1,ITC11,001299,40.8,44.836935,7.500533,5046,123.68
001300,Villafranca Piemonte,01,Piemonte,001,Torino,TO,1,Nord-ovest,L948,ITC,ITC1,ITC11,001300,51.294,44.790526,7.476672,4585,89.39
001301,Villanova Canavese,01,Piemonte,001,Torino,TO,1,Nord-ovest,L982,ITC,ITC1,ITC11,001301,4.261,45.236557,7.547279,1199,281.39
001303,Villar Dora,01,Piemonte,001,Torino,TO,1,Nord-ovest,L999,ITC,ITC1,ITC11,001303,5.738,45.118454,7.380188,2793,486.75
001305,Villar Focchiardo,01,Piemonte,001,Torino,TO,1,Nord-ovest,M007,ITC,ITC1,ITC11,001305,25.657,45.085162,7.209291,1943,75.73
001306,Villar Pellice,01,Piemonte,001,Torino,TO,1,Nord-ovest,M013,ITC,ITC1,ITC11,001306,60.099,44.790684,7.149151,1052,17.5
001307,Villar Perosa,01,Piemonte,001,Torino,TO,1,Nord-ovest,M014,ITC,ITC1,ITC11,001307,11.378,44.919349,7.260204,3892,342.06
001302,Villarbasse,01,Piemonte,001,Torino,TO,1,Nord-ovest,M002,ITC,ITC1,ITC11,001302,10.455,45.043147,7.47276,3521,336.78
001304,Villareggia,01,Piemonte,001,Torino,TO,1,Nord-ovest,M004,ITC,ITC1,ITC11,001304,11.581,45.289777,7.975765,994,85.83
001308,Villastellone,01,Piemonte,001,Torino,TO,1,Nord-ovest,M027,ITC,ITC1,ITC11,001308,19.689,44.914007,7.753455,4286,217.69
001309,Vinovo,01,Piemonte,001,Torino,TO,1,Nord-ovest,M060,ITC,ITC1,ITC11,001309,17.614,44.951231,7.626833,15290,868.06
001310,Virle Piemonte,01,Piemonte,001,Torino,TO,1,Nord-ovest,M069,ITC,ITC1,ITC11,001310,14.296,44.862339,7.576859,1188,83.1
001311,Vische,01,Piemonte,001,Torino,TO,1,Nord-ovest,M071,ITC,ITC1,ITC11,001311,17.22,45.341328,7.937693,1206,70.03
001312,Vistrorio,01,Piemonte,001,Torino,TO,1,Nord-ovest,M080,ITC,ITC1,ITC11,001312,4.81,45.433675,7.771117,526,109.36
001313,Viù,01,Piemonte,001,Torino,TO,1,Nord-ovest,M094,ITC,ITC1,ITC11,001313,84.275,45.224903,7.392503,1075,12.76
001314,Volpiano,01,Piemonte,001,Torino,TO,1,Nord-ovest,M122,ITC,ITC1,ITC11,001314,32.508,45.192025,7.790008,15060,463.27
001315,Volvera,01,Piemonte,001,Torino,TO,1,Nord-ovest,M133,ITC,ITC1,ITC11,001315,21.051,44.963314,7.512377,8417,399.84
103001,Antrona Schieranco,01,Piemonte,103,Verbano-Cusio-Ossola,VB,1,Nord-ovest,A317,ITC,ITC1,ITC14,103001,100.689,46.055466,8.097174,392,3.89
103002,Anzola d'Ossola,01,Piemonte,103,Verbano-Cusio-Ossola,VB,1,Nord-ovest,A325,ITC,ITC1,ITC14,103002,13.64,45.967758,8.338852,378,27.71
103003,Arizzano,01,Piemonte,103,Verbano-Cusio-Ossola,VB,1,Nord-ovest,A409,ITC,ITC1,ITC14,103003,1.7,45.955427,8.580723,1951,1147.65
103004,Arola,01,Piemonte,103,Verbano-Cusio-Ossola,VB,1,Nord-ovest,A427,ITC,ITC1,ITC14,103004,6.934,45.817291,8.345872,238,34.32
103005,Aurano,01,Piemonte,103,Verbano-Cusio-Ossola,VB,1,Nord-ovest,A497,ITC,ITC1,ITC14,103005,20.887,46.020652,8.593873,111,5.31
103006,Baceno,01,Piemonte,103,Verbano-Cusio-Ossola,VB,1,Nord-ovest,A534,ITC,ITC1,ITC14,103006,77.816,46.316807,8.258172,862,11.08
103007,Bannio Anzino,01,Piemonte,103,Verbano-Cusio-Ossola,VB,1,Nord-ovest,A610,ITC,ITC1,ITC14,103007,39.598,45.960978,8.155168,453,11.44
103008,Baveno,01,Piemonte,103,Verbano-Cusio-Ossola,VB,1,Nord-ovest,A725,ITC,ITC1,ITC14,103008,16.927,45.913916,8.494697,4504,266.08
103009,Bee,01,Piemonte,103,Verbano-Cusio-Ossola,VB,1,Nord-ovest,A733,ITC,ITC1,ITC14,103009,3.557,45.969385,8.578268,777,218.44
103010,Belgirate,01,Piemonte,103,Verbano-Cusio-Ossola,VB,1,Nord-ovest,A742,ITC,ITC1,ITC14,103010,7.136,45.844379,8.579054,450,63.06
103011,Beura-Cardezza,01,Piemonte,103,Verbano-Cusio-Ossola,VB,1,Nord-ovest,A834,ITC,ITC1,ITC14,103011,28.53,46.061862,8.314263,1429,50.09
103012,Bognanco,01,Piemonte,103,Verbano-Cusio-Ossola,VB,1,Nord-ovest,A925,ITC,ITC1,ITC14,103012,57.732,46.136841,8.17536,198,3.43
103078,Borgomezzavalle,01,Piemonte,103,Verbano-Cusio-Ossola,VB,1,Nord-ovest,M370,ITC,ITC1,ITC14,103078,19.066,46.048091,8.199434,284,14.9
103013,Brovello-Carpugnino,01,Piemonte,103,Verbano-Cusio-Ossola,VB,1,Nord-ovest,B207,ITC,ITC1,ITC14,103013,7.958,45.852298,8.539513,804,101.03
103014,Calasca-Castiglione,01,Piemonte,103,Verbano-Cusio-Ossola,VB,1,Nord-ovest,B380,ITC,ITC1,ITC14,103014,57.09,45.989847,8.193499,581,10.18
103015,Cambiasca,01,Piemonte,103,Verbano-Cusio-Ossola,VB,1,Nord-ovest,B463,ITC,ITC1,ITC14,103015,3.836,45.968719,8.540852,1630,424.92
103016,Cannero Riviera,01,Piemonte,103,Verbano-Cusio-Ossola,VB,1,Nord-ovest,B610,ITC,ITC1,ITC14,103016,14.419,46.011883,8.683634,885,61.38
103017,Cannobio,01,Piemonte,103,Verbano-Cusio-Ossola,VB,1,Nord-ovest,B615,ITC,ITC1,ITC14,103017,52.502,46.065784,8.655363,5012,95.46
103018,Caprezzo,01,Piemonte,103,Verbano-Cusio-Ossola,VB,1,Nord-ovest,B694,ITC,ITC1,ITC14,103018,7.304,45.99368,8.549618,175,23.96
103019,Casale Corte Cerro,01,Piemonte,103,Verbano-Cusio-Ossola,VB,1,Nord-ovest,B876,ITC,ITC1,ITC14,103019,12.568,45.923958,8.405999,3278,260.82
103021,Ceppo Morelli,01,Piemonte,103,Verbano-Cusio-Ossola,VB,1,Nord-ovest,C478,ITC,ITC1,ITC14,103021,39.916,45.974191,8.067858,285,7.14
103022,Cesara,01,Piemonte,103,Verbano-Cusio-Ossola,VB,1,Nord-ovest,C567,ITC,ITC1,ITC14,103022,11.462,45.82796,8.357062,666,58.11
103023,Cossogno,01,Piemonte,103,Verbano-Cusio-Ossola,VB,1,Nord-ovest,D099,ITC,ITC1,ITC14,103023,40.412,46.007383,8.472616,662,16.38
103024,Craveggia,01,Piemonte,103,Verbano-Cusio-Ossola,VB,1,Nord-ovest,D134,ITC,ITC1,ITC14,103024,36.226,46.177161,8.516832,789,21.78
103025,Crevoladossola,01,Piemonte,103,Verbano-Cusio-Ossola,VB,1,Nord-ovest,D168,ITC,ITC1,ITC14,103025,39.773,46.163522,8.27073,4385,110.25
103026,Crodo,01,Piemonte,103,Verbano-Cusio-Ossola,VB,1,Nord-ovest,D177,ITC,ITC1,ITC14,103026,53.616,46.244531,8.325164,1413,26.35
103028,Domodossola,01,Piemonte,103,Verbano-Cusio-Ossola,VB,1,Nord-ovest,D332,ITC,ITC1,ITC14,103028,36.693,46.131364,8.239752,17625,480.34
103029,Druogno,01,Piemonte,103,Verbano-Cusio-Ossola,VB,1,Nord-ovest,D374,ITC,ITC1,ITC14,103029,29.806,46.131024,8.408309,1029,34.52
103031,Formazza,01,Piemonte,103,Verbano-Cusio-Ossola,VB,1,Nord-ovest,D706,ITC,ITC1,ITC14,103031,130.53,46.391141,8.390007,410,3.14
103032,Germagno,01,Piemonte,103,Verbano-Cusio-Ossola,VB,1,Nord-ovest,D984,ITC,ITC1,ITC14,103032,2.89,45.900978,8.383815,185,64.01
103033,Ghiffa,01,Piemonte,103,Verbano-Cusio-Ossola,VB,1,Nord-ovest,E003,ITC,ITC1,ITC14,103033,14.713,45.956743,8.616022,2165,147.15
103034,Gignese,01,Piemonte,103,Verbano-Cusio-Ossola,VB,1,Nord-ovest,E028,ITC,ITC1,ITC14,103034,15.027,45.865004,8.503395,1119,74.47
103035,Gravellona Toce,01,Piemonte,103,Verbano-Cusio-Ossola,VB,1,Nord-ovest,E153,ITC,ITC1,ITC14,103035,14.151,45.92301,8.440902,7642,540.03
103036,Gurro,01,Piemonte,103,Verbano-Cusio-Ossola,VB,1,Nord-ovest,E269,ITC,ITC1,ITC14,103036,13.469,46.076894,8.539775,159,11.8
103037,Intragna,01,Piemonte,103,Verbano-Cusio-Ossola,VB,1,Nord-ovest,E304,ITC,ITC1,ITC14,103037,9.863,46.007431,8.565278,85,8.62
103038,Loreglia,01,Piemonte,103,Verbano-Cusio-Ossola,VB,1,Nord-ovest,E685,ITC,ITC1,ITC14,103038,9.233,45.921429,8.371101,197,21.34
103039,Macugnaga,01,Piemonte,103,Verbano-Cusio-Ossola,VB,1,Nord-ovest,E790,ITC,ITC1,ITC14,103039,99.837,45.949528,7.954691,485,4.86
103040,Madonna del Sasso,01,Piemonte,103,Verbano-Cusio-Ossola,VB,1,Nord-ovest,E795,ITC,ITC1,ITC14,103040,15.246,45.787423,8.347521,347,22.76
103041,Malesco,01,Piemonte,103,Verbano-Cusio-Ossola,VB,1,Nord-ovest,E853,ITC,ITC1,ITC14,103041,42.701,46.092469,8.489302,1339,31.36
103042,Masera,01,Piemonte,103,Verbano-Cusio-Ossola,VB,1,Nord-ovest,F010,ITC,ITC1,ITC14,103042,20.329,46.147469,8.3519,1487,73.15
103043,Massiola,01,Piemonte,103,Verbano-Cusio-Ossola,VB,1,Nord-ovest,F048,ITC,ITC1,ITC14,103043,8.226,45.931053,8.311069,103,12.52
103044,Mergozzo,01,Piemonte,103,Verbano-Cusio-Ossola,VB,1,Nord-ovest,F146,ITC,ITC1,ITC14,103044,27.037,45.981052,8.435974,2131,78.82
103045,Miazzina,01,Piemonte,103,Verbano-Cusio-Ossola,VB,1,Nord-ovest,F192,ITC,ITC1,ITC14,103045,21.878,46.017458,8.516576,402,18.37
103046,Montecrestese,01,Piemonte,103,Verbano-Cusio-Ossola,VB,1,Nord-ovest,F483,ITC,ITC1,ITC14,103046,86.113,46.220533,8.393732,1249,14.5
103047,Montescheno,01,Piemonte,103,Verbano-Cusio-Ossola,VB,1,Nord-ovest,F639,ITC,ITC1,ITC14,103047,22.416,46.076053,8.195054,356,15.88
103048,Nonio,01,Piemonte,103,Verbano-Cusio-Ossola,VB,1,Nord-ovest,F932,ITC,ITC1,ITC14,103048,9.66,45.852333,8.364489,820,84.89
103049,Oggebbio,01,Piemonte,103,Verbano-Cusio-Ossola,VB,1,Nord-ovest,G007,ITC,ITC1,ITC14,103049,21.458,45.995098,8.643414,794,37.0
103050,Omegna,01,Piemonte,103,Verbano-Cusio-Ossola,VB,1,Nord-ovest,G062,ITC,ITC1,ITC14,103050,30.588,45.86987,8.416248,14182,463.65
103051,Ornavasso,01,Piemonte,103,Verbano-Cusio-Ossola,VB,1,Nord-ovest,G117,ITC,ITC1,ITC14,103051,26.031,45.964123,8.393557,3301,126.81
103052,Pallanzeno,01,Piemonte,103,Verbano-Cusio-Ossola,VB,1,Nord-ovest,G280,ITC,ITC1,ITC14,103052,4.592,46.043776,8.250885,1064,231.71
103053,Piedimulera,01,Piemonte,103,Verbano-Cusio-Ossola,VB,1,Nord-ovest,G600,ITC,ITC1,ITC14,103053,7.44,46.019698,8.24037,1426,191.67
103054,Pieve Vergonte,01,Piemonte,103,Verbano-Cusio-Ossola,VB,1,Nord-ovest,G658,ITC,ITC1,ITC14,103054,41.591,45.988003,8.282788,2412,57.99
103055,Premeno,01,Piemonte,103,Verbano-Cusio-Ossola,VB,1,Nord-ovest,H030,ITC,ITC1,ITC14,103055,7.916,45.98199,8.598947,732,92.47
103056,Premia,01,Piemonte,103,Verbano-Cusio-Ossola,VB,1,Nord-ovest,H033,ITC,ITC1,ITC14,103056,89.287,46.308673,8.367736,568,6.36
103057,Premosello-Chiovenda,01,Piemonte,103,Verbano-Cusio-Ossola,VB,1,Nord-ovest,H037,ITC,ITC1,ITC14,103057,34.088,46.017047,8.358324,1864,54.68
103058,Quarna Sopra,01,Piemonte,103,Verbano-Cusio-Ossola,VB,1,Nord-ovest,H106,ITC,ITC1,ITC14,103058,9.408,45.88697,8.364796,240,25.51
103059,Quarna Sotto,01,Piemonte,103,Verbano-Cusio-Ossola,VB,1,Nord-ovest,H107,ITC,ITC1,ITC14,103059,16.612,45.882469,8.324233,373,22.45
103060,Re,01,Piemonte,103,Verbano-Cusio-Ossola,VB,1,Nord-ovest,H203,ITC,ITC1,ITC14,103060,27.597,46.158035,8.572132,707,25.62
103061,San Bernardino Verbano,01,Piemonte,103,Verbano-Cusio-Ossola,VB,1,Nord-ovest,H777,ITC,ITC1,ITC14,103061,26.601,45.994119,8.457402,1226,46.09
103062,Santa Maria Maggiore,01,Piemonte,103,Verbano-Cusio-Ossola,VB,1,Nord-ovest,I249,ITC,ITC1,ITC14,103062,53.971,46.160414,8.442404,1305,24.18
103064,Stresa,01,Piemonte,103,Verbano-Cusio-Ossola,VB,1,Nord-ovest,I976,ITC,ITC1,ITC14,103064,35.669,45.884477,8.509998,4548,127.51
103065,Toceno,01,Piemonte,103,Verbano-Cusio-Ossola,VB,1,Nord-ovest,L187,ITC,ITC1,ITC14,103065,15.853,46.173609,8.472728,765,48.26
103066,Trarego Viggiona,01,Piemonte,103,Verbano-Cusio-Ossola,VB,1,Nord-ovest,L333,ITC,ITC1,ITC14,103066,19.034,46.039552,8.64599,383,20.12
103067,Trasquera,01,Piemonte,103,Verbano-Cusio-Ossola,VB,1,Nord-ovest,L336,ITC,ITC1,ITC14,103067,39.615,46.218786,8.186125,173,4.37
103068,Trontano,01,Piemonte,103,Verbano-Cusio-Ossola,VB,1,Nord-ovest,L450,ITC,ITC1,ITC14,103068,56.554,46.090169,8.364244,1667,29.48
103079,Valle Cannobina,01,Piemonte,103,Verbano-Cusio-Ossola,VB,1,Nord-ovest,M404,ITC,ITC1,ITC14,103079,54.86,46.084415,8.612309,416,7.58
103069,Valstrona,01,Piemonte,103,Verbano-Cusio-Ossola,VB,1,Nord-ovest,L651,ITC,ITC1,ITC14,103069,51.853,45.922517,8.258772,1111,21.43
103070,Vanzone con San Carlo,01,Piemonte,103,Verbano-Cusio-Ossola,VB,1,Nord-ovest,L666,ITC,ITC1,ITC14,103070,15.695,45.982972,8.110074,397,25.29
103071,Varzo,01,Piemonte,103,Verbano-Cusio-Ossola,VB,1,Nord-ovest,L691,ITC,ITC1,ITC14,103071,94.278,46.235628,8.239524,1896,20.11
103072,Verbania,01,Piemonte,103,Verbano-Cusio-Ossola,VB,1,Nord-ovest,L746,ITC,ITC1,ITC14,103072,37.276,45.936766,8.52308,29825,800.11
103074,Vignone,01,Piemonte,103,Verbano-Cusio-Ossola,VB,1,Nord-ovest,L889,ITC,ITC1,ITC14,103074,3.33,45.966215,8.559614,1187,356.46
103075,Villadossola,01,Piemonte,103,Verbano-Cusio-Ossola,VB,1,Nord-ovest,L906,ITC,ITC1,ITC14,103075,18.8,46.069789,8.261206,6249,332.39
103076,Villette,01,Piemonte,103,Verbano-Cusio-Ossola,VB,1,Nord-ovest,M042,ITC,ITC1,ITC14,103076,7.195,46.137046,8.53277,270,37.53
103077,Vogogna,01,Piemonte,103,Verbano-Cusio-Ossola,VB,1,Nord-ovest,M111,ITC,ITC1,ITC14,103077,15.508,46.015603,8.297743,1669,107.62
002002,Alagna Valsesia,01,Piemonte,002,Vercelli,VC,1,Nord-ovest,A119,ITC,ITC1,ITC12,002002,133.91,45.835087,7.932861,731,5.46
002003,Albano Vercellese,01,Piemonte,002,Vercelli,VC,1,Nord-ovest,A130,ITC,ITC1,ITC12,002003,13.934,45.42782,8.382862,327,23.47
002004,Alice Castello,01,Piemonte,002,Vercelli,VC,1,Nord-ovest,A198,ITC,ITC1,ITC12,002004,24.585,45.371929,8.087918,2479,100.83
002170,Alto Sermenza,01,Piemonte,002,Vercelli,VC,1,Nord-ovest,M389,ITC,ITC1,ITC12,002170,60.281,45.877049,8.035237,133,2.21
002006,Arborio,01,Piemonte,002,Vercelli,VC,1,Nord-ovest,A358,ITC,ITC1,ITC12,002006,22.99,45.49193,8.373994,836,36.36
002007,Asigliano Vercellese,01,Piemonte,002,Vercelli,VC,1,Nord-ovest,A466,ITC,ITC1,ITC12,002007,26.387,45.264381,8.411287,1387,52.56
002008,Balmuccia,01,Piemonte,002,Vercelli,VC,1,Nord-ovest,A600,ITC,ITC1,ITC12,002008,9.688,45.821879,8.140726,115,11.87
002009,Balocco,01,Piemonte,002,Vercelli,VC,1,Nord-ovest,A601,ITC,ITC1,ITC12,002009,16.717,45.462413,8.285785,210,12.56
002011,Bianzè,01,Piemonte,002,Vercelli,VC,1,Nord-ovest,A847,ITC,ITC1,ITC12,002011,42.014,45.292593,8.147934,1869,44.49
002014,Boccioleto,01,Piemonte,002,Vercelli,VC,1,Nord-ovest,A914,ITC,ITC1,ITC12,002014,33.623,45.834274,8.076617,167,4.97
002017,Borgo Vercelli,01,Piemonte,002,Vercelli,VC,1,Nord-ovest,B046,ITC,ITC1,ITC12,002017,19.379,45.359889,8.465378,2231,115.12
002015,Borgo d'Ale,01,Piemonte,002,Vercelli,VC,1,Nord-ovest,B009,ITC,ITC1,ITC12,002015,39.634,45.360393,8.043374,2198,55.46
002016,Borgosesia,01,Piemonte,002,Vercelli,VC,1,Nord-ovest,B041,ITC,ITC1,ITC12,002016,41.162,45.736201,8.259933,11951,290.34
002021,Buronzo,01,Piemonte,002,Vercelli,VC,1,Nord-ovest,B280,ITC,ITC1,ITC12,002021,25.076,45.488552,8.274091,862,34.38
002025,Campertogno,01,Piemonte,002,Vercelli,VC,1,Nord-ovest,B505,ITC,ITC1,ITC12,002025,34.545,45.787936,7.997327,226,6.54
002029,Carcoforo,01,Piemonte,002,Vercelli,VC,1,Nord-ovest,B752,ITC,ITC1,ITC12,002029,22.719,45.913546,8.041593,78,3.43
002030,Caresana,01,Piemonte,002,Vercelli,VC,1,Nord-ovest,B767,ITC,ITC1,ITC12,002030,23.88,45.221556,8.501044,995,41.67
002031,Caresanablot,01,Piemonte,002,Vercelli,VC,1,Nord-ovest,B768,ITC,ITC1,ITC12,002031,10.77,45.363427,8.370535,1110,103.06
002032,Carisio,01,Piemonte,002,Vercelli,VC,1,Nord-ovest,B782,ITC,ITC1,ITC12,002032,29.756,45.425919,8.205101,744,25.0
002033,Casanova Elvo,01,Piemonte,002,Vercelli,VC,1,Nord-ovest,B928,ITC,ITC1,ITC12,002033,16.334,45.400424,8.291748,220,13.47
002171,Cellio con Breia,01,Piemonte,002,Vercelli,VC,1,Nord-ovest,M398,ITC,ITC1,ITC12,002171,17.434,45.761256,8.313302,957,54.89
002041,Cervatto,01,Piemonte,002,Vercelli,VC,1,Nord-ovest,C548,ITC,ITC1,ITC12,002041,9.763,45.872811,8.144321,47,4.81
002042,Cigliano,01,Piemonte,002,Vercelli,VC,1,Nord-ovest,C680,ITC,ITC1,ITC12,002042,25.451,45.285508,8.018564,4300,168.95
002043,Civiasco,01,Piemonte,002,Vercelli,VC,1,Nord-ovest,C757,ITC,ITC1,ITC12,002043,7.421,45.8127,8.302412,223,30.05
002045,Collobiano,01,Piemonte,002,Vercelli,VC,1,Nord-ovest,C884,ITC,ITC1,ITC12,002045,8.912,45.395245,8.355305,68,7.63
002047,Costanzana,01,Piemonte,002,Vercelli,VC,1,Nord-ovest,D113,ITC,ITC1,ITC12,002047,20.609,45.226779,8.36875,815,39.55
002048,Cravagliana,01,Piemonte,002,Vercelli,VC,1,Nord-ovest,D132,ITC,ITC1,ITC12,002048,34.837,45.872969,8.195368,240,6.89
002049,Crescentino,01,Piemonte,002,Vercelli,VC,1,Nord-ovest,D154,ITC,ITC1,ITC12,002049,47.909,45.208098,8.102661,7503,156.61
002052,Crova,01,Piemonte,002,Vercelli,VC,1,Nord-ovest,D187,ITC,ITC1,ITC12,002052,14.05,45.317191,8.244179,347,24.7
002054,Desana,01,Piemonte,002,Vercelli,VC,1,Nord-ovest,D281,ITC,ITC1,ITC12,002054,16.738,45.260958,8.336893,1097,65.54
002057,Fobello,01,Piemonte,002,Vercelli,VC,1,Nord-ovest,D641,ITC,ITC1,ITC12,002057,28.277,45.904569,8.128543,185,6.54
002058,Fontanetto Po,01,Piemonte,002,Vercelli,VC,1,Nord-ovest,D676,ITC,ITC1,ITC12,002058,23.291,45.198453,8.185066,1036,44.48
002059,Formigliana,01,Piemonte,002,Vercelli,VC,1,Nord-ovest,D712,ITC,ITC1,ITC12,002059,16.912,45.434332,8.277908,488,28.86
002061,Gattinara,01,Piemonte,002,Vercelli,VC,1,Nord-ovest,D938,ITC,ITC1,ITC12,002061,33.734,45.608483,8.362983,7548,223.75
002062,Ghislarengo,01,Piemonte,002,Vercelli,VC,1,Nord-ovest,E007,ITC,ITC1,ITC12,002062,12.641,45.527421,8.37488,820,64.87
002065,Greggio,01,Piemonte,002,Vercelli,VC,1,Nord-ovest,E163,ITC,ITC1,ITC12,002065,12.018,45.456431,8.379649,330,27.46
002066,Guardabosone,01,Piemonte,002,Vercelli,VC,1,Nord-ovest,E237,ITC,ITC1,ITC12,002066,6.28,45.756811,8.152364,296,47.13
002067,Lamporo,01,Piemonte,002,Vercelli,VC,1,Nord-ovest,E433,ITC,ITC1,ITC12,002067,9.865,45.232787,8.099399,468,47.44
002068,Lenta,01,Piemonte,002,Vercelli,VC,1,Nord-ovest,E528,ITC,ITC1,ITC12,002068,19.01,45.559113,8.366181,759,39.93
002070,Lignana,01,Piemonte,002,Vercelli,VC,1,Nord-ovest,E583,ITC,ITC1,ITC12,002070,22.31,45.288811,8.314724,551,24.7
002071,Livorno Ferraris,01,Piemonte,002,Vercelli,VC,1,Nord-ovest,E626,ITC,ITC1,ITC12,002071,58.047,45.266916,8.103797,4248,73.18
002072,Lozzolo,01,Piemonte,002,Vercelli,VC,1,Nord-ovest,E711,ITC,ITC1,ITC12,002072,6.71,45.617863,8.322187,753,112.22
002078,Mollia,01,Piemonte,002,Vercelli,VC,1,Nord-ovest,F297,ITC,ITC1,ITC12,002078,13.556,45.825684,8.022478,100,7.38
002079,Moncrivello,01,Piemonte,002,Vercelli,VC,1,Nord-ovest,F342,ITC,ITC1,ITC12,002079,19.879,45.318729,7.983536,1360,68.41
002082,Motta de' Conti,01,Piemonte,002,Vercelli,VC,1,Nord-ovest,F774,ITC,ITC1,ITC12,002082,11.501,45.185153,8.525978,702,61.04
002088,Olcenengo,01,Piemonte,002,Vercelli,VC,1,Nord-ovest,G016,ITC,ITC1,ITC12,002088,16.415,45.355107,8.315089,774,47.15
002089,Oldenico,01,Piemonte,002,Vercelli,VC,1,Nord-ovest,G018,ITC,ITC1,ITC12,002089,6.724,45.39462,8.387784,236,35.1
002090,Palazzolo Vercellese,01,Piemonte,002,Vercelli,VC,1,Nord-ovest,G266,ITC,ITC1,ITC12,002090,14.373,45.187312,8.234614,1088,75.7
002091,Pertengo,01,Piemonte,002,Vercelli,VC,1,Nord-ovest,G471,ITC,ITC1,ITC12,002091,8.524,45.236197,8.416011,331,38.83
002093,Pezzana,01,Piemonte,002,Vercelli,VC,1,Nord-ovest,G528,ITC,ITC1,ITC12,002093,17.253,45.261264,8.495552,1289,74.71
002096,Pila,01,Piemonte,002,Vercelli,VC,1,Nord-ovest,G666,ITC,ITC1,ITC12,002096,9.034,45.761148,8.071378,142,15.72
002097,Piode,01,Piemonte,002,Vercelli,VC,1,Nord-ovest,G685,ITC,ITC1,ITC12,002097,13.125,45.760313,8.041202,193,14.7
002102,Postua,01,Piemonte,002,Vercelli,VC,1,Nord-ovest,G940,ITC,ITC1,ITC12,002102,16.183,45.738925,8.195789,521,32.19
002104,Prarolo,01,Piemonte,002,Vercelli,VC,1,Nord-ovest,G985,ITC,ITC1,ITC12,002104,11.7,45.279041,8.481597,720,61.54
002107,Quarona,01,Piemonte,002,Vercelli,VC,1,Nord-ovest,H108,ITC,ITC1,ITC12,002107,16.438,45.763998,8.248525,3715,226.0
002108,Quinto Vercellese,01,Piemonte,002,Vercelli,VC,1,Nord-ovest,H132,ITC,ITC1,ITC12,002108,10.966,45.379787,8.353427,381,34.74
002110,Rassa,01,Piemonte,002,Vercelli,VC,1,Nord-ovest,H188,ITC,ITC1,ITC12,002110,43.904,45.749565,7.975396,66,1.5
002113,Rimella,01,Piemonte,002,Vercelli,VC,1,Nord-ovest,H293,ITC,ITC1,ITC12,002113,26.015,45.919005,8.196387,139,5.34
002115,Rive,01,Piemonte,002,Vercelli,VC,1,Nord-ovest,H346,ITC,ITC1,ITC12,002115,9.409,45.209777,8.411053,427,45.38
002116,Roasio,01,Piemonte,002,Vercelli,VC,1,Nord-ovest,H365,ITC,ITC1,ITC12,002116,27.853,45.584191,8.296698,2142,76.9
002118,Ronsecco,01,Piemonte,002,Vercelli,VC,1,Nord-ovest,H549,ITC,ITC1,ITC12,002118,24.357,45.262186,8.265661,560,22.99
002121,Rossa,01,Piemonte,002,Vercelli,VC,1,Nord-ovest,H577,ITC,ITC1,ITC12,002121,12.012,45.855323,8.125053,167,13.9
002122,Rovasenda,01,Piemonte,002,Vercelli,VC,1,Nord-ovest,H364,ITC,ITC1,ITC12,002122,29.353,45.537936,8.316161,885,30.15
002126,Salasco,01,Piemonte,002,Vercelli,VC,1,Nord-ovest,H690,ITC,ITC1,ITC12,002126,12.078,45.317913,8.288048,194,16.06
002127,Sali Vercellese,01,Piemonte,002,Vercelli,VC,1,Nord-ovest,H707,ITC,ITC1,ITC12,002127,8.906,45.306545,8.315039,88,9.88
002128,Saluggia,01,Piemonte,002,Vercelli,VC,1,Nord-ovest,H725,ITC,ITC1,ITC12,002128,31.952,45.230804,8.030565,3752,117.43
002131,San Germano Vercellese,01,Piemonte,002,Vercelli,VC,1,Nord-ovest,H861,ITC,ITC1,ITC12,002131,30.72,45.357662,8.254799,1615,52.57
002035,San Giacomo Vercellese,01,Piemonte,002,Vercelli,VC,1,Nord-ovest,B952,ITC,ITC1,ITC12,002035,9.629,45.486726,8.330892,263,27.31
002133,Santhià,01,Piemonte,002,Vercelli,VC,1,Nord-ovest,I337,ITC,ITC1,ITC12,002133,53.371,45.387293,8.200063,8024,150.34
002134,Scopa,01,Piemonte,002,Vercelli,VC,1,Nord-ovest,I544,ITC,ITC1,ITC12,002134,22.488,45.786339,8.1282,381,16.94
002135,Scopello,01,Piemonte,002,Vercelli,VC,1,Nord-ovest,I545,ITC,ITC1,ITC12,002135,18.247,45.757893,8.113072,388,21.26
002137,Serravalle Sesia,01,Piemonte,002,Vercelli,VC,1,Nord-ovest,I663,ITC,ITC1,ITC12,002137,20.627,45.67198,8.307786,4636,224.75
002142,Stroppiana,01,Piemonte,002,Vercelli,VC,1,Nord-ovest,I984,ITC,ITC1,ITC12,002142,18.516,45.230143,8.457378,1199,64.75
002147,Tricerro,01,Piemonte,002,Vercelli,VC,1,Nord-ovest,L420,ITC,ITC1,ITC12,002147,12.172,45.235767,8.311424,661,54.3
002148,Trino,01,Piemonte,002,Vercelli,VC,1,Nord-ovest,L429,ITC,ITC1,ITC12,002148,70.49,45.223801,8.241947,6760,95.9
002150,Tronzano Vercellese,01,Piemonte,002,Vercelli,VC,1,Nord-ovest,L451,ITC,ITC1,ITC12,002150,44.779,45.32209,8.179096,3271,73.05
002152,Valduggia,01,Piemonte,002,Vercelli,VC,1,Nord-ovest,L566,ITC,ITC1,ITC12,002152,28.133,45.735959,8.351346,1785,63.45
002156,Varallo,01,Piemonte,002,Vercelli,VC,1,Nord-ovest,L669,ITC,ITC1,ITC12,002156,103.016,45.838986,8.27281,6832,66.32
002158,Vercelli,01,Piemonte,002,Vercelli,VC,1,Nord-ovest,L750,ITC,ITC1,ITC12,002158,80.015,45.323757,8.392996,46391,579.78
002163,Villarboit,01,Piemonte,002,Vercelli,VC,1,Nord-ovest,M003,ITC,ITC1,ITC12,002163,25.64,45.440035,8.330911,366,14.27
002164,Villata,01,Piemonte,002,Vercelli,VC,1,Nord-ovest,M028,ITC,ITC1,ITC12,002164,14.71,45.388394,8.425223,1518,103.2
002166,Vocca,01,Piemonte,002,Vercelli,VC,1,Nord-ovest,M106,ITC,ITC1,ITC12,002166,20.204,45.810518,8.165939,156,7.72
072001,Acquaviva delle Fonti,16,Puglia,072,Bari,BA,4,Sud,A048,ITF,ITF4,ITF47,072001,131.307,40.887029,16.854089,19680,149.88
072002,Adelfia,16,Puglia,072,Bari,BA,4,Sud,A055,ITF,ITF4,ITF47,072002,29.478,40.988981,16.875951,16371,555.36
072003,Alberobello,16,Puglia,072,Bari,BA,4,Sud,A149,ITF,ITF4,ITF47,072003,40.581,40.791248,17.217757,10029,247.14
072004,Altamura,16,Puglia,072,Bari,BA,4,Sud,A225,ITF,ITF4,ITF47,072004,426.472,40.848064,16.565477,70336,164.93
072006,Bari,16,Puglia,072,Bari,BA,4,Sud,A662,ITF,ITF4,ITF47,072006,115.849,41.086415,16.869262,316248,2729.83
072008,Binetto,16,Puglia,072,Bari,BA,4,Sud,A874,ITF,ITF4,ITF47,072008,17.302,41.006723,16.733304,2184,126.23
072010,Bitetto,16,Puglia,072,Bari,BA,4,Sud,A892,ITF,ITF4,ITF47,072010,33.402,41.033423,16.763553,11745,351.63
072011,Bitonto,16,Puglia,072,Bari,BA,4,Sud,A893,ITF,ITF4,ITF47,072011,172.46,41.051977,16.575569,52868,306.55
072012,Bitritto,16,Puglia,072,Bari,BA,4,Sud,A894,ITF,ITF4,ITF47,072012,18.019,41.037324,16.819813,11456,635.77
072014,Capurso,16,Puglia,072,Bari,BA,4,Sud,B716,ITF,ITF4,ITF47,072014,15.042,41.034847,16.927662,15107,1004.32
072015,Casamassima,16,Puglia,072,Bari,BA,4,Sud,B923,ITF,ITF4,ITF47,072015,77.648,40.937161,16.92487,19093,245.89
072016,Cassano delle Murge,16,Puglia,072,Bari,BA,4,Sud,B998,ITF,ITF4,ITF47,072016,89.354,40.881884,16.748207,15282,171.03
072017,Castellana Grotte,16,Puglia,072,Bari,BA,4,Sud,C134,ITF,ITF4,ITF47,072017,67.94,40.865513,17.193033,19702,289.99
072018,Cellamare,16,Puglia,072,Bari,BA,4,Sud,C436,ITF,ITF4,ITF47,072018,5.951,41.018345,16.928551,5761,968.07
072019,Conversano,16,Puglia,072,Bari,BA,4,Sud,C975,ITF,ITF4,ITF47,072019,127.209,40.952385,17.096345,25993,204.33
072020,Corato,16,Puglia,072,Bari,BA,4,Sud,C983,ITF,ITF4,ITF47,072020,168.311,41.092397,16.359119,46845,278.32
072021,Gioia del Colle,16,Puglia,072,Bari,BA,4,Sud,E038,ITF,ITF4,ITF47,072021,206.816,40.771832,16.927108,26433,127.81
072022,Giovinazzo,16,Puglia,072,Bari,BA,4,Sud,E047,ITF,ITF4,ITF47,072022,43.993,41.153225,16.655671,19087,433.86
072023,Gravina in Puglia,16,Puglia,072,Bari,BA,4,Sud,E155,ITF,ITF4,ITF47,072023,381.189,40.853838,16.339226,41990,110.16
072024,Grumo Appula,16,Puglia,072,Bari,BA,4,Sud,E223,ITF,ITF4,ITF47,072024,80.687,40.957566,16.700786,11956,148.18
072025,Locorotondo,16,Puglia,072,Bari,BA,4,Sud,E645,ITF,ITF4,ITF47,072025,47.603,40.772827,17.343058,13792,289.73
072027,Modugno,16,Puglia,072,Bari,BA,4,Sud,F262,ITF,ITF4,ITF47,072027,32.179,41.083072,16.782064,35993,1118.52
072028,Mola di Bari,16,Puglia,072,Bari,BA,4,Sud,F280,ITF,ITF4,ITF47,072028,50.122,41.037882,17.083935,24095,480.73
072029,Molfetta,16,Puglia,072,Bari,BA,4,Sud,F284,ITF,ITF4,ITF47,072029,58.209,41.183369,16.568733,57016,979.5
072030,Monopoli,16,Puglia,072,Bari,BA,4,Sud,F376,ITF,ITF4,ITF47,072030,155.66,40.897326,17.295292,47657,306.16
072031,Noci,16,Puglia,072,Bari,BA,4,Sud,F915,ITF,ITF4,ITF47,072031,148.833,40.763954,17.112444,18095,121.58
072032,Noicattaro,16,Puglia,072,Bari,BA,4,Sud,F923,ITF,ITF4,ITF47,072032,40.334,41.037811,16.982101,25766,638.82
072033,Palo del Colle,16,Puglia,072,Bari,BA,4,Sud,G291,ITF,ITF4,ITF47,072033,79.009,41.039245,16.652256,20253,256.34
072034,Poggiorsini,16,Puglia,072,Bari,BA,4,Sud,G769,ITF,ITF4,ITF47,072034,43.073,40.920106,16.249935,1240,28.79
072035,Polignano a Mare,16,Puglia,072,Bari,BA,4,Sud,G787,ITF,ITF4,ITF47,072035,63.057,40.962553,17.200891,17271,273.9
072036,Putignano,16,Puglia,072,Bari,BA,4,Sud,H096,ITF,ITF4,ITF47,072036,99.276,40.846528,17.08134,25696,258.83
072037,Rutigliano,16,Puglia,072,Bari,BA,4,Sud,H643,ITF,ITF4,ITF47,072037,53.3,40.995231,17.004951,18254,342.48
072038,Ruvo di Puglia,16,Puglia,072,Bari,BA,4,Sud,H645,ITF,ITF4,ITF47,072038,221.951,41.052961,16.45578,24092,108.55
072039,Sammichele di Bari,16,Puglia,072,Bari,BA,4,Sud,H749,ITF,ITF4,ITF47,072039,33.811,40.875955,16.961014,5921,175.12
072040,Sannicandro di Bari,16,Puglia,072,Bari,BA,4,Sud,I053,ITF,ITF4,ITF47,072040,55.999,40.970321,16.80202,9608,171.57
072041,Santeramo in Colle,16,Puglia,072,Bari,BA,4,Sud,I330,ITF,ITF4,ITF47,072041,143.529,40.780465,16.73714,25578,178.21
072043,Terlizzi,16,Puglia,072,Bari,BA,4,Sud,L109,ITF,ITF4,ITF47,072043,68.445,41.101899,16.543786,25958,379.25
072044,Toritto,16,Puglia,072,Bari,BA,4,Sud,L220,ITF,ITF4,ITF47,072044,75.206,40.973832,16.62258,7953,105.75
072046,Triggiano,16,Puglia,072,Bari,BA,4,Sud,L425,ITF,ITF4,ITF47,072046,20.041,41.06982,16.941589,25558,1275.29
072047,Turi,16,Puglia,072,Bari,BA,4,Sud,L472,ITF,ITF4,ITF47,072047,70.682,40.901515,17.011368,12972,183.53
072048,Valenzano,16,Puglia,072,Bari,BA,4,Sud,L571,ITF,ITF4,ITF47,072048,15.731,41.036204,16.883308,17139,1089.5
110001,Andria,16,Puglia,110,Barletta-Andria-Trani,BT,4,Sud,A285,ITF,ITF4,ITF48,110001,399.846,41.139278,16.228979,96520,241.39
110002,Barletta,16,Puglia,110,Barletta-Andria-Trani,BT,4,Sud,A669,ITF,ITF4,ITF48,110002,148.137,41.291687,16.233951,92067,621.5
110003,Bisceglie,16,Puglia,110,Barletta-Andria-Trani,BT,4,Sud,A883,ITF,ITF4,ITF48,110003,68.478,41.200757,16.478728,53242,777.51
110004,Canosa di Puglia,16,Puglia,110,Barletta-Andria-Trani,BT,4,Sud,B619,ITF,ITF4,ITF48,110004,149.301,41.189391,16.040881,27275,182.68
110005,Margherita di Savoia,16,Puglia,110,Barletta-Andria-Trani,BT,4,Sud,E946,ITF,ITF4,ITF48,110005,35.499,41.378661,16.127059,11025,310.57
110006,Minervino Murge,16,Puglia,110,Barletta-Andria-Trani,BT,4,Sud,F220,ITF,ITF4,ITF48,110006,255.582,41.079452,16.082686,7811,30.56
110007,San Ferdinando di Puglia,16,Puglia,110,Barletta-Andria-Trani,BT,4,Sud,H839,ITF,ITF4,ITF48,110007,41.089,41.276292,16.035677,13855,337.19
110008,Spinazzola,16,Puglia,110,Barletta-Andria-Trani,BT,4,Sud,I907,ITF,ITF4,ITF48,110008,182.133,40.96394,16.12355,5794,31.81
110009,Trani,16,Puglia,110,Barletta-Andria-Trani,BT,4,Sud,L328,ITF,ITF4,ITF48,110009,102.244,41.232549,16.397185,54731,535.3
110010,Trinitapoli,16,Puglia,110,Barletta-Andria-Trani,BT,4,Sud,B915,ITF,ITF4,ITF48,110010,147.824,41.358778,16.074446,13613,92.09
074001,Brindisi,16,Puglia,074,Brindisi,BR,4,Sud,B180,ITF,ITF4,ITF44,074001,328.772,40.586738,17.927798,81181,246.92
074002,Carovigno,16,Puglia,074,Brindisi,BR,4,Sud,B809,ITF,ITF4,ITF44,074002,105.287,40.707068,17.705926,17093,162.35
074003,Ceglie Messapica,16,Puglia,074,Brindisi,BR,4,Sud,C424,ITF,ITF4,ITF44,074003,130.159,40.642861,17.525954,18363,141.08
074004,Cellino San Marco,16,Puglia,074,Brindisi,BR,4,Sud,C448,ITF,ITF4,ITF44,074004,37.312,40.488936,17.931115,5889,157.83
074005,Cisternino,16,Puglia,074,Brindisi,BR,4,Sud,C741,ITF,ITF4,ITF44,074005,53.331,40.757509,17.438913,10954,205.4
074006,Erchie,16,Puglia,074,Brindisi,BR,4,Sud,D422,ITF,ITF4,ITF44,074006,44.187,40.424985,17.734573,8041,181.98
074007,Fasano,16,Puglia,074,Brindisi,BR,4,Sud,D508,ITF,ITF4,ITF44,074007,130.208,40.828913,17.403948,38747,297.58
074008,Francavilla Fontana,16,Puglia,074,Brindisi,BR,4,Sud,D761,ITF,ITF4,ITF44,074008,175.848,40.525477,17.553338,34352,195.35
074009,Latiano,16,Puglia,074,Brindisi,BR,4,Sud,E471,ITF,ITF4,ITF44,074009,54.399,40.571253,17.705398,13222,243.06
074010,Mesagne,16,Puglia,074,Brindisi,BR,4,Sud,F152,ITF,ITF4,ITF44,074010,122.687,40.533137,17.802552,25738,209.79
074011,Oria,16,Puglia,074,Brindisi,BR,4,Sud,G098,ITF,ITF4,ITF44,074011,82.503,40.499783,17.671544,14364,174.1
074012,Ostuni,16,Puglia,074,Brindisi,BR,4,Sud,G187,ITF,ITF4,ITF44,074012,223.613,40.73082,17.55724,29803,133.28
074013,San Donaci,16,Puglia,074,Brindisi,BR,4,Sud,H822,ITF,ITF4,ITF44,074013,33.596,40.451071,17.908119,6050,180.08
074014,San Michele Salentino,16,Puglia,074,Brindisi,BR,4,Sud,I045,ITF,ITF4,ITF44,074014,26.324,40.612006,17.628012,6006,228.16
074015,San Pancrazio Salentino,16,Puglia,074,Brindisi,BR,4,Sud,I066,ITF,ITF4,ITF44,074015,56.067,40.425421,17.834507,8958,159.77
074016,San Pietro Vernotico,16,Puglia,074,Brindisi,BR,4,Sud,I119,ITF,ITF4,ITF44,074016,46.113,40.514495,17.983275,12807,277.73
074017,San Vito dei Normanni,16,Puglia,074,Brindisi,BR,4,Sud,I396,ITF,ITF4,ITF44,074017,66.185,40.638581,17.705092,17793,268.84
074018,Torchiarolo,16,Puglia,074,Brindisi,BR,4,Sud,L213,ITF,ITF4,ITF44,074018,32.395,40.499674,18.047605,5286,163.17
074019,Torre Santa Susanna,16,Puglia,074,Brindisi,BR,4,Sud,L280,ITF,ITF4,ITF44,074019,54.788,40.486607,17.745871,10045,183.34
074020,Villa Castelli,16,Puglia,074,Brindisi,BR,4,Sud,L920,ITF,ITF4,ITF44,074020,34.541,40.564325,17.479862,8939,258.79
071001,Accadia,16,Puglia,071,Foggia,FG,4,Sud,A015,ITF,ITF4,ITF46,071001,30.314,41.184598,15.331488,2204,72.71
071002,Alberona,16,Puglia,071,Foggia,FG,4,Sud,A150,ITF,ITF4,ITF46,071002,49.34,41.442062,15.138346,836,16.94
071003,Anzano di Puglia,16,Puglia,071,Foggia,FG,4,Sud,A320,ITF,ITF4,ITF46,071003,10.732,41.112542,15.287217,1055,98.3
071004,Apricena,16,Puglia,071,Foggia,FG,4,Sud,A339,ITF,ITF4,ITF46,071004,171.632,41.780243,15.435816,12486,72.75
071005,Ascoli Satriano,16,Puglia,071,Foggia,FG,4,Sud,A463,ITF,ITF4,ITF46,071005,334.855,41.214382,15.595223,5634,16.83
071006,Biccari,16,Puglia,071,Foggia,FG,4,Sud,A854,ITF,ITF4,ITF46,071006,106.037,41.42441,15.229323,2579,24.32
071007,Bovino,16,Puglia,071,Foggia,FG,4,Sud,B104,ITF,ITF4,ITF46,071007,84.658,41.261835,15.376702,2862,33.81
071008,Cagnano Varano,16,Puglia,071,Foggia,FG,4,Sud,B357,ITF,ITF4,ITF46,071008,165.879,41.843058,15.739108,6525,39.34
071009,Candela,16,Puglia,071,Foggia,FG,4,Sud,B584,ITF,ITF4,ITF46,071009,96.273,41.15161,15.519772,2696,28.0
071010,Carapelle,16,Puglia,071,Foggia,FG,4,Sud,B724,ITF,ITF4,ITF46,071010,24.373,41.361139,15.691027,6868,281.79
071011,Carlantino,16,Puglia,071,Foggia,FG,4,Sud,B784,ITF,ITF4,ITF46,071011,34.512,41.612138,14.983518,746,21.62
071012,Carpino,16,Puglia,071,Foggia,FG,4,Sud,B829,ITF,ITF4,ITF46,071012,79.266,41.829395,15.867094,3698,46.65
071013,Casalnuovo Monterotaro,16,Puglia,071,Foggia,FG,4,Sud,B904,ITF,ITF4,ITF46,071013,47.905,41.626562,15.069252,1402,29.27
071014,Casalvecchio di Puglia,16,Puglia,071,Foggia,FG,4,Sud,B917,ITF,ITF4,ITF46,071014,31.618,41.627417,15.14226,1620,51.24
071016,Castelluccio Valmaggiore,16,Puglia,071,Foggia,FG,4,Sud,C202,ITF,ITF4,ITF46,071016,26.577,41.354748,15.200358,1177,44.29
071015,Castelluccio dei Sauri,16,Puglia,071,Foggia,FG,4,Sud,C198,ITF,ITF4,ITF46,071015,50.866,41.304788,15.473075,1958,38.49
071017,Castelnuovo della Daunia,16,Puglia,071,Foggia,FG,4,Sud,C222,ITF,ITF4,ITF46,071017,61.121,41.601939,15.17399,1218,19.93
071018,Celenza Valfortore,16,Puglia,071,Foggia,FG,4,Sud,C429,ITF,ITF4,ITF46,071018,65.18,41.567069,15.006799,1267,19.44
071019,Celle di San Vito,16,Puglia,071,Foggia,FG,4,Sud,C442,ITF,ITF4,ITF46,071019,18.247,41.326716,15.191011,143,7.84
071020,Cerignola,16,Puglia,071,Foggia,FG,4,Sud,C514,ITF,ITF4,ITF46,071020,589.384,41.292355,15.909294,56711,96.22
071021,Chieuti,16,Puglia,071,Foggia,FG,4,Sud,C633,ITF,ITF4,ITF46,071021,60.944,41.874966,15.170083,1467,24.07
071022,Deliceto,16,Puglia,071,Foggia,FG,4,Sud,D269,ITF,ITF4,ITF46,071022,75.318,41.234038,15.427692,3424,45.46
071023,Faeto,16,Puglia,071,Foggia,FG,4,Sud,D459,ITF,ITF4,ITF46,071023,25.725,41.325449,15.154957,624,24.26
071024,Foggia,16,Puglia,071,Foggia,FG,4,Sud,D643,ITF,ITF4,ITF46,071024,505.915,41.46782,15.590461,145078,286.76
071025,Ischitella,16,Puglia,071,Foggia,FG,4,Sud,E332,ITF,ITF4,ITF46,071025,84.524,41.88151,15.843952,4028,47.66
071026,Isole Tremiti,16,Puglia,071,Foggia,FG,4,Sud,E363,ITF,ITF4,ITF46,071026,3.279,42.114904,15.487593,470,143.34
071027,Lesina,16,Puglia,071,Foggia,FG,4,Sud,E549,ITF,ITF4,ITF46,071027,159.659,41.870829,15.337825,6255,39.18
071028,Lucera,16,Puglia,071,Foggia,FG,4,Sud,E716,ITF,ITF4,ITF46,071028,337.998,41.491916,15.356488,30335,89.75
071029,Manfredonia,16,Puglia,071,Foggia,FG,4,Sud,E885,ITF,ITF4,ITF46,071029,352.514,41.542644,15.81813,53015,150.39
071031,Mattinata,16,Puglia,071,Foggia,FG,4,Sud,F059,ITF,ITF4,ITF46,071031,72.827,41.731529,16.053714,5840,80.19
071033,Monte Sant'Angelo,16,Puglia,071,Foggia,FG,4,Sud,F631,ITF,ITF4,ITF46,071033,243.165,41.736408,15.914861,10891,44.79
071032,Monteleone di Puglia,16,Puglia,071,Foggia,FG,4,Sud,F538,ITF,ITF4,ITF46,071032,36.084,41.156893,15.247582,914,25.33
071034,Motta Montecorvino,16,Puglia,071,Foggia,FG,4,Sud,F777,ITF,ITF4,ITF46,071034,19.943,41.504433,15.113305,583,29.23
071063,Ordona,16,Puglia,071,Foggia,FG,4,Sud,M266,ITF,ITF4,ITF46,071063,39.27,41.302869,15.62485,3366,85.71
071035,Orsara di Puglia,16,Puglia,071,Foggia,FG,4,Sud,G125,ITF,ITF4,ITF46,071035,82.444,41.291869,15.271581,2469,29.95
071036,Orta Nova,16,Puglia,071,Foggia,FG,4,Sud,G131,ITF,ITF4,ITF46,071036,104.781,41.312123,15.708869,16576,158.2
071037,Panni,16,Puglia,071,Foggia,FG,4,Sud,G312,ITF,ITF4,ITF46,071037,32.455,41.205183,15.287353,673,20.74
071038,Peschici,16,Puglia,071,Foggia,FG,4,Sud,G487,ITF,ITF4,ITF46,071038,49.08,41.90118,16.023961,4291,87.43
071039,Pietramontecorvino,16,Puglia,071,Foggia,FG,4,Sud,G604,ITF,ITF4,ITF46,071039,71.354,41.554597,15.134238,2367,33.17
071040,Poggio Imperiale,16,Puglia,071,Foggia,FG,4,Sud,G761,ITF,ITF4,ITF46,071040,52.525,41.834611,15.343459,2551,48.57
071041,Rignano Garganico,16,Puglia,071,Foggia,FG,4,Sud,H287,ITF,ITF4,ITF46,071041,89.423,41.660958,15.580767,1722,19.26
071042,Rocchetta Sant'Antonio,16,Puglia,071,Foggia,FG,4,Sud,H467,ITF,ITF4,ITF46,071042,71.86,41.105339,15.483642,1597,22.22
071043,Rodi Garganico,16,Puglia,071,Foggia,FG,4,Sud,H480,ITF,ITF4,ITF46,071043,13.524,41.922019,15.877739,3306,244.45
071044,Roseto Valfortore,16,Puglia,071,Foggia,FG,4,Sud,H568,ITF,ITF4,ITF46,071044,49.667,41.361235,15.106507,982,19.77
071046,San Giovanni Rotondo,16,Puglia,071,Foggia,FG,4,Sud,H926,ITF,ITF4,ITF46,071046,260.149,41.636027,15.769091,26129,100.44
071047,San Marco in Lamis,16,Puglia,071,Foggia,FG,4,Sud,H985,ITF,ITF4,ITF46,071047,232.34,41.698643,15.643006,12205,52.53
071048,San Marco la Catola,16,Puglia,071,Foggia,FG,4,Sud,H986,ITF,ITF4,ITF46,071048,28.363,41.515322,15.002133,810,28.56
071049,San Nicandro Garganico,16,Puglia,071,Foggia,FG,4,Sud,I054,ITF,ITF4,ITF46,071049,171.616,41.828177,15.578182,13367,77.89
071050,San Paolo di Civitate,16,Puglia,071,Foggia,FG,4,Sud,I072,ITF,ITF4,ITF46,071050,90.131,41.771991,15.269197,5322,59.05
071051,San Severo,16,Puglia,071,Foggia,FG,4,Sud,I158,ITF,ITF4,ITF46,071051,333.295,41.661581,15.4269,48807,146.44
071052,Sant'Agata di Puglia,16,Puglia,071,Foggia,FG,4,Sud,I193,ITF,ITF4,ITF46,071052,115.399,41.143416,15.361129,1737,15.05
071053,Serracapriola,16,Puglia,071,Foggia,FG,4,Sud,I641,ITF,ITF4,ITF46,071053,143.073,41.825321,15.207227,3528,24.66
071054,Stornara,16,Puglia,071,Foggia,FG,4,Sud,I962,ITF,ITF4,ITF46,071054,33.451,41.294072,15.774522,5778,172.73
071055,Stornarella,16,Puglia,071,Foggia,FG,4,Sud,I963,ITF,ITF4,ITF46,071055,33.617,41.26795,15.730099,5402,160.69
071056,Torremaggiore,16,Puglia,071,Foggia,FG,4,Sud,L273,ITF,ITF4,ITF46,071056,208.796,41.662335,15.232383,16283,77.99
071058,Troia,16,Puglia,071,Foggia,FG,4,Sud,L447,ITF,ITF4,ITF46,071058,167.785,41.367233,15.360996,6491,38.69
071059,Vico del Gargano,16,Puglia,071,Foggia,FG,4,Sud,L842,ITF,ITF4,ITF46,071059,110.438,41.877463,15.962341,7152,64.76
071060,Vieste,16,Puglia,071,Foggia,FG,4,Sud,L858,ITF,ITF4,ITF46,071060,167.784,41.846656,16.122254,13234,78.88
071061,Volturara Appula,16,Puglia,071,Foggia,FG,4,Sud,M131,ITF,ITF4,ITF46,071061,51.99,41.48187,15.051482,340,6.54
071062,Volturino,16,Puglia,071,Foggia,FG,4,Sud,M132,ITF,ITF4,ITF46,071062,57.879,41.496228,15.190995,1499,25.9
071064,Zapponeta,16,Puglia,071,Foggia,FG,4,Sud,M267,ITF,ITF4,ITF46,071064,41.5,41.463974,15.874581,3192,76.92
075002,Alessano,16,Puglia,075,Lecce,LE,4,Sud,A184,ITF,ITF4,ITF45,075002,28.4,39.891824,18.32146,5982,210.63
075003,Alezio,16,Puglia,075,Lecce,LE,4,Sud,A185,ITF,ITF4,ITF45,075003,16.341,40.053515,18.059009,5644,345.39
075004,Alliste,16,Puglia,075,Lecce,LE,4,Sud,A208,ITF,ITF4,ITF45,075004,23.349,39.927394,18.077765,6344,271.7
075005,Andrano,16,Puglia,075,Lecce,LE,4,Sud,A281,ITF,ITF4,ITF45,075005,15.676,39.980795,18.362992,4406,281.07
075006,Aradeo,16,Puglia,075,Lecce,LE,4,Sud,A350,ITF,ITF4,ITF45,075006,8.342,40.135667,18.132291,8798,1054.66
075007,Arnesano,16,Puglia,075,Lecce,LE,4,Sud,A425,ITF,ITF4,ITF45,075007,13.484,40.338328,18.091515,3903,289.45
075008,Bagnolo del Salento,16,Puglia,075,Lecce,LE,4,Sud,A572,ITF,ITF4,ITF45,075008,6.44,40.147516,18.36609,1698,263.66
075009,Botrugno,16,Puglia,075,Lecce,LE,4,Sud,B086,ITF,ITF4,ITF45,075009,9.425,40.052908,18.305679,2570,272.68
075010,Calimera,16,Puglia,075,Lecce,LE,4,Sud,B413,ITF,ITF4,ITF45,075010,10.975,40.246179,18.293971,6633,604.37
075011,Campi Salentina,16,Puglia,075,Lecce,LE,4,Sud,B506,ITF,ITF4,ITF45,075011,45.141,40.405149,18.025727,9615,213.0
075012,Cannole,16,Puglia,075,Lecce,LE,4,Sud,B616,ITF,ITF4,ITF45,075012,20.173,40.167974,18.3845,1568,77.73
075013,Caprarica di Lecce,16,Puglia,075,Lecce,LE,4,Sud,B690,ITF,ITF4,ITF45,075013,10.732,40.263444,18.24603,2243,209.0
075014,Carmiano,16,Puglia,075,Lecce,LE,4,Sud,B792,ITF,ITF4,ITF45,075014,23.604,40.344805,18.03841,11646,493.39
075015,Carpignano Salentino,16,Puglia,075,Lecce,LE,4,Sud,B822,ITF,ITF4,ITF45,075015,48.265,40.212705,18.349421,3615,74.9
075016,Casarano,16,Puglia,075,Lecce,LE,4,Sud,B936,ITF,ITF4,ITF45,075016,37.905,40.019507,18.182922,18940,499.67
075017,Castri di Lecce,16,Puglia,075,Lecce,LE,4,Sud,C334,ITF,ITF4,ITF45,075017,12.594,40.279009,18.269067,2694,213.91
075018,Castrignano de' Greci,16,Puglia,075,Lecce,LE,4,Sud,C335,ITF,ITF4,ITF45,075018,9.311,40.174408,18.30952,3632,390.08
075019,Castrignano del Capo,16,Puglia,075,Lecce,LE,4,Sud,C336,ITF,ITF4,ITF45,075019,20.441,39.826371,18.351326,5055,247.3
075096,Castro,16,Puglia,075,Lecce,LE,4,Sud,M261,ITF,ITF4,ITF45,075096,4.305,40.00874,18.424531,2274,528.22
075020,Cavallino,16,Puglia,075,Lecce,LE,4,Sud,C377,ITF,ITF4,ITF45,075020,22.523,40.301698,18.193619,12993,576.88
075021,Collepasso,16,Puglia,075,Lecce,LE,4,Sud,C865,ITF,ITF4,ITF45,075021,12.593,40.073004,18.170032,5452,432.94
075022,Copertino,16,Puglia,075,Lecce,LE,4,Sud,C978,ITF,ITF4,ITF45,075022,58.349,40.268914,18.055438,22698,389.0
075023,Corigliano d'Otranto,16,Puglia,075,Lecce,LE,4,Sud,D006,ITF,ITF4,ITF45,075023,28.419,40.15238,18.247976,5519,194.2
075024,Corsano,16,Puglia,075,Lecce,LE,4,Sud,D044,ITF,ITF4,ITF45,075024,9.042,39.883285,18.378401,5049,558.39
075025,Cursi,16,Puglia,075,Lecce,LE,4,Sud,D223,ITF,ITF4,ITF45,075025,8.483,40.1538,18.321666,3769,444.3
075026,Cutrofiano,16,Puglia,075,Lecce,LE,4,Sud,D237,ITF,ITF4,ITF45,075026,55.667,40.105418,18.198741,8638,155.17
075027,Diso,16,Puglia,075,Lecce,LE,4,Sud,D305,ITF,ITF4,ITF45,075027,11.42,39.999514,18.388446,2792,244.48
075028,Gagliano del Capo,16,Puglia,075,Lecce,LE,4,Sud,D851,ITF,ITF4,ITF45,075028,16.415,39.831378,18.376585,4779,291.14
075029,Galatina,16,Puglia,075,Lecce,LE,4,Sud,D862,ITF,ITF4,ITF45,075029,80.963,40.194181,18.133019,25173,310.92
075030,Galatone,16,Puglia,075,Lecce,LE,4,Sud,D863,ITF,ITF4,ITF45,075030,46.303,40.149547,18.073631,14855,320.82
075031,Gallipoli,16,Puglia,075,Lecce,LE,4,Sud,D883,ITF,ITF4,ITF45,075031,39.932,40.041412,18.024813,18826,471.45
075032,Giuggianello,16,Puglia,075,Lecce,LE,4,Sud,E053,ITF,ITF4,ITF45,075032,10.386,40.106748,18.38633,1118,107.64
075033,Giurdignano,16,Puglia,075,Lecce,LE,4,Sud,E061,ITF,ITF4,ITF45,075033,13.677,40.128661,18.43029,1936,141.55
075034,Guagnano,16,Puglia,075,Lecce,LE,4,Sud,E227,ITF,ITF4,ITF45,075034,37.8,40.423205,17.938576,5279,139.66
075035,Lecce,16,Puglia,075,Lecce,LE,4,Sud,E506,ITF,ITF4,ITF45,075035,235.817,40.398974,18.227397,94387,400.26
075036,Lequile,16,Puglia,075,Lecce,LE,4,Sud,E538,ITF,ITF4,ITF45,075036,35.677,40.282386,18.133052,8600,241.05
075037,Leverano,16,Puglia,075,Lecce,LE,4,Sud,E563,ITF,ITF4,ITF45,075037,48.634,40.288841,17.976561,13334,274.17
075038,Lizzanello,16,Puglia,075,Lecce,LE,4,Sud,E629,ITF,ITF4,ITF45,075038,25.121,40.312953,18.233663,12029,478.84
075039,Maglie,16,Puglia,075,Lecce,LE,4,Sud,E815,ITF,ITF4,ITF45,075039,22.336,40.112517,18.292751,13061,584.75
075040,Martano,16,Puglia,075,Lecce,LE,4,Sud,E979,ITF,ITF4,ITF45,075040,21.926,40.20722,18.290742,8397,382.97
075041,Martignano,16,Puglia,075,Lecce,LE,4,Sud,E984,ITF,ITF4,ITF45,075041,6.49,40.237428,18.258038,1525,234.98
075042,Matino,16,Puglia,075,Lecce,LE,4,Sud,F054,ITF,ITF4,ITF45,075042,26.475,40.030744,18.115502,10754,406.19
075043,Melendugno,16,Puglia,075,Lecce,LE,4,Sud,F101,ITF,ITF4,ITF45,075043,90.997,40.266605,18.379352,10093,110.92
075044,Melissano,16,Puglia,075,Lecce,LE,4,Sud,F109,ITF,ITF4,ITF45,075044,12.687,39.978817,18.128243,6537,515.25
075045,Melpignano,16,Puglia,075,Lecce,LE,4,Sud,F117,ITF,ITF4,ITF45,075045,10.561,40.11225,18.260186,2154,203.96
075046,Miggiano,16,Puglia,075,Lecce,LE,4,Sud,F194,ITF,ITF4,ITF45,075046,7.897,39.971573,18.303851,3222,408.0
075047,Minervino di Lecce,16,Puglia,075,Lecce,LE,4,Sud,F221,ITF,ITF4,ITF45,075047,17.629,40.085577,18.410086,3392,192.41
075048,Monteroni di Lecce,16,Puglia,075,Lecce,LE,4,Sud,F604,ITF,ITF4,ITF45,075048,16.544,40.316689,18.089895,13147,794.67
075049,Montesano Salentino,16,Puglia,075,Lecce,LE,4,Sud,F623,ITF,ITF4,ITF45,075049,8.475,39.980649,18.317034,2590,305.6
075050,Morciano di Leuca,16,Puglia,075,Lecce,LE,4,Sud,F716,ITF,ITF4,ITF45,075050,13.42,39.847935,18.307375,3030,225.78
075051,Muro Leccese,16,Puglia,075,Lecce,LE,4,Sud,F816,ITF,ITF4,ITF45,075051,16.293,40.108749,18.330639,4574,280.73
075052,Nardò,16,Puglia,075,Lecce,LE,4,Sud,F842,ITF,ITF4,ITF45,075052,190.807,40.236924,17.982511,30784,161.34
075053,Neviano,16,Puglia,075,Lecce,LE,4,Sud,F881,ITF,ITF4,ITF45,075053,16.233,40.098078,18.120591,4755,292.92
075054,Nociglia,16,Puglia,075,Lecce,LE,4,Sud,F916,ITF,ITF4,ITF45,075054,10.704,40.024148,18.301896,2093,195.53
075055,Novoli,16,Puglia,075,Lecce,LE,4,Sud,F970,ITF,ITF4,ITF45,075055,17.827,40.373014,18.02786,7426,416.56
075056,Ortelle,16,Puglia,075,Lecce,LE,4,Sud,G136,ITF,ITF4,ITF45,075056,10.046,40.025275,18.404612,2194,218.4
075057,Otranto,16,Puglia,075,Lecce,LE,4,Sud,G188,ITF,ITF4,ITF45,075057,75.622,40.166959,18.449681,5587,73.88
075058,Palmariggi,16,Puglia,075,Lecce,LE,4,Sud,G285,ITF,ITF4,ITF45,075058,9.146,40.130629,18.381056,1346,147.17
075059,Parabita,16,Puglia,075,Lecce,LE,4,Sud,G325,ITF,ITF4,ITF45,075059,20.767,40.055841,18.113385,8686,418.26
075060,Patù,16,Puglia,075,Lecce,LE,4,Sud,G378,ITF,ITF4,ITF45,075060,8.697,39.827945,18.318017,1644,189.03
075061,Poggiardo,16,Puglia,075,Lecce,LE,4,Sud,G751,ITF,ITF4,ITF45,075061,19.73,40.05901,18.386295,5745,291.18
075097,Porto Cesareo,16,Puglia,075,Lecce,LE,4,Sud,M263,ITF,ITF4,ITF45,075097,34.312,40.291378,17.821093,6484,188.97
075098,Presicce-Acquarica,16,Puglia,075,Lecce,LE,4,Sud,M428,ITF,ITF4,ITF45,075098,43.031,39.892699,18.252439,9040,210.08
075063,Racale,16,Puglia,075,Lecce,LE,4,Sud,H147,ITF,ITF4,ITF45,075063,23.924,39.960617,18.072293,10670,446.0
075064,Ruffano,16,Puglia,075,Lecce,LE,4,Sud,H632,ITF,ITF4,ITF45,075064,38.857,39.970899,18.252896,9217,237.2
075065,Salice Salentino,16,Puglia,075,Lecce,LE,4,Sud,H708,ITF,ITF4,ITF45,075065,58.602,40.377097,17.923728,7549,128.82
075066,Salve,16,Puglia,075,Lecce,LE,4,Sud,H729,ITF,ITF4,ITF45,075066,32.194,39.858977,18.266075,4580,142.26
075095,San Cassiano,16,Puglia,075,Lecce,LE,4,Sud,M264,ITF,ITF4,ITF45,075095,8.892,40.04795,18.321976,1936,217.72
075068,San Cesario di Lecce,16,Puglia,075,Lecce,LE,4,Sud,H793,ITF,ITF4,ITF45,075068,8.11,40.308475,18.163532,7787,960.17
075069,San Donato di Lecce,16,Puglia,075,Lecce,LE,4,Sud,H826,ITF,ITF4,ITF45,075069,21.311,40.260984,18.196908,5350,251.04
075071,San Pietro in Lama,16,Puglia,075,Lecce,LE,4,Sud,I115,ITF,ITF4,ITF45,075071,8.007,40.296986,18.10569,3344,417.63
075067,Sanarica,16,Puglia,075,Lecce,LE,4,Sud,H757,ITF,ITF4,ITF45,075067,12.697,40.08861,18.351749,1475,116.17
075070,Sannicola,16,Puglia,075,Lecce,LE,4,Sud,I059,ITF,ITF4,ITF45,075070,27.695,40.094624,18.052007,5540,200.04
075072,Santa Cesarea Terme,16,Puglia,075,Lecce,LE,4,Sud,I172,ITF,ITF4,ITF45,075072,26.579,40.055041,18.453565,2764,103.99
075073,Scorrano,16,Puglia,075,Lecce,LE,4,Sud,I549,ITF,ITF4,ITF45,075073,34.97,40.076473,18.27236,6542,187.07
075074,Seclì,16,Puglia,075,Lecce,LE,4,Sud,I559,ITF,ITF4,ITF45,075074,8.821,40.13039,18.104013,1784,202.24
075075,Sogliano Cavour,16,Puglia,075,Lecce,LE,4,Sud,I780,ITF,ITF4,ITF45,075075,5.257,40.147679,18.201237,3810,724.75
075076,Soleto,16,Puglia,075,Lecce,LE,4,Sud,I800,ITF,ITF4,ITF45,075076,30.181,40.199169,18.197198,5086,168.52
075077,Specchia,16,Puglia,075,Lecce,LE,4,Sud,I887,ITF,ITF4,ITF45,075077,24.685,39.946404,18.289274,4453,180.39
075078,Spongano,16,Puglia,075,Lecce,LE,4,Sud,I923,ITF,ITF4,ITF45,075078,12.503,40.016648,18.359873,3399,271.85
075079,Squinzano,16,Puglia,075,Lecce,LE,4,Sud,I930,ITF,ITF4,ITF45,075079,30.896,40.456136,18.024472,13235,428.37
075080,Sternatia,16,Puglia,075,Lecce,LE,4,Sud,I950,ITF,ITF4,ITF45,075080,16.421,40.228568,18.219262,2072,126.18
075081,Supersano,16,Puglia,075,Lecce,LE,4,Sud,L008,ITF,ITF4,ITF45,075081,36.02,40.034476,18.24732,4036,112.05
075082,Surano,16,Puglia,075,Lecce,LE,4,Sud,L010,ITF,ITF4,ITF45,075082,8.781,40.020996,18.329158,1474,167.86
075083,Surbo,16,Puglia,075,Lecce,LE,4,Sud,L011,ITF,ITF4,ITF45,075083,20.492,40.414677,18.131973,14481,706.67
075084,Taurisano,16,Puglia,075,Lecce,LE,4,Sud,L064,ITF,ITF4,ITF45,075084,23.516,39.953567,18.221598,11059,470.28
075085,Taviano,16,Puglia,075,Lecce,LE,4,Sud,L074,ITF,ITF4,ITF45,075085,21.904,39.985798,18.087668,11363,518.76
075086,Tiggiano,16,Puglia,075,Lecce,LE,4,Sud,L166,ITF,ITF4,ITF45,075086,7.475,39.902984,18.368516,2825,377.93
075087,Trepuzzi,16,Puglia,075,Lecce,LE,4,Sud,L383,ITF,ITF4,ITF45,075087,23.262,40.416234,18.062102,13764,591.69
075088,Tricase,16,Puglia,075,Lecce,LE,4,Sud,L419,ITF,ITF4,ITF45,075088,42.321,39.942648,18.361476,16938,400.23
075089,Tuglie,16,Puglia,075,Lecce,LE,4,Sud,L462,ITF,ITF4,ITF45,075089,8.37,40.079279,18.099679,5018,599.52
075090,Ugento,16,Puglia,075,Lecce,LE,4,Sud,L484,ITF,ITF4,ITF45,075090,98.412,39.921755,18.156467,11923,121.15
075091,Uggiano la Chiesa,16,Puglia,075,Lecce,LE,4,Sud,L485,ITF,ITF4,ITF45,075091,14.7,40.113789,18.455337,4322,294.01
075092,Veglie,16,Puglia,075,Lecce,LE,4,Sud,L711,ITF,ITF4,ITF45,075092,61.759,40.343407,17.922357,13053,211.35
075093,Vernole,16,Puglia,075,Lecce,LE,4,Sud,L776,ITF,ITF4,ITF45,075093,60.344,40.32437,18.311223,6522,108.08
075094,Zollino,16,Puglia,075,Lecce,LE,4,Sud,M187,ITF,ITF4,ITF45,075094,9.665,40.203477,18.246865,1810,187.27
073001,Avetrana,16,Puglia,073,Taranto,TA,4,Sud,A514,ITF,ITF4,ITF43,073001,73.352,40.356313,17.742277,6109,83.28
073002,Carosino,16,Puglia,073,Taranto,TA,4,Sud,B808,ITF,ITF4,ITF43,073002,10.93,40.474824,17.40748,6380,583.71
073003,Castellaneta,16,Puglia,073,Taranto,TA,4,Sud,C136,ITF,ITF4,ITF43,073003,239.981,40.584223,16.908174,15798,65.83
073004,Crispiano,16,Puglia,073,Taranto,TA,4,Sud,D171,ITF,ITF4,ITF43,073004,110.961,40.602595,17.251906,12816,115.5
073005,Faggiano,16,Puglia,073,Taranto,TA,4,Sud,D463,ITF,ITF4,ITF43,073005,21.24,40.41258,17.387688,3366,158.47
073006,Fragagnano,16,Puglia,073,Taranto,TA,4,Sud,D754,ITF,ITF4,ITF43,073006,22.419,40.428977,17.481133,4889,218.07
073007,Ginosa,16,Puglia,073,Taranto,TA,4,Sud,E036,ITF,ITF4,ITF43,073007,186.945,40.502049,16.791914,21721,116.19
073008,Grottaglie,16,Puglia,073,Taranto,TA,4,Sud,E205,ITF,ITF4,ITF43,073008,100.388,40.533447,17.414633,29976,298.6
073009,Laterza,16,Puglia,073,Taranto,TA,4,Sud,E469,ITF,ITF4,ITF43,073009,159.506,40.652006,16.785646,14584,91.43
073010,Leporano,16,Puglia,073,Taranto,TA,4,Sud,E537,ITF,ITF4,ITF43,073010,15.113,40.385392,17.313568,8202,542.71
073011,Lizzano,16,Puglia,073,Taranto,TA,4,Sud,E630,ITF,ITF4,ITF43,073011,46.397,40.371022,17.443365,9444,203.55
073012,Manduria,16,Puglia,073,Taranto,TA,4,Sud,E882,ITF,ITF4,ITF43,073012,177.978,40.381068,17.629434,29528,165.91
073013,Martina Franca,16,Puglia,073,Taranto,TA,4,Sud,E986,ITF,ITF4,ITF43,073013,295.599,40.696989,17.285941,46753,158.16
073014,Maruggio,16,Puglia,073,Taranto,TA,4,Sud,E995,ITF,ITF4,ITF43,073014,48.573,40.325192,17.557833,5138,105.78
073015,Massafra,16,Puglia,073,Taranto,TA,4,Sud,F027,ITF,ITF4,ITF43,073015,127.108,40.600023,17.116074,31766,249.91
073016,Monteiasi,16,Puglia,073,Taranto,TA,4,Sud,F531,ITF,ITF4,ITF43,073016,9.625,40.499387,17.379318,5190,539.22
073017,Montemesola,16,Puglia,073,Taranto,TA,4,Sud,F563,ITF,ITF4,ITF43,073017,16.21,40.563087,17.341665,3467,213.88
073018,Monteparano,16,Puglia,073,Taranto,TA,4,Sud,F587,ITF,ITF4,ITF43,073018,3.741,40.448915,17.415093,2239,598.5
073019,Mottola,16,Puglia,073,Taranto,TA,4,Sud,F784,ITF,ITF4,ITF43,073019,210.74,40.686837,17.0357,15103,71.67
073020,Palagianello,16,Puglia,073,Taranto,TA,4,Sud,G251,ITF,ITF4,ITF43,073020,43.588,40.567201,16.978003,7429,170.44
073021,Palagiano,16,Puglia,073,Taranto,TA,4,Sud,G252,ITF,ITF4,ITF43,073021,69.379,40.549059,17.023988,15712,226.47
073022,Pulsano,16,Puglia,073,Taranto,TA,4,Sud,H090,ITF,ITF4,ITF43,073022,18.702,40.371242,17.36456,11162,596.83
073023,Roccaforzata,16,Puglia,073,Taranto,TA,4,Sud,H409,ITF,ITF4,ITF43,073023,6.072,40.440891,17.394488,1729,284.75
073024,San Giorgio Ionico,16,Puglia,073,Taranto,TA,4,Sud,H882,ITF,ITF4,ITF43,073024,23.4,40.46919,17.360203,13850,591.88
073025,San Marzano di San Giuseppe,16,Puglia,073,Taranto,TA,4,Sud,I018,ITF,ITF4,ITF43,073025,19.039,40.454255,17.50469,8796,462.0
073026,Sava,16,Puglia,073,Taranto,TA,4,Sud,I467,ITF,ITF4,ITF43,073026,44.018,40.398517,17.535323,15033,341.52
073029,Statte,16,Puglia,073,Taranto,TA,4,Sud,M298,ITF,ITF4,ITF43,073029,66.575,40.547655,17.23145,12540,188.36
073027,Taranto,16,Puglia,073,Taranto,TA,4,Sud,L049,ITF,ITF4,ITF43,073027,246.198,40.472234,17.281998,185112,751.88
073028,Torricella,16,Puglia,073,Taranto,TA,4,Sud,L294,ITF,ITF4,ITF43,073028,26.651,40.345979,17.492646,4096,153.69
118002,Assemini,20,Sardegna,092,Cagliari,CA,5,Isole,A474,ITG,ITG2,ITG2F,092003,118.416,39.151383,8.901405,25575,215.98
118006,Cagliari,20,Sardegna,092,Cagliari,CA,5,Isole,B354,ITG,ITG2,ITG2F,092009,84.983,39.220825,9.09197,145981,1717.77
118007,Capoterra,20,Sardegna,092,Cagliari,CA,5,Isole,B675,ITG,ITG2,ITG2F,092011,68.382,39.147535,8.972204,23015,336.57
118009,Decimomannu,20,Sardegna,092,Cagliari,CA,5,Isole,D259,ITG,ITG2,ITG2F,092015,28.017,39.320305,8.967286,8375,298.93
118014,Elmas,20,Sardegna,092,Cagliari,CA,5,Isole,D399,ITG,ITG2,ITG2F,092108,14.019,39.259982,9.061824,9480,676.23
118026,Maracalagonis,20,Sardegna,092,Cagliari,CA,5,Isole,E903,ITG,ITG2,ITG2F,092037,101.989,39.222748,9.43677,7885,77.31
118028,Monserrato,20,Sardegna,092,Cagliari,CA,5,Isole,F383,ITG,ITG2,ITG2F,092109,6.519,39.263824,9.134296,18624,2856.88
118037,Pula,20,Sardegna,092,Cagliari,CA,5,Isole,H088,ITG,ITG2,ITG2F,092050,138.916,39.000931,8.94789,7048,50.74
118038,Quartu Sant'Elena,20,Sardegna,092,Cagliari,CA,5,Isole,H118,ITG,ITG2,ITG2F,092051,96.23,39.213417,9.345393,67869,705.28
118039,Quartucciu,20,Sardegna,092,Cagliari,CA,5,Isole,H119,ITG,ITG2,ITG2F,092105,27.771,39.251676,9.308597,12723,458.14
118047,Sarroch,20,Sardegna,092,Cagliari,CA,5,Isole,I443,ITG,ITG2,ITG2F,092066,68.381,39.071331,8.986347,4980,72.83
118048,Selargius,20,Sardegna,092,Cagliari,CA,5,Isole,I580,ITG,ITG2,ITG2F,092068,26.697,39.285548,9.133115,28272,1059.0
118053,Sestu,20,Sardegna,092,Cagliari,CA,5,Isole,I695,ITG,ITG2,ITG2F,092074,48.405,39.311157,9.086014,20630,426.2
118054,Settimo San Pietro,20,Sardegna,092,Cagliari,CA,5,Isole,I699,ITG,ITG2,ITG2F,092075,23.103,39.309132,9.165532,6968,301.61
118058,Sinnai,20,Sardegna,092,Cagliari,CA,5,Isole,I752,ITG,ITG2,ITG2F,092080,224.254,39.326535,9.270549,17447,77.8
118064,Uta,20,Sardegna,092,Cagliari,CA,5,Isole,L521,ITG,ITG2,ITG2F,092090,134.668,39.227681,8.92061,8899,66.08
118066,Villa San Pietro,20,Sardegna,092,Cagliari,CA,5,Isole,I118,ITG,ITG2,ITG2F,092099,40.308,39.064343,8.928725,2095,51.97
114001,Aritzo,20,Sardegna,091,Nuoro,NU,5,Isole,A407,ITG,ITG2,ITG2E,091001,75.242,39.936935,9.203084,1272,16.91
116001,Arzana,20,Sardegna,091,Nuoro,NU,5,Isole,A454,ITG,ITG2,ITG2E,091002,162.879,39.941242,9.348389,2199,13.5
114002,Atzara,20,Sardegna,091,Nuoro,NU,5,Isole,A492,ITG,ITG2,ITG2E,091003,35.981,39.974974,9.06331,974,27.07
114003,Austis,20,Sardegna,091,Nuoro,NU,5,Isole,A503,ITG,ITG2,ITG2E,091004,50.789,40.090837,9.065617,711,14.0
116002,Bari Sardo,20,Sardegna,091,Nuoro,NU,5,Isole,A663,ITG,ITG2,ITG2E,091005,37.652,39.830475,9.655558,3770,100.13
116003,Baunei,20,Sardegna,091,Nuoro,NU,5,Isole,A722,ITG,ITG2,ITG2E,091006,212.104,40.105381,9.625759,3366,15.87
114004,Belvì,20,Sardegna,091,Nuoro,NU,5,Isole,A776,ITG,ITG2,ITG2E,091007,18.3,39.971179,9.158122,529,28.91
114005,Birori,20,Sardegna,091,Nuoro,NU,5,Isole,A880,ITG,ITG2,ITG2E,091008,17.283,40.257636,8.817231,481,27.83
114006,Bitti,20,Sardegna,091,Nuoro,NU,5,Isole,A895,ITG,ITG2,ITG2E,091009,215.799,40.550976,9.368025,2476,11.47
114007,Bolotana,20,Sardegna,091,Nuoro,NU,5,Isole,A948,ITG,ITG2,ITG2E,091010,108.501,40.322095,8.959958,2244,20.68
114008,Borore,20,Sardegna,091,Nuoro,NU,5,Isole,B056,ITG,ITG2,ITG2E,091011,42.674,40.209999,8.811313,1902,44.57
114009,Bortigali,20,Sardegna,091,Nuoro,NU,5,Isole,B062,ITG,ITG2,ITG2E,091012,67.373,40.300784,8.814158,1218,18.08
116004,Cardedu,20,Sardegna,091,Nuoro,NU,5,Isole,M285,ITG,ITG2,ITG2E,091103,33.484,39.76281,9.645281,2002,59.79
114010,Desulo,20,Sardegna,091,Nuoro,NU,5,Isole,D287,ITG,ITG2,ITG2E,091016,74.55,40.011528,9.259684,1995,26.76
114011,Dorgali,20,Sardegna,091,Nuoro,NU,5,Isole,D345,ITG,ITG2,ITG2E,091017,226.624,40.2978,9.589178,8238,36.35
114012,Dualchi,20,Sardegna,091,Nuoro,NU,5,Isole,D376,ITG,ITG2,ITG2E,091018,23.242,40.235108,8.888503,559,24.05
116005,Elini,20,Sardegna,091,Nuoro,NU,5,Isole,D395,ITG,ITG2,ITG2E,091019,11.024,39.901855,9.620647,555,50.34
114013,Fonni,20,Sardegna,091,Nuoro,NU,5,Isole,D665,ITG,ITG2,ITG2E,091024,112.032,40.097427,9.281278,3552,31.71
114014,Gadoni,20,Sardegna,091,Nuoro,NU,5,Isole,D842,ITG,ITG2,ITG2E,091025,43.726,39.880402,9.163886,638,14.59
116006,Gairo,20,Sardegna,091,Nuoro,NU,5,Isole,D859,ITG,ITG2,ITG2E,091026,78.012,39.865927,9.472257,1272,16.31
114015,Galtellì,20,Sardegna,091,Nuoro,NU,5,Isole,D888,ITG,ITG2,ITG2E,091027,56.286,40.38625,9.589759,2377,42.23
114016,Gavoi,20,Sardegna,091,Nuoro,NU,5,Isole,D947,ITG,ITG2,ITG2E,091028,38.172,40.145369,9.190296,2404,62.98
116007,Girasole,20,Sardegna,091,Nuoro,NU,5,Isole,E049,ITG,ITG2,ITG2E,091031,13.109,39.955711,9.64736,1369,104.43
116008,Ilbono,20,Sardegna,091,Nuoro,NU,5,Isole,E283,ITG,ITG2,ITG2E,091032,30.717,39.882777,9.601232,1966,64.0
114017,Irgoli,20,Sardegna,091,Nuoro,NU,5,Isole,E323,ITG,ITG2,ITG2E,091033,75.247,40.454693,9.638036,2194,29.16
116009,Jerzu,20,Sardegna,091,Nuoro,NU,5,Isole,E387,ITG,ITG2,ITG2E,091035,102.322,39.760632,9.542345,2912,28.46
116010,Lanusei,20,Sardegna,091,Nuoro,NU,5,Isole,E441,ITG,ITG2,ITG2E,091037,53.064,39.620352,9.624832,4881,91.98
114018,Lei,20,Sardegna,091,Nuoro,NU,5,Isole,E517,ITG,ITG2,ITG2E,091038,18.984,40.304976,8.921565,433,22.81
116011,Loceri,20,Sardegna,091,Nuoro,NU,5,Isole,E644,ITG,ITG2,ITG2E,091039,19.445,39.851607,9.594242,1345,69.17
114019,Loculi,20,Sardegna,091,Nuoro,NU,5,Isole,E646,ITG,ITG2,ITG2E,091040,38.234,40.43295,9.570909,476,12.45
114021,Lodine,20,Sardegna,091,Nuoro,NU,5,Isole,E649,ITG,ITG2,ITG2E,091104,7.809,40.144987,9.229362,292,37.39
114020,Lodè,20,Sardegna,091,Nuoro,NU,5,Isole,E647,ITG,ITG2,ITG2E,091041,123.076,40.593416,9.567748,1455,11.82
116012,Lotzorai,20,Sardegna,091,Nuoro,NU,5,Isole,E700,ITG,ITG2,ITG2E,091042,16.91,39.971772,9.64924,2122,125.49
114022,Lula,20,Sardegna,091,Nuoro,NU,5,Isole,E736,ITG,ITG2,ITG2E,091043,148.464,40.469186,9.518899,1198,8.07
114023,Macomer,20,Sardegna,091,Nuoro,NU,5,Isole,E788,ITG,ITG2,ITG2E,091044,122.755,40.307918,8.744903,8948,72.89
114024,Mamoiada,20,Sardegna,091,Nuoro,NU,5,Isole,E874,ITG,ITG2,ITG2E,091046,49.157,40.209753,9.272576,2349,47.79
114025,Meana Sardo,20,Sardegna,091,Nuoro,NU,5,Isole,F073,ITG,ITG2,ITG2E,091047,73.621,39.91785,9.060919,1518,20.62
114026,Noragugume,20,Sardegna,091,Nuoro,NU,5,Isole,F933,ITG,ITG2,ITG2E,091050,26.698,40.232814,8.960545,269,10.08
114027,Nuoro,20,Sardegna,091,Nuoro,NU,5,Isole,F979,ITG,ITG2,ITG2E,091051,192.546,40.334912,9.311882,32718,169.92
114028,Oliena,20,Sardegna,091,Nuoro,NU,5,Isole,G031,ITG,ITG2,ITG2E,091055,166.128,40.291781,9.442086,6405,38.55
114029,Ollolai,20,Sardegna,091,Nuoro,NU,5,Isole,G044,ITG,ITG2,ITG2E,091056,27.079,40.165672,9.169387,1129,41.69
114030,Olzai,20,Sardegna,091,Nuoro,NU,5,Isole,G058,ITG,ITG2,ITG2E,091057,69.74,40.167229,9.084861,752,10.78
114031,Onanì,20,Sardegna,091,Nuoro,NU,5,Isole,G064,ITG,ITG2,ITG2E,091058,72.32,40.5269,9.444468,337,4.66
114032,Onifai,20,Sardegna,091,Nuoro,NU,5,Isole,G070,ITG,ITG2,ITG2E,091059,43.423,40.43956,9.693277,728,16.77
114033,Oniferi,20,Sardegna,091,Nuoro,NU,5,Isole,G071,ITG,ITG2,ITG2E,091060,35.77,40.316104,9.171116,823,23.01
114034,Orani,20,Sardegna,091,Nuoro,NU,5,Isole,G084,ITG,ITG2,ITG2E,091061,130.052,40.292082,9.218431,2576,19.81
114035,Orgosolo,20,Sardegna,091,Nuoro,NU,5,Isole,G097,ITG,ITG2,ITG2E,091062,222.699,40.17741,9.395329,3803,17.08
114036,Orosei,20,Sardegna,091,Nuoro,NU,5,Isole,G119,ITG,ITG2,ITG2E,091063,91.046,40.404173,9.728453,6838,75.1
114037,Orotelli,20,Sardegna,091,Nuoro,NU,5,Isole,G120,ITG,ITG2,ITG2E,091064,61.516,40.314256,9.095574,1824,29.65
114038,Ortueri,20,Sardegna,091,Nuoro,NU,5,Isole,G146,ITG,ITG2,ITG2E,091066,38.822,40.022641,8.989574,961,24.75
114039,Orune,20,Sardegna,091,Nuoro,NU,5,Isole,G147,ITG,ITG2,ITG2E,091067,128.349,40.420584,9.325843,2022,15.75
114040,Osidda,20,Sardegna,091,Nuoro,NU,5,Isole,G154,ITG,ITG2,ITG2E,091068,26.021,40.52123,9.236543,209,8.03
116013,Osini,20,Sardegna,091,Nuoro,NU,5,Isole,G158,ITG,ITG2,ITG2E,091069,39.579,39.83355,9.472584,681,17.21
114041,Ottana,20,Sardegna,091,Nuoro,NU,5,Isole,G191,ITG,ITG2,ITG2E,091070,45.378,40.22217,9.033379,2147,47.31
114042,Ovodda,20,Sardegna,091,Nuoro,NU,5,Isole,G201,ITG,ITG2,ITG2E,091071,40.878,40.096326,9.176387,1429,34.96
116014,Perdasdefogu,20,Sardegna,091,Nuoro,NU,5,Isole,G445,ITG,ITG2,ITG2E,091072,78.15,39.665206,9.452236,1689,21.61
114043,Posada,20,Sardegna,091,Nuoro,NU,5,Isole,G929,ITG,ITG2,ITG2E,091073,33.109,40.64492,9.716448,3079,93.0
114044,Sarule,20,Sardegna,091,Nuoro,NU,5,Isole,I448,ITG,ITG2,ITG2E,091077,52.582,40.214597,9.143051,1450,27.58
114046,Silanus,20,Sardegna,091,Nuoro,NU,5,Isole,I730,ITG,ITG2,ITG2E,091083,48.19,40.292516,8.897453,1891,39.24
114047,Sindia,20,Sardegna,091,Nuoro,NU,5,Isole,I748,ITG,ITG2,ITG2E,091084,58.864,40.290594,8.67121,1558,26.47
114048,Siniscola,20,Sardegna,091,Nuoro,NU,5,Isole,I751,ITG,ITG2,ITG2E,091085,196.965,40.543436,9.704689,11139,56.55
114049,Sorgono,20,Sardegna,091,Nuoro,NU,5,Isole,I851,ITG,ITG2,ITG2E,091086,56.032,40.012441,9.075788,1434,25.59
116015,Talana,20,Sardegna,091,Nuoro,NU,5,Isole,L036,ITG,ITG2,ITG2E,091088,118.79,40.04122,9.480429,913,7.69
116016,Tertenia,20,Sardegna,091,Nuoro,NU,5,Isole,L140,ITG,ITG2,ITG2E,091089,117.818,39.683817,9.600575,3834,32.54
114050,Teti,20,Sardegna,091,Nuoro,NU,5,Isole,L153,ITG,ITG2,ITG2E,091090,44.169,40.112833,9.101915,561,12.7
114051,Tiana,20,Sardegna,091,Nuoro,NU,5,Isole,L160,ITG,ITG2,ITG2E,091091,19.078,40.071785,9.144217,418,21.91
114052,Tonara,20,Sardegna,091,Nuoro,NU,5,Isole,L202,ITG,ITG2,ITG2E,091093,52.259,40.018447,9.171817,1806,34.56
114053,Torpè,20,Sardegna,091,Nuoro,NU,5,Isole,L231,ITG,ITG2,ITG2E,091094,92.427,40.653533,9.620663,2757,29.83
116017,Tortolì,20,Sardegna,091,Nuoro,NU,5,Isole,A355,ITG,ITG2,ITG2E,091095,40.445,39.913388,9.65796,10994,271.83
116018,Triei,20,Sardegna,091,Nuoro,NU,5,Isole,L423,ITG,ITG2,ITG2E,091097,32.873,40.016638,9.627983,1060,32.25
116019,Ulassai,20,Sardegna,091,Nuoro,NU,5,Isole,L489,ITG,ITG2,ITG2E,091098,122.454,39.712081,9.504512,1365,11.15
116020,Urzulei,20,Sardegna,091,Nuoro,NU,5,Isole,L506,ITG,ITG2,ITG2E,091099,129.73,40.132157,9.505813,1024,7.89
116021,Ussassai,20,Sardegna,091,Nuoro,NU,5,Isole,L514,ITG,ITG2,ITG2E,091100,47.466,39.820558,9.399576,432,9.1
116022,Villagrande Strisaili,20,Sardegna,091,Nuoro,NU,5,Isole,L953,ITG,ITG2,ITG2E,091101,210.399,40.009415,9.366254,2834,13.47
115001,Abbasanta,20,Sardegna,095,Oristano,OR,5,Isole,A007,ITG,ITG2,ITG2G,095001,39.847,40.141642,8.770501,2539,63.72
115002,Aidomaggiore,20,Sardegna,095,Oristano,OR,5,Isole,A097,ITG,ITG2,ITG2G,095002,41.269,40.176362,8.838918,374,9.06
115003,Albagiara,20,Sardegna,095,Oristano,OR,5,Isole,A126,ITG,ITG2,ITG2G,095003,9.177,39.808978,8.87681,219,23.86
115004,Ales,20,Sardegna,095,Oristano,OR,5,Isole,A180,ITG,ITG2,ITG2G,095004,22.222,39.778015,8.811429,1229,55.31
115005,Allai,20,Sardegna,095,Oristano,OR,5,Isole,A204,ITG,ITG2,ITG2G,095005,27.503,39.948963,8.856655,333,12.11
115006,Arborea,20,Sardegna,095,Oristano,OR,5,Isole,A357,ITG,ITG2,ITG2G,095006,94.741,39.768627,8.574469,3701,39.06
115007,Ardauli,20,Sardegna,095,Oristano,OR,5,Isole,A380,ITG,ITG2,ITG2G,095007,20.581,40.081991,8.920407,738,35.86
115008,Assolo,20,Sardegna,095,Oristano,OR,5,Isole,A477,ITG,ITG2,ITG2G,095008,16.35,39.812369,8.907183,321,19.63
115009,Asuni,20,Sardegna,095,Oristano,OR,5,Isole,A480,ITG,ITG2,ITG2G,095009,21.345,39.868533,8.950808,295,13.82
115010,Baradili,20,Sardegna,095,Oristano,OR,5,Isole,A614,ITG,ITG2,ITG2G,095010,5.642,39.727193,8.895768,80,14.18
115011,Baratili San Pietro,20,Sardegna,095,Oristano,OR,5,Isole,A621,ITG,ITG2,ITG2G,095011,6.006,39.977775,8.572121,1194,198.8
115012,Baressa,20,Sardegna,095,Oristano,OR,5,Isole,A655,ITG,ITG2,ITG2G,095012,12.547,39.711737,8.872264,528,42.08
115013,Bauladu,20,Sardegna,095,Oristano,OR,5,Isole,A721,ITG,ITG2,ITG2G,095013,23.918,40.025904,8.679948,613,25.63
115014,Bidonì,20,Sardegna,095,Oristano,OR,5,Isole,A856,ITG,ITG2,ITG2G,095014,11.784,40.128809,8.936228,112,9.5
115015,Bonarcado,20,Sardegna,095,Oristano,OR,5,Isole,A960,ITG,ITG2,ITG2G,095015,28.208,40.095215,8.670647,1521,53.92
115016,Boroneddu,20,Sardegna,095,Oristano,OR,5,Isole,B055,ITG,ITG2,ITG2G,095016,4.723,40.106315,8.867128,135,28.58
115017,Bosa,20,Sardegna,095,Oristano,OR,5,Isole,B068,ITG,ITG2,ITG2G,095079,128.492,40.335271,8.488446,7292,56.75
115018,Busachi,20,Sardegna,095,Oristano,OR,5,Isole,B281,ITG,ITG2,ITG2G,095017,58.957,40.00641,8.894138,1099,18.64
115019,Cabras,20,Sardegna,095,Oristano,OR,5,Isole,B314,ITG,ITG2,ITG2G,095018,102.059,39.928951,8.483469,8726,85.5
115020,Cuglieri,20,Sardegna,095,Oristano,OR,5,Isole,D200,ITG,ITG2,ITG2G,095019,120.305,40.135614,8.511875,2411,20.04
115021,Curcuris,20,Sardegna,095,Oristano,OR,5,Isole,D214,ITG,ITG2,ITG2G,095077,7.214,39.749287,8.828453,289,40.06
115022,Flussio,20,Sardegna,095,Oristano,OR,5,Isole,D640,ITG,ITG2,ITG2G,095080,6.721,40.252419,8.557025,386,57.43
115023,Fordongianus,20,Sardegna,095,Oristano,OR,5,Isole,D695,ITG,ITG2,ITG2G,095020,39.131,39.988526,8.814245,797,20.37
115024,Ghilarza,20,Sardegna,095,Oristano,OR,5,Isole,E004,ITG,ITG2,ITG2G,095021,54.823,40.091627,8.833135,4038,73.66
115025,Gonnoscodina,20,Sardegna,095,Oristano,OR,5,Isole,E087,ITG,ITG2,ITG2G,095022,8.842,39.699607,8.834343,421,47.61
115026,Gonnosnò,20,Sardegna,095,Oristano,OR,5,Isole,D585,ITG,ITG2,ITG2G,095023,15.416,39.76123,8.867695,673,43.66
115027,Gonnostramatza,20,Sardegna,095,Oristano,OR,5,Isole,E088,ITG,ITG2,ITG2G,095024,17.809,39.675646,8.832905,777,43.63
115028,Laconi,20,Sardegna,095,Oristano,OR,5,Isole,E400,ITG,ITG2,ITG2G,095082,124.746,39.859098,9.063072,1589,12.74
115029,Magomadas,20,Sardegna,095,Oristano,OR,5,Isole,E825,ITG,ITG2,ITG2G,095083,9.04,40.256208,8.492188,594,65.71
115030,Marrubiu,20,Sardegna,095,Oristano,OR,5,Isole,E972,ITG,ITG2,ITG2G,095025,61.432,39.776632,8.674108,4499,73.24
115031,Masullas,20,Sardegna,095,Oristano,OR,5,Isole,F050,ITG,ITG2,ITG2G,095026,18.724,39.709391,8.752319,979,52.29
115032,Milis,20,Sardegna,095,Oristano,OR,5,Isole,F208,ITG,ITG2,ITG2G,095027,18.809,40.045223,8.636138,1394,74.11
115033,Modolo,20,Sardegna,095,Oristano,OR,5,Isole,F261,ITG,ITG2,ITG2G,095084,2.618,40.285116,8.531011,170,64.94
115034,Mogorella,20,Sardegna,095,Oristano,OR,5,Isole,F270,ITG,ITG2,ITG2G,095028,17.264,39.871194,8.858492,388,22.47
115035,Mogoro,20,Sardegna,095,Oristano,OR,5,Isole,F272,ITG,ITG2,ITG2G,095029,48.816,39.66155,8.738619,3784,77.52
115036,Montresta,20,Sardegna,095,Oristano,OR,5,Isole,F698,ITG,ITG2,ITG2G,095085,31.491,40.384708,8.512451,434,13.78
115037,Morgongiori,20,Sardegna,095,Oristano,OR,5,Isole,F727,ITG,ITG2,ITG2G,095030,45.154,39.76584,8.73724,597,13.22
115038,Narbolia,20,Sardegna,095,Oristano,OR,5,Isole,F840,ITG,ITG2,ITG2G,095031,40.489,40.050427,8.538156,1620,40.01
115039,Neoneli,20,Sardegna,095,Oristano,OR,5,Isole,F867,ITG,ITG2,ITG2G,095032,47.807,40.063344,8.971997,589,12.32
115040,Norbello,20,Sardegna,095,Oristano,OR,5,Isole,F934,ITG,ITG2,ITG2G,095033,26.3,40.162774,8.792496,1125,42.78
115041,Nughedu Santa Vittoria,20,Sardegna,095,Oristano,OR,5,Isole,F974,ITG,ITG2,ITG2G,095034,28.541,40.113492,8.984269,422,14.79
115042,Nurachi,20,Sardegna,095,Oristano,OR,5,Isole,F980,ITG,ITG2,ITG2G,095035,16.054,39.966062,8.543045,1660,103.4
115043,Nureci,20,Sardegna,095,Oristano,OR,5,Isole,F985,ITG,ITG2,ITG2G,095036,13.138,39.812298,8.966994,282,21.46
115044,Ollastra,20,Sardegna,095,Oristano,OR,5,Isole,G043,ITG,ITG2,ITG2G,095037,21.64,39.962391,8.758011,1067,49.31
115045,Oristano,20,Sardegna,095,Oristano,OR,5,Isole,G113,ITG,ITG2,ITG2G,095038,84.636,39.913537,8.606504,29888,353.14
115046,Palmas Arborea,20,Sardegna,095,Oristano,OR,5,Isole,G286,ITG,ITG2,ITG2G,095039,39.482,39.847651,8.698901,1494,37.84
115047,Pau,20,Sardegna,095,Oristano,OR,5,Isole,G379,ITG,ITG2,ITG2G,095040,13.893,39.799485,8.780891,271,19.51
115048,Paulilatino,20,Sardegna,095,Oristano,OR,5,Isole,G384,ITG,ITG2,ITG2G,095041,104.408,40.070139,8.746534,2038,19.52
115049,Pompu,20,Sardegna,095,Oristano,OR,5,Isole,G817,ITG,ITG2,ITG2G,095042,5.387,39.731084,8.795681,217,40.28
115050,Riola Sardo,20,Sardegna,095,Oristano,OR,5,Isole,H301,ITG,ITG2,ITG2G,095043,47.974,39.991433,8.503202,1955,40.75
115051,Ruinas,20,Sardegna,095,Oristano,OR,5,Isole,F271,ITG,ITG2,ITG2G,095044,30.61,39.908839,8.882646,569,18.59
115052,Sagama,20,Sardegna,095,Oristano,OR,5,Isole,H661,ITG,ITG2,ITG2G,095086,11.859,40.259868,8.592589,186,15.68
115053,Samugheo,20,Sardegna,095,Oristano,OR,5,Isole,H756,ITG,ITG2,ITG2G,095045,81.595,39.943159,8.93804,2636,32.31
115054,San Nicolò d'Arcidano,20,Sardegna,095,Oristano,OR,5,Isole,A368,ITG,ITG2,ITG2G,095046,28.245,39.664737,8.655846,2396,84.83
115055,San Vero Milis,20,Sardegna,095,Oristano,OR,5,Isole,I384,ITG,ITG2,ITG2G,095050,72.431,40.024606,8.458713,2414,33.33
115056,Santa Giusta,20,Sardegna,095,Oristano,OR,5,Isole,I205,ITG,ITG2,ITG2G,095047,69.507,39.84476,8.611059,4558,65.58
115057,Santu Lussurgiu,20,Sardegna,095,Oristano,OR,5,Isole,I374,ITG,ITG2,ITG2G,095049,99.985,40.159294,8.666964,2150,21.5
115058,Scano di Montiferro,20,Sardegna,095,Oristano,OR,5,Isole,I503,ITG,ITG2,ITG2G,095051,60.511,40.21924,8.618416,1360,22.48
115059,Sedilo,20,Sardegna,095,Oristano,OR,5,Isole,I564,ITG,ITG2,ITG2G,095052,68.573,40.17624,8.938398,1919,27.98
115060,Seneghe,20,Sardegna,095,Oristano,OR,5,Isole,I605,ITG,ITG2,ITG2G,095053,57.854,40.082166,8.586165,1577,27.26
115061,Senis,20,Sardegna,095,Oristano,OR,5,Isole,I609,ITG,ITG2,ITG2G,095054,16.251,39.829766,8.933933,369,22.71
115062,Sennariolo,20,Sardegna,095,Oristano,OR,5,Isole,I613,ITG,ITG2,ITG2G,095055,15.85,40.215186,8.536339,153,9.65
115063,Siamaggiore,20,Sardegna,095,Oristano,OR,5,Isole,I717,ITG,ITG2,ITG2G,095056,13.142,39.954265,8.63169,848,64.53
115064,Siamanna,20,Sardegna,095,Oristano,OR,5,Isole,I718,ITG,ITG2,ITG2G,095057,28.367,39.909914,8.779009,735,25.91
115065,Siapiccia,20,Sardegna,095,Oristano,OR,5,Isole,I721,ITG,ITG2,ITG2G,095076,17.845,39.937521,8.783541,334,18.72
115066,Simala,20,Sardegna,095,Oristano,OR,5,Isole,I742,ITG,ITG2,ITG2G,095058,13.357,39.725812,8.830509,281,21.04
115067,Simaxis,20,Sardegna,095,Oristano,OR,5,Isole,I743,ITG,ITG2,ITG2G,095059,27.757,39.922037,8.700062,2120,76.38
115068,Sini,20,Sardegna,095,Oristano,OR,5,Isole,I749,ITG,ITG2,ITG2G,095060,8.859,39.752705,8.902354,520,58.7
115069,Siris,20,Sardegna,095,Oristano,OR,5,Isole,I757,ITG,ITG2,ITG2G,095061,6.074,39.720406,8.767883,227,37.37
115070,Soddì,20,Sardegna,095,Oristano,OR,5,Isole,I778,ITG,ITG2,ITG2G,095078,5.497,40.135913,8.87696,115,20.92
115071,Solarussa,20,Sardegna,095,Oristano,OR,5,Isole,I791,ITG,ITG2,ITG2G,095062,31.79,39.9748,8.67773,2191,68.92
115072,Sorradile,20,Sardegna,095,Oristano,OR,5,Isole,I861,ITG,ITG2,ITG2G,095063,26.504,40.151404,8.993571,333,12.56
115073,Suni,20,Sardegna,095,Oristano,OR,5,Isole,L006,ITG,ITG2,ITG2G,095087,47.338,40.315892,8.578568,968,20.45
115074,Tadasuni,20,Sardegna,095,Oristano,OR,5,Isole,L023,ITG,ITG2,ITG2G,095064,5.154,40.098948,8.879739,125,24.25
115075,Terralba,20,Sardegna,095,Oristano,OR,5,Isole,L122,ITG,ITG2,ITG2G,095065,49.772,39.727581,8.625112,9550,191.87
115076,Tinnura,20,Sardegna,095,Oristano,OR,5,Isole,L172,ITG,ITG2,ITG2G,095088,3.83,40.269178,8.557761,242,63.19
115077,Tramatza,20,Sardegna,095,Oristano,OR,5,Isole,L321,ITG,ITG2,ITG2G,095066,16.961,40.000907,8.647051,887,52.3
115078,Tresnuraghes,20,Sardegna,095,Oristano,OR,5,Isole,L393,ITG,ITG2,ITG2G,095067,31.423,40.219421,8.488674,1037,33.0
115079,Ulà Tirso,20,Sardegna,095,Oristano,OR,5,Isole,L488,ITG,ITG2,ITG2G,095068,19.198,40.039929,8.922117,447,23.28
115080,Uras,20,Sardegna,095,Oristano,OR,5,Isole,L496,ITG,ITG2,ITG2G,095069,39.297,39.704645,8.694252,2598,66.11
115081,Usellus,20,Sardegna,095,Oristano,OR,5,Isole,L508,ITG,ITG2,ITG2G,095070,35.145,39.816984,8.849432,664,18.89
115082,Villa Sant'Antonio,20,Sardegna,095,Oristano,OR,5,Isole,I298,ITG,ITG2,ITG2G,095048,18.708,39.857483,8.898471,313,16.73
115083,Villa Verde,20,Sardegna,095,Oristano,OR,5,Isole,A609,ITG,ITG2,ITG2G,095073,17.693,39.810416,8.812464,258,14.58
115084,Villanova Truschedu,20,Sardegna,095,Oristano,OR,5,Isole,L991,ITG,ITG2,ITG2G,095071,16.631,39.990633,8.763828,283,17.02
115085,Villaurbana,20,Sardegna,095,Oristano,OR,5,Isole,M030,ITG,ITG2,ITG2G,095072,58.779,39.873744,8.783612,1439,24.48
115086,Zeddiani,20,Sardegna,095,Oristano,OR,5,Isole,M153,ITG,ITG2,ITG2G,095074,12.062,39.984233,8.601222,1107,91.78
115087,Zerfaliu,20,Sardegna,095,Oristano,OR,5,Isole,M168,ITG,ITG2,ITG2G,095075,15.764,39.98347,8.72589,979,62.1
113001,Aggius,20,Sardegna,090,Sassari,SS,5,Isole,A069,ITG,ITG2,ITG2D,090001,86.514,40.987112,9.022373,1378,15.93
113002,Aglientu,20,Sardegna,090,Sassari,SS,5,Isole,H848,ITG,ITG2,ITG2D,090062,148.476,41.086605,9.095377,1195,8.05
112001,Alghero,20,Sardegna,090,Sassari,SS,5,Isole,A192,ITG,ITG2,ITG2D,090003,225.589,40.585234,8.357076,41765,185.14
113003,Alà dei Sardi,20,Sardegna,090,Sassari,SS,5,Isole,A115,ITG,ITG2,ITG2D,090002,197.664,40.668946,9.353922,1745,8.83
112002,Anela,20,Sardegna,090,Sassari,SS,5,Isole,A287,ITG,ITG2,ITG2D,090004,36.81,40.454506,9.018459,553,15.02
112003,Ardara,20,Sardegna,090,Sassari,SS,5,Isole,A379,ITG,ITG2,ITG2D,090005,38.203,40.631158,8.816093,680,17.8
113004,Arzachena,20,Sardegna,090,Sassari,SS,5,Isole,A453,ITG,ITG2,ITG2D,090006,231.498,41.086223,9.412962,13456,58.13
113005,Badesi,20,Sardegna,090,Sassari,SS,5,Isole,M214,ITG,ITG2,ITG2D,090081,31.496,40.959257,8.886853,1812,57.53
112004,Banari,20,Sardegna,090,Sassari,SS,5,Isole,A606,ITG,ITG2,ITG2D,090007,21.379,40.581881,8.667467,508,23.76
112005,Benetutti,20,Sardegna,090,Sassari,SS,5,Isole,A781,ITG,ITG2,ITG2D,090008,94.141,40.440042,9.157176,1623,17.24
113006,Berchidda,20,Sardegna,090,Sassari,SS,5,Isole,A789,ITG,ITG2,ITG2D,090009,202.422,40.770987,9.195689,2604,12.86
112006,Bessude,20,Sardegna,090,Sassari,SS,5,Isole,A827,ITG,ITG2,ITG2D,090010,26.565,40.553201,8.684194,369,13.89
112007,Bonnanaro,20,Sardegna,090,Sassari,SS,5,Isole,A976,ITG,ITG2,ITG2D,090011,22.007,40.548852,8.773268,894,40.62
112008,Bono,20,Sardegna,090,Sassari,SS,5,Isole,A977,ITG,ITG2,ITG2D,090012,74.63,40.420699,9.029465,3232,43.31
112009,Bonorva,20,Sardegna,090,Sassari,SS,5,Isole,A978,ITG,ITG2,ITG2D,090013,149.344,40.421153,8.823439,3030,20.29
113007,Bortigiadas,20,Sardegna,090,Sassari,SS,5,Isole,B063,ITG,ITG2,ITG2D,090014,75.728,40.875852,8.9793,692,9.14
112010,Borutta,20,Sardegna,090,Sassari,SS,5,Isole,B064,ITG,ITG2,ITG2D,090015,4.729,40.524237,8.746258,244,51.6
112011,Bottidda,20,Sardegna,090,Sassari,SS,5,Isole,B094,ITG,ITG2,ITG2D,090016,34.008,40.404894,9.005052,627,18.44
113008,Buddusò,20,Sardegna,090,Sassari,SS,5,Isole,B246,ITG,ITG2,ITG2D,090017,176.834,40.607233,9.266944,3487,19.72
113009,Budoni,20,Sardegna,090,Sassari,SS,5,Isole,B248,ITG,ITG2,ITG2D,090091,56.23,40.704483,9.656066,5685,101.1
112012,Bultei,20,Sardegna,090,Sassari,SS,5,Isole,B264,ITG,ITG2,ITG2D,090018,96.976,40.474896,9.079635,776,8.0
112013,Bulzi,20,Sardegna,090,Sassari,SS,5,Isole,B265,ITG,ITG2,ITG2D,090019,21.551,40.852137,8.850146,507,23.53
112014,Burgos,20,Sardegna,090,Sassari,SS,5,Isole,B276,ITG,ITG2,ITG2D,090020,18.059,40.400772,8.984637,817,45.24
113010,Calangianus,20,Sardegna,090,Sassari,SS,5,Isole,B378,ITG,ITG2,ITG2D,090021,127.089,40.919213,9.238959,3692,29.05
112015,Cargeghe,20,Sardegna,090,Sassari,SS,5,Isole,B772,ITG,ITG2,ITG2D,090022,11.844,40.677371,8.634861,590,49.81
112016,Castelsardo,20,Sardegna,090,Sassari,SS,5,Isole,C272,ITG,ITG2,ITG2D,090023,43.821,40.892644,8.711251,5624,128.34
112017,Cheremule,20,Sardegna,090,Sassari,SS,5,Isole,C600,ITG,ITG2,ITG2D,090024,24.696,40.491893,8.717169,378,15.31
112018,Chiaramonti,20,Sardegna,090,Sassari,SS,5,Isole,C613,ITG,ITG2,ITG2D,090025,98.765,40.728586,8.846239,1494,15.13
112019,Codrongianos,20,Sardegna,090,Sassari,SS,5,Isole,C818,ITG,ITG2,ITG2D,090026,30.641,40.659303,8.688412,1252,40.86
112020,Cossoine,20,Sardegna,090,Sassari,SS,5,Isole,D100,ITG,ITG2,ITG2D,090027,39.038,40.443269,8.696845,739,18.93
112021,Erula,20,Sardegna,090,Sassari,SS,5,Isole,M292,ITG,ITG2,ITG2D,090088,39.402,40.780841,8.934452,702,17.82
112022,Esporlatu,20,Sardegna,090,Sassari,SS,5,Isole,D441,ITG,ITG2,ITG2D,090028,18.512,40.384288,8.969751,360,19.45
112023,Florinas,20,Sardegna,090,Sassari,SS,5,Isole,D637,ITG,ITG2,ITG2D,090029,36.399,40.629899,8.66615,1459,40.08
112024,Giave,20,Sardegna,090,Sassari,SS,5,Isole,E019,ITG,ITG2,ITG2D,090030,47.03,40.464144,8.742115,471,10.01
113011,Golfo Aranci,20,Sardegna,090,Sassari,SS,5,Isole,M274,ITG,ITG2,ITG2D,090083,37.275,40.987713,9.556032,2373,63.66
112025,Illorai,20,Sardegna,090,Sassari,SS,5,Isole,E285,ITG,ITG2,ITG2D,090031,57.343,40.361935,8.987081,698,12.17
112026,Ittireddu,20,Sardegna,090,Sassari,SS,5,Isole,E376,ITG,ITG2,ITG2D,090032,23.759,40.529206,8.901492,457,19.23
112027,Ittiri,20,Sardegna,090,Sassari,SS,5,Isole,E377,ITG,ITG2,ITG2D,090033,112.062,40.58724,8.555844,7730,68.98
113012,La Maddalena,20,Sardegna,090,Sassari,SS,5,Isole,E425,ITG,ITG2,ITG2D,090035,53.022,41.238859,9.415051,10449,197.07
112028,Laerru,20,Sardegna,090,Sassari,SS,5,Isole,E401,ITG,ITG2,ITG2D,090034,20.184,40.810877,8.841014,806,39.93
113013,Loiri Porto San Paolo,20,Sardegna,090,Sassari,SS,5,Isole,M275,ITG,ITG2,ITG2D,090084,118.526,40.835248,9.541317,3929,33.15
113014,Luogosanto,20,Sardegna,090,Sassari,SS,5,Isole,E747,ITG,ITG2,ITG2D,090036,134.919,41.065099,9.22397,1838,13.62
113015,Luras,20,Sardegna,090,Sassari,SS,5,Isole,E752,ITG,ITG2,ITG2D,090037,88.27,40.972656,9.173096,2369,26.84
112029,Mara,20,Sardegna,090,Sassari,SS,5,Isole,E902,ITG,ITG2,ITG2D,090038,18.66,40.434605,8.632038,518,27.76
112030,Martis,20,Sardegna,090,Sassari,SS,5,Isole,E992,ITG,ITG2,ITG2D,090039,22.892,40.783919,8.82935,455,19.88
112031,Monteleone Rocca Doria,20,Sardegna,090,Sassari,SS,5,Isole,F542,ITG,ITG2,ITG2D,090040,13.552,40.474409,8.549625,105,7.75
113016,Monti,20,Sardegna,090,Sassari,SS,5,Isole,F667,ITG,ITG2,ITG2D,090041,123.814,40.798568,9.352937,2406,19.43
112032,Mores,20,Sardegna,090,Sassari,SS,5,Isole,F721,ITG,ITG2,ITG2D,090042,94.773,40.546176,8.838675,1663,17.55
112033,Muros,20,Sardegna,090,Sassari,SS,5,Isole,F818,ITG,ITG2,ITG2D,090043,11.465,40.695489,8.619331,822,71.7
112034,Nughedu San Nicolò,20,Sardegna,090,Sassari,SS,5,Isole,F975,ITG,ITG2,ITG2D,090044,67.566,40.528258,8.982227,710,10.51
112035,Nule,20,Sardegna,090,Sassari,SS,5,Isole,F976,ITG,ITG2,ITG2D,090045,51.719,40.479798,9.229457,1259,24.34
112036,Nulvi,20,Sardegna,090,Sassari,SS,5,Isole,F977,ITG,ITG2,ITG2D,090046,67.519,40.790902,8.754395,2572,38.09
113017,Olbia,20,Sardegna,090,Sassari,SS,5,Isole,G015,ITG,ITG2,ITG2D,090047,385.774,40.955226,9.476102,61739,160.04
112037,Olmedo,20,Sardegna,090,Sassari,SS,5,Isole,G046,ITG,ITG2,ITG2D,090048,33.743,40.652918,8.383112,4240,125.66
113018,Oschiri,20,Sardegna,090,Sassari,SS,5,Isole,G153,ITG,ITG2,ITG2D,090049,215.676,40.739883,9.112206,2885,13.38
112038,Osilo,20,Sardegna,090,Sassari,SS,5,Isole,G156,ITG,ITG2,ITG2D,090050,97.817,40.767386,8.669018,2732,27.93
112039,Ossi,20,Sardegna,090,Sassari,SS,5,Isole,G178,ITG,ITG2,ITG2D,090051,30.16,40.653242,8.608569,5344,177.19
112040,Ozieri,20,Sardegna,090,Sassari,SS,5,Isole,G203,ITG,ITG2,ITG2D,090052,252.967,40.644915,8.945381,9559,37.79
112041,Padria,20,Sardegna,090,Sassari,SS,5,Isole,G225,ITG,ITG2,ITG2D,090053,48.52,40.407058,8.578765,574,11.83
113019,Padru,20,Sardegna,090,Sassari,SS,5,Isole,M301,ITG,ITG2,ITG2D,090090,158.175,40.724831,9.501461,2130,13.47
113020,Palau,20,Sardegna,090,Sassari,SS,5,Isole,G258,ITG,ITG2,ITG2D,090054,44.756,41.167838,9.368253,4058,90.67
112042,Pattada,20,Sardegna,090,Sassari,SS,5,Isole,G376,ITG,ITG2,ITG2D,090055,164.655,40.592251,9.12317,2763,16.78
112043,Perfugas,20,Sardegna,090,Sassari,SS,5,Isole,G450,ITG,ITG2,ITG2D,090056,60.972,40.834081,8.930546,2212,36.28
112044,Ploaghe,20,Sardegna,090,Sassari,SS,5,Isole,G740,ITG,ITG2,ITG2D,090057,95.838,40.67571,8.763672,4201,43.83
112045,Porto Torres,20,Sardegna,090,Sassari,SS,5,Isole,G924,ITG,ITG2,ITG2D,090058,104.59,40.817341,8.378487,20624,197.19
112046,Pozzomaggiore,20,Sardegna,090,Sassari,SS,5,Isole,G962,ITG,ITG2,ITG2D,090059,78.91,40.367308,8.627312,2286,28.97
112047,Putifigari,20,Sardegna,090,Sassari,SS,5,Isole,H095,ITG,ITG2,ITG2D,090060,52.933,40.573911,8.45272,658,12.43
112048,Romana,20,Sardegna,090,Sassari,SS,5,Isole,H507,ITG,ITG2,ITG2D,090061,21.409,40.485711,8.582958,457,21.35
113021,San Teodoro,20,Sardegna,090,Sassari,SS,5,Isole,I329,ITG,ITG2,ITG2D,090092,105.048,40.780584,9.628829,5224,49.73
113023,Sant'Antonio di Gallura,20,Sardegna,090,Sassari,SS,5,Isole,M276,ITG,ITG2,ITG2D,090085,81.367,40.971747,9.322076,1432,17.6
112049,Santa Maria Coghinas,20,Sardegna,090,Sassari,SS,5,Isole,M284,ITG,ITG2,ITG2D,090087,23.431,40.894767,8.865864,1346,57.45
113022,Santa Teresa Gallura,20,Sardegna,090,Sassari,SS,5,Isole,I312,ITG,ITG2,ITG2D,090063,103.368,41.20471,9.216543,5144,49.76
112050,Sassari,20,Sardegna,090,Sassari,SS,5,Isole,I452,ITG,ITG2,ITG2D,090064,547.721,40.759599,8.372812,120231,219.51
112051,Sedini,20,Sardegna,090,Sassari,SS,5,Isole,I565,ITG,ITG2,ITG2D,090065,40.559,40.864956,8.785309,1183,29.17
112052,Semestene,20,Sardegna,090,Sassari,SS,5,Isole,I598,ITG,ITG2,ITG2D,090066,39.519,40.371873,8.715305,127,3.21
112053,Sennori,20,Sardegna,090,Sassari,SS,5,Isole,I614,ITG,ITG2,ITG2D,090067,31.127,40.80253,8.625489,6657,213.87
112054,Siligo,20,Sardegna,090,Sassari,SS,5,Isole,I732,ITG,ITG2,ITG2D,090068,43.22,40.592143,8.745168,734,16.98
112055,Sorso,20,Sardegna,090,Sassari,SS,5,Isole,I863,ITG,ITG2,ITG2D,090069,67.057,40.824484,8.579113,14394,214.65
112056,Stintino,20,Sardegna,090,Sassari,SS,5,Isole,M290,ITG,ITG2,ITG2D,090089,59.134,40.895233,8.232434,1567,26.5
113024,Telti,20,Sardegna,090,Sassari,SS,5,Isole,L088,ITG,ITG2,ITG2D,090080,83.423,40.903418,9.349632,2281,27.34
113025,Tempio Pausania,20,Sardegna,090,Sassari,SS,5,Isole,L093,ITG,ITG2,ITG2D,090070,210.723,41.136579,9.255817,12878,61.11
112057,Tergu,20,Sardegna,090,Sassari,SS,5,Isole,M282,ITG,ITG2,ITG2D,090086,36.754,40.851458,8.70095,612,16.65
112058,Thiesi,20,Sardegna,090,Sassari,SS,5,Isole,L158,ITG,ITG2,ITG2D,090071,63.163,40.510723,8.647002,2635,41.72
112059,Tissi,20,Sardegna,090,Sassari,SS,5,Isole,L180,ITG,ITG2,ITG2D,090072,10.228,40.664092,8.572231,2352,229.96
112060,Torralba,20,Sardegna,090,Sassari,SS,5,Isole,L235,ITG,ITG2,ITG2D,090073,36.367,40.496828,8.796141,854,23.48
113026,Trinità d'Agultu e Vignola,20,Sardegna,090,Sassari,SS,5,Isole,L428,ITG,ITG2,ITG2D,090074,134.2,41.031382,8.969561,2579,19.22
112061,Tula,20,Sardegna,090,Sassari,SS,5,Isole,L464,ITG,ITG2,ITG2D,090075,66.331,40.748363,8.989467,1425,21.48
112062,Uri,20,Sardegna,090,Sassari,SS,5,Isole,L503,ITG,ITG2,ITG2D,090076,56.807,40.63714,8.467117,2822,49.68
112063,Usini,20,Sardegna,090,Sassari,SS,5,Isole,L509,ITG,ITG2,ITG2D,090077,30.629,40.658846,8.539796,4120,134.51
112064,Valledoria,20,Sardegna,090,Sassari,SS,5,Isole,L604,ITG,ITG2,ITG2D,090079,25.394,40.91913,8.816375,4321,170.16
112065,Viddalba,20,Sardegna,090,Sassari,SS,5,Isole,M259,ITG,ITG2,ITG2D,090082,50.406,40.926151,8.927736,1570,31.15
112066,Villanova Monteleone,20,Sardegna,090,Sassari,SS,5,Isole,L989,ITG,ITG2,ITG2D,090078,202.752,40.474789,8.453978,2039,10.06
117001,Arbus,20,Sardegna,111,Sud Sardegna,SU,5,Isole,A359,ITG,ITG2,ITG2H,111001,269.476,39.60949,8.500078,5532,20.53
118001,Armungia,20,Sardegna,111,Sud Sardegna,SU,5,Isole,A419,ITG,ITG2,ITG2H,111002,55.285,39.541554,9.427994,395,7.14
118003,Ballao,20,Sardegna,111,Sud Sardegna,SU,5,Isole,A597,ITG,ITG2,ITG2H,111003,46.144,39.576663,9.375043,706,15.3
118004,Barrali,20,Sardegna,111,Sud Sardegna,SU,5,Isole,A677,ITG,ITG2,ITG2H,111004,11.227,39.479406,9.105344,1087,96.82
117002,Barumini,20,Sardegna,111,Sud Sardegna,SU,5,Isole,A681,ITG,ITG2,ITG2H,111005,26.194,39.693073,9.014864,1084,41.38
119001,Buggerru,20,Sardegna,111,Sud Sardegna,SU,5,Isole,B250,ITG,ITG2,ITG2H,111006,48.359,39.408182,8.439169,1007,20.82
118005,Burcei,20,Sardegna,111,Sud Sardegna,SU,5,Isole,B274,ITG,ITG2,ITG2H,111007,94.918,39.363345,9.398272,2571,27.09
119002,Calasetta,20,Sardegna,111,Sud Sardegna,SU,5,Isole,B383,ITG,ITG2,ITG2H,111008,31.237,39.067847,8.377866,2776,88.87
119003,Carbonia,20,Sardegna,111,Sud Sardegna,SU,5,Isole,B745,ITG,ITG2,ITG2H,111009,146.117,39.208009,8.516585,25353,173.51
119004,Carloforte,20,Sardegna,111,Sud Sardegna,SU,5,Isole,B789,ITG,ITG2,ITG2H,111010,51.08,39.141799,8.273302,5851,114.55
118008,Castiadas,20,Sardegna,111,Sud Sardegna,SU,5,Isole,M288,ITG,ITG2,ITG2H,111011,104.108,39.235745,9.519711,1740,16.71
117003,Collinas,20,Sardegna,111,Sud Sardegna,SU,5,Isole,C882,ITG,ITG2,ITG2H,111012,20.684,39.643971,8.824597,741,35.82
118010,Decimoputzu,20,Sardegna,111,Sud Sardegna,SU,5,Isole,D260,ITG,ITG2,ITG2H,111013,44.699,39.346165,8.89382,4165,93.18
118011,Dolianova,20,Sardegna,111,Sud Sardegna,SU,5,Isole,D323,ITG,ITG2,ITG2H,111014,84.48,39.405728,9.23238,9357,110.76
118012,Domus de Maria,20,Sardegna,111,Sud Sardegna,SU,5,Isole,D333,ITG,ITG2,ITG2H,111015,97.809,38.963462,8.863633,1630,16.67
119005,Domusnovas,20,Sardegna,111,Sud Sardegna,SU,5,Isole,D334,ITG,ITG2,ITG2H,111016,79.991,39.365198,8.614924,5694,71.18
118013,Donori,20,Sardegna,111,Sud Sardegna,SU,5,Isole,D344,ITG,ITG2,ITG2H,111017,35.429,39.442397,9.136011,1912,53.97
118015,Escalaplano,20,Sardegna,111,Sud Sardegna,SU,5,Isole,D430,ITG,ITG2,ITG2H,111018,93.832,39.635035,9.357881,2017,21.5
118016,Escolca,20,Sardegna,111,Sud Sardegna,SU,5,Isole,D431,ITG,ITG2,ITG2H,111019,14.79,39.690015,9.130495,531,35.9
118017,Esterzili,20,Sardegna,111,Sud Sardegna,SU,5,Isole,D443,ITG,ITG2,ITG2H,111020,101.135,39.741116,9.325976,536,5.3
119006,Fluminimaggiore,20,Sardegna,111,Sud Sardegna,SU,5,Isole,D639,ITG,ITG2,ITG2H,111021,108.418,39.42877,8.522763,2575,23.75
117004,Furtei,20,Sardegna,111,Sud Sardegna,SU,5,Isole,D827,ITG,ITG2,ITG2H,111022,25.829,39.560661,8.947273,1474,57.07
118018,Genoni,20,Sardegna,111,Sud Sardegna,SU,5,Isole,D968,ITG,ITG2,ITG2H,111023,43.505,39.791356,8.996469,716,16.46
117005,Genuri,20,Sardegna,111,Sud Sardegna,SU,5,Isole,D970,ITG,ITG2,ITG2H,111024,7.72,39.741381,8.925111,295,38.21
118019,Gergei,20,Sardegna,111,Sud Sardegna,SU,5,Isole,D982,ITG,ITG2,ITG2H,111025,36.248,39.702682,9.086112,1095,30.21
118020,Gesico,20,Sardegna,111,Sud Sardegna,SU,5,Isole,D994,ITG,ITG2,ITG2H,111026,25.714,39.620657,9.089315,698,27.14
117006,Gesturi,20,Sardegna,111,Sud Sardegna,SU,5,Isole,D997,ITG,ITG2,ITG2H,111027,46.967,39.736275,9.024347,1113,23.7
119007,Giba,20,Sardegna,111,Sud Sardegna,SU,5,Isole,E022,ITG,ITG2,ITG2H,111028,30.278,39.055782,8.576181,1861,61.46
118021,Goni,20,Sardegna,111,Sud Sardegna,SU,5,Isole,E084,ITG,ITG2,ITG2H,111029,18.725,39.57278,9.284522,434,23.18
119008,Gonnesa,20,Sardegna,111,Sud Sardegna,SU,5,Isole,E086,ITG,ITG2,ITG2H,111030,48.361,39.259366,8.449671,4456,92.14
117007,Gonnosfanadiga,20,Sardegna,111,Sud Sardegna,SU,5,Isole,E085,ITG,ITG2,ITG2H,111031,125.108,39.494475,8.64677,5959,47.63
118022,Guamaggiore,20,Sardegna,111,Sud Sardegna,SU,5,Isole,E234,ITG,ITG2,ITG2H,111032,16.793,39.586853,9.065741,872,51.93
118023,Guasila,20,Sardegna,111,Sud Sardegna,SU,5,Isole,E252,ITG,ITG2,ITG2H,111033,43.359,39.571038,9.031123,2411,55.61
117008,Guspini,20,Sardegna,111,Sud Sardegna,SU,5,Isole,E270,ITG,ITG2,ITG2H,111034,175.433,39.600611,8.624096,10563,60.21
119009,Iglesias,20,Sardegna,111,Sud Sardegna,SU,5,Isole,E281,ITG,ITG2,ITG2H,111035,208.393,39.295888,8.54633,24409,117.13
118024,Isili,20,Sardegna,111,Sud Sardegna,SU,5,Isole,E336,ITG,ITG2,ITG2H,111036,67.77,39.779755,9.132999,2429,35.84
117009,Las Plassas,20,Sardegna,111,Sud Sardegna,SU,5,Isole,E464,ITG,ITG2,ITG2H,111037,11.087,39.674237,8.981904,208,18.76
117010,Lunamatrona,20,Sardegna,111,Sud Sardegna,SU,5,Isole,E742,ITG,ITG2,ITG2H,111038,20.792,39.636349,8.907985,1582,76.09
118025,Mandas,20,Sardegna,111,Sud Sardegna,SU,5,Isole,E877,ITG,ITG2,ITG2H,111039,44.896,39.647177,9.120034,1938,43.17
119010,Masainas,20,Sardegna,111,Sud Sardegna,SU,5,Isole,M270,ITG,ITG2,ITG2H,111040,23.904,39.03393,8.626756,1203,50.33
118027,Monastir,20,Sardegna,111,Sud Sardegna,SU,5,Isole,F333,ITG,ITG2,ITG2H,111041,31.941,39.379467,9.039342,4884,152.91
118029,Muravera,20,Sardegna,111,Sud Sardegna,SU,5,Isole,F808,ITG,ITG2,ITG2H,111042,93.887,39.333565,9.56531,4973,52.97
119011,Musei,20,Sardegna,111,Sud Sardegna,SU,5,Isole,F822,ITG,ITG2,ITG2H,111043,20.537,39.300321,8.685302,1512,73.62
119012,Narcao,20,Sardegna,111,Sud Sardegna,SU,5,Isole,F841,ITG,ITG2,ITG2H,111044,85.394,39.180106,8.687286,2967,34.74
118030,Nuragus,20,Sardegna,111,Sud Sardegna,SU,5,Isole,F981,ITG,ITG2,ITG2H,111045,19.491,39.777635,9.040979,795,40.79
118031,Nurallao,20,Sardegna,111,Sud Sardegna,SU,5,Isole,F982,ITG,ITG2,ITG2H,111046,34.91,39.807284,9.092448,1089,31.19
118032,Nuraminis,20,Sardegna,111,Sud Sardegna,SU,5,Isole,F983,ITG,ITG2,ITG2H,111047,45.143,39.442527,9.018363,2337,51.77
118033,Nurri,20,Sardegna,111,Sud Sardegna,SU,5,Isole,F986,ITG,ITG2,ITG2H,111048,73.987,39.701672,9.210082,1988,26.87
119013,Nuxis,20,Sardegna,111,Sud Sardegna,SU,5,Isole,F991,ITG,ITG2,ITG2H,111049,61.691,39.154131,8.76497,1382,22.4
118034,Orroli,20,Sardegna,111,Sud Sardegna,SU,5,Isole,G122,ITG,ITG2,ITG2H,111050,75.979,39.653616,9.252794,1909,25.13
118035,Ortacesus,20,Sardegna,111,Sud Sardegna,SU,5,Isole,G133,ITG,ITG2,ITG2H,111051,23.826,39.518534,9.085107,859,36.05
117011,Pabillonis,20,Sardegna,111,Sud Sardegna,SU,5,Isole,G207,ITG,ITG2,ITG2H,111052,37.637,39.606227,8.717256,2404,63.87
117012,Pauli Arbarei,20,Sardegna,111,Sud Sardegna,SU,5,Isole,G382,ITG,ITG2,ITG2H,111053,15.303,39.658702,8.930988,524,34.24
119014,Perdaxius,20,Sardegna,111,Sud Sardegna,SU,5,Isole,G446,ITG,ITG2,ITG2H,111054,29.715,39.163365,8.61655,1276,42.94
118036,Pimentel,20,Sardegna,111,Sud Sardegna,SU,5,Isole,G669,ITG,ITG2,ITG2H,111055,15.159,39.497736,9.068742,1078,71.11
119015,Piscinas,20,Sardegna,111,Sud Sardegna,SU,5,Isole,M291,ITG,ITG2,ITG2H,111056,16.828,39.068742,8.669412,758,45.04
119016,Portoscuso,20,Sardegna,111,Sud Sardegna,SU,5,Isole,G922,ITG,ITG2,ITG2H,111057,38.503,39.198444,8.419593,4689,121.78
118040,Sadali,20,Sardegna,111,Sud Sardegna,SU,5,Isole,H659,ITG,ITG2,ITG2H,111058,49.379,39.792445,9.248422,772,15.63
117013,Samassi,20,Sardegna,111,Sud Sardegna,SU,5,Isole,H738,ITG,ITG2,ITG2H,111059,42.154,39.4933,8.906995,4674,110.88
118041,Samatzai,20,Sardegna,111,Sud Sardegna,SU,5,Isole,H739,ITG,ITG2,ITG2H,111060,31.318,39.487612,9.032979,1502,47.96
118042,San Basilio,20,Sardegna,111,Sud Sardegna,SU,5,Isole,H766,ITG,ITG2,ITG2H,111061,44.596,39.519933,9.210003,1067,23.93
117014,San Gavino Monreale,20,Sardegna,111,Sud Sardegna,SU,5,Isole,H856,ITG,ITG2,ITG2H,111062,87.591,39.549852,8.778678,7823,89.31
119017,San Giovanni Suergiu,20,Sardegna,111,Sud Sardegna,SU,5,Isole,G287,ITG,ITG2,ITG2H,111063,72.199,39.104953,8.513924,5523,76.5
118043,San Nicolò Gerrei,20,Sardegna,111,Sud Sardegna,SU,5,Isole,G383,ITG,ITG2,ITG2H,111064,63.335,39.479712,9.294528,709,11.19
118044,San Sperate,20,Sardegna,111,Sud Sardegna,SU,5,Isole,I166,ITG,ITG2,ITG2H,111065,26.235,39.355249,9.016715,8625,328.76
118045,San Vito,20,Sardegna,111,Sud Sardegna,SU,5,Isole,I402,ITG,ITG2,ITG2H,111066,231.776,39.403696,9.479947,3409,14.71
117015,Sanluri,20,Sardegna,111,Sud Sardegna,SU,5,Isole,H974,ITG,ITG2,ITG2H,111067,84.211,39.544153,8.885856,7996,94.95
118046,Sant'Andrea Frius,20,Sardegna,111,Sud Sardegna,SU,5,Isole,I271,ITG,ITG2,ITG2H,111069,36.126,39.473464,9.192226,1659,45.92
119019,Sant'Anna Arresi,20,Sardegna,111,Sud Sardegna,SU,5,Isole,M209,ITG,ITG2,ITG2H,111070,36.754,38.991455,8.603683,2626,71.45
119020,Sant'Antioco,20,Sardegna,111,Sud Sardegna,SU,5,Isole,I294,ITG,ITG2,ITG2H,111071,88.741,39.030959,8.417818,10404,117.24
119018,Santadi,20,Sardegna,111,Sud Sardegna,SU,5,Isole,I182,ITG,ITG2,ITG2H,111068,116.236,39.077593,8.76806,3029,26.06
117016,Sardara,20,Sardegna,111,Sud Sardegna,SU,5,Isole,I428,ITG,ITG2,ITG2H,111072,56.361,39.610963,8.807071,3711,65.84
117017,Segariu,20,Sardegna,111,Sud Sardegna,SU,5,Isole,I570,ITG,ITG2,ITG2H,111073,17.082,39.565053,8.981489,1074,62.87
118049,Selegas,20,Sardegna,111,Sud Sardegna,SU,5,Isole,I582,ITG,ITG2,ITG2H,111074,20.304,39.575258,9.10613,1253,61.71
118050,Senorbì,20,Sardegna,111,Sud Sardegna,SU,5,Isole,I615,ITG,ITG2,ITG2H,111075,34.756,39.534527,9.140541,4810,138.39
118051,Serdiana,20,Sardegna,111,Sud Sardegna,SU,5,Isole,I624,ITG,ITG2,ITG2H,111076,55.493,39.399507,9.1364,2643,47.63
117018,Serramanna,20,Sardegna,111,Sud Sardegna,SU,5,Isole,I647,ITG,ITG2,ITG2H,111077,84.001,39.440476,8.901973,8388,99.86
117019,Serrenti,20,Sardegna,111,Sud Sardegna,SU,5,Isole,I667,ITG,ITG2,ITG2H,111078,42.84,39.498973,8.975067,4425,103.29
118052,Serri,20,Sardegna,111,Sud Sardegna,SU,5,Isole,I668,ITG,ITG2,ITG2H,111079,19.116,39.702381,9.15767,588,30.76
117020,Setzu,20,Sardegna,111,Sud Sardegna,SU,5,Isole,I705,ITG,ITG2,ITG2H,111080,7.753,39.736195,8.943981,127,16.38
116023,Seui,20,Sardegna,111,Sud Sardegna,SU,5,Isole,I706,ITG,ITG2,ITG2H,111081,147.896,39.82646,9.335311,1137,7.69
114045,Seulo,20,Sardegna,111,Sud Sardegna,SU,5,Isole,I707,ITG,ITG2,ITG2H,111082,59.115,39.872034,9.238275,745,12.6
117021,Siddi,20,Sardegna,111,Sud Sardegna,SU,5,Isole,I724,ITG,ITG2,ITG2H,111083,11.196,39.67577,8.886972,541,48.32
118056,Siliqua,20,Sardegna,111,Sud Sardegna,SU,5,Isole,I734,ITG,ITG2,ITG2H,111084,189.934,39.255532,8.793555,3468,18.26
118057,Silius,20,Sardegna,111,Sud Sardegna,SU,5,Isole,I735,ITG,ITG2,ITG2H,111085,38.377,39.541629,9.293205,987,25.72
118059,Siurgus Donigala,20,Sardegna,111,Sud Sardegna,SU,5,Isole,I765,ITG,ITG2,ITG2H,111086,76.18,39.591366,9.215512,1820,23.89
118060,Soleminis,20,Sardegna,111,Sud Sardegna,SU,5,Isole,I797,ITG,ITG2,ITG2H,111087,12.885,39.349024,9.155037,1902,147.61
118061,Suelli,20,Sardegna,111,Sud Sardegna,SU,5,Isole,I995,ITG,ITG2,ITG2H,111088,19.299,39.575225,9.141847,1049,54.36
119024,Teulada,20,Sardegna,111,Sud Sardegna,SU,5,Isole,L154,ITG,ITG2,ITG2H,111089,246.759,38.957539,8.720123,3156,12.79
119021,Tratalias,20,Sardegna,111,Sud Sardegna,SU,5,Isole,L337,ITG,ITG2,ITG2H,111090,30.999,39.111728,8.577696,988,31.87
117022,Tuili,20,Sardegna,111,Sud Sardegna,SU,5,Isole,L463,ITG,ITG2,ITG2H,111091,24.468,39.710059,8.961387,882,36.05
117023,Turri,20,Sardegna,111,Sud Sardegna,SU,5,Isole,L473,ITG,ITG2,ITG2H,111092,9.43,39.70084,8.92396,375,39.77
118063,Ussana,20,Sardegna,111,Sud Sardegna,SU,5,Isole,L512,ITG,ITG2,ITG2H,111093,32.826,39.402176,9.087294,3997,121.76
117024,Ussaramanna,20,Sardegna,111,Sud Sardegna,SU,5,Isole,L513,ITG,ITG2,ITG2H,111094,9.554,39.693483,8.897922,466,48.78
118065,Vallermosa,20,Sardegna,111,Sud Sardegna,SU,5,Isole,L613,ITG,ITG2,ITG2H,111095,61.616,39.366508,8.777448,1782,28.92
117025,Villacidro,20,Sardegna,111,Sud Sardegna,SU,5,Isole,L924,ITG,ITG2,ITG2H,111096,183.654,39.448247,8.746743,12878,70.12
117026,Villamar,20,Sardegna,111,Sud Sardegna,SU,5,Isole,L966,ITG,ITG2,ITG2H,111097,38.237,39.620763,8.965657,2392,62.56
119022,Villamassargia,20,Sardegna,111,Sud Sardegna,SU,5,Isole,L968,ITG,ITG2,ITG2H,111098,91.497,39.258417,8.671456,3278,35.83
118067,Villanova Tulo,20,Sardegna,111,Sud Sardegna,SU,5,Isole,L992,ITG,ITG2,ITG2H,111099,40.763,39.794029,9.191692,977,23.97
117027,Villanovaforru,20,Sardegna,111,Sud Sardegna,SU,5,Isole,L986,ITG,ITG2,ITG2H,111100,10.778,39.626742,8.869037,789,73.2
117028,Villanovafranca,20,Sardegna,111,Sud Sardegna,SU,5,Isole,L987,ITG,ITG2,ITG2H,111101,27.746,39.64438,9.011388,1135,40.91
119023,Villaperuccio,20,Sardegna,111,Sud Sardegna,SU,5,Isole,M278,ITG,ITG2,ITG2H,111102,36.726,39.119042,8.654338,1007,27.42
118068,Villaputzu,20,Sardegna,111,Sud Sardegna,SU,5,Isole,L998,ITG,ITG2,ITG2H,111103,180.821,39.527661,9.534309,4364,24.13
118069,Villasalto,20,Sardegna,111,Sud Sardegna,SU,5,Isole,M016,ITG,ITG2,ITG2H,111104,130.443,39.480352,9.407783,876,6.72
118070,Villasimius,20,Sardegna,111,Sud Sardegna,SU,5,Isole,B738,ITG,ITG2,ITG2H,111105,58.153,39.151064,9.516658,3762,64.69
118071,Villasor,20,Sardegna,111,Sud Sardegna,SU,5,Isole,M025,ITG,ITG2,ITG2H,111106,86.862,39.377821,8.927628,6480,74.6
118072,Villaspeciosa,20,Sardegna,111,Sud Sardegna,SU,5,Isole,M026,ITG,ITG2,ITG2H,111107,27.085,39.279148,8.859869,2700,99.69
084001,Agrigento,19,Sicilia,084,Agrigento,AG,5,Isole,A089,ITG,ITG1,ITG14,084001,242.416,37.316847,13.585313,55118,227.37
084002,Alessandria della Rocca,19,Sicilia,084,Agrigento,AG,5,Isole,A181,ITG,ITG1,ITG14,084002,62.378,37.542506,13.470697,2301,36.89
084003,Aragona,19,Sicilia,084,Agrigento,AG,5,Isole,A351,ITG,ITG1,ITG14,084003,74.478,37.419189,13.603123,8669,116.4
084004,Bivona,19,Sicilia,084,Agrigento,AG,5,Isole,A896,ITG,ITG1,ITG14,084004,88.68,37.571847,13.403023,3000,33.83
084005,Burgio,19,Sicilia,084,Agrigento,AG,5,Isole,B275,ITG,ITG1,ITG14,084005,42.319,37.622809,13.292447,2409,56.92
084006,Calamonaci,19,Sicilia,084,Agrigento,AG,5,Isole,B377,ITG,ITG1,ITG14,084006,32.631,37.521264,13.316244,1127,34.54
084007,Caltabellotta,19,Sicilia,084,Agrigento,AG,5,Isole,B427,ITG,ITG1,ITG14,084007,124.155,37.567597,13.214901,3065,24.69
084008,Camastra,19,Sicilia,084,Agrigento,AG,5,Isole,B460,ITG,ITG1,ITG14,084008,16.384,37.246289,13.803906,1973,120.42
084009,Cammarata,19,Sicilia,084,Agrigento,AG,5,Isole,B486,ITG,ITG1,ITG14,084009,191.99,37.626367,13.761471,5801,30.22
084010,Campobello di Licata,19,Sicilia,084,Agrigento,AG,5,Isole,B520,ITG,ITG1,ITG14,084010,81.232,37.233403,13.899912,8873,109.23
084011,Canicattì,19,Sicilia,084,Agrigento,AG,5,Isole,B602,ITG,ITG1,ITG14,084011,91.481,37.378174,13.833586,34249,374.38
084012,Casteltermini,19,Sicilia,084,Agrigento,AG,5,Isole,C275,ITG,ITG1,ITG14,084012,99.323,37.524245,13.620718,7035,70.83
084013,Castrofilippo,19,Sicilia,084,Agrigento,AG,5,Isole,C341,ITG,ITG1,ITG14,084013,18.166,37.361384,13.750468,2557,140.76
084014,Cattolica Eraclea,19,Sicilia,084,Agrigento,AG,5,Isole,C356,ITG,ITG1,ITG14,084014,61.315,37.427019,13.364988,3232,52.71
084015,Cianciana,19,Sicilia,084,Agrigento,AG,5,Isole,C668,ITG,ITG1,ITG14,084015,37.774,37.502527,13.434291,2971,78.65
084016,Comitini,19,Sicilia,084,Agrigento,AG,5,Isole,C928,ITG,ITG1,ITG14,084016,21.614,37.410913,13.649968,919,42.52
084017,Favara,19,Sicilia,084,Agrigento,AG,5,Isole,D514,ITG,ITG1,ITG14,084017,82.921,37.315373,13.668431,31167,375.86
084018,Grotte,19,Sicilia,084,Agrigento,AG,5,Isole,E209,ITG,ITG1,ITG14,084018,24.021,37.416015,13.690282,5044,209.98
084019,Joppolo Giancaxio,19,Sicilia,084,Agrigento,AG,5,Isole,E390,ITG,ITG1,ITG14,084019,19.242,37.382274,13.568318,1064,55.3
084020,Lampedusa e Linosa,19,Sicilia,084,Agrigento,AG,5,Isole,E431,ITG,ITG1,ITG14,084020,26.207,35.50848,12.597263,6485,247.45
084021,Licata,19,Sicilia,084,Agrigento,AG,5,Isole,E573,ITG,ITG1,ITG14,084021,178.625,37.16376,13.919173,34203,191.48
084022,Lucca Sicula,19,Sicilia,084,Agrigento,AG,5,Isole,E714,ITG,ITG1,ITG14,084022,18.71,37.558214,13.330521,1700,90.86
084023,Menfi,19,Sicilia,084,Agrigento,AG,5,Isole,F126,ITG,ITG1,ITG14,084023,113.324,37.607906,12.975345,11727,103.48
084024,Montallegro,19,Sicilia,084,Agrigento,AG,5,Isole,F414,ITG,ITG1,ITG14,084024,27.858,37.388657,13.368265,2342,84.07
084025,Montevago,19,Sicilia,084,Agrigento,AG,5,Isole,F655,ITG,ITG1,ITG14,084025,32.983,37.694187,12.957443,2679,81.22
084026,Naro,19,Sicilia,084,Agrigento,AG,5,Isole,F845,ITG,ITG1,ITG14,084026,206.793,37.279688,13.752222,6733,32.56
084027,Palma di Montechiaro,19,Sicilia,084,Agrigento,AG,5,Isole,G282,ITG,ITG1,ITG14,084027,76.942,37.182066,13.762644,21302,276.86
084028,Porto Empedocle,19,Sicilia,084,Agrigento,AG,5,Isole,F299,ITG,ITG1,ITG14,084028,25.014,37.311863,13.499117,15430,616.85
084029,Racalmuto,19,Sicilia,084,Agrigento,AG,5,Isole,H148,ITG,ITG1,ITG14,084029,67.941,37.394705,13.753561,7501,110.4
084030,Raffadali,19,Sicilia,084,Agrigento,AG,5,Isole,H159,ITG,ITG1,ITG14,084030,22.136,37.400279,13.524773,11769,531.67
084031,Ravanusa,19,Sicilia,084,Agrigento,AG,5,Isole,H194,ITG,ITG1,ITG14,084031,49.833,37.24259,13.987558,10124,203.16
084032,Realmonte,19,Sicilia,084,Agrigento,AG,5,Isole,H205,ITG,ITG1,ITG14,084032,20.332,37.314488,13.449755,4368,214.83
084033,Ribera,19,Sicilia,084,Agrigento,AG,5,Isole,H269,ITG,ITG1,ITG14,084033,118.275,37.462703,13.292686,17744,150.02
084034,Sambuca di Sicilia,19,Sicilia,084,Agrigento,AG,5,Isole,H743,ITG,ITG1,ITG14,084034,96.252,37.65501,13.142377,5202,54.05
084035,San Biagio Platani,19,Sicilia,084,Agrigento,AG,5,Isole,H778,ITG,ITG1,ITG14,084035,42.806,37.518482,13.536035,2744,64.1
084036,San Giovanni Gemini,19,Sicilia,084,Agrigento,AG,5,Isole,H914,ITG,ITG1,ITG14,084036,26.424,37.619053,13.649645,7383,279.41
084039,Sant'Angelo Muxaro,19,Sicilia,084,Agrigento,AG,5,Isole,I290,ITG,ITG1,ITG14,084039,64.077,37.4675,13.508566,1119,17.46
084037,Santa Elisabetta,19,Sicilia,084,Agrigento,AG,5,Isole,I185,ITG,ITG1,ITG14,084037,16.427,37.444565,13.544351,2208,134.41
084038,Santa Margherita di Belice,19,Sicilia,084,Agrigento,AG,5,Isole,I224,ITG,ITG1,ITG14,084038,67.084,37.685235,13.031099,5981,89.16
084040,Santo Stefano Quisquina,19,Sicilia,084,Agrigento,AG,5,Isole,I356,ITG,ITG1,ITG14,084040,84.57,37.597002,13.519258,3854,45.57
084041,Sciacca,19,Sicilia,084,Agrigento,AG,5,Isole,I533,ITG,ITG1,ITG14,084041,191.091,37.550193,13.095692,38387,200.88
084042,Siculiana,19,Sicilia,084,Agrigento,AG,5,Isole,I723,ITG,ITG1,ITG14,084042,40.797,37.356903,13.392425,4187,102.63
084043,Villafranca Sicula,19,Sicilia,084,Agrigento,AG,5,Isole,L944,ITG,ITG1,ITG14,084043,17.259,37.563821,13.282828,1295,75.03
085001,Acquaviva Platani,19,Sicilia,085,Caltanissetta,CL,5,Isole,A049,ITG,ITG1,ITG15,085001,14.825,37.56314,13.696237,819,55.24
085002,Bompensiere,19,Sicilia,085,Caltanissetta,CL,5,Isole,A957,ITG,ITG1,ITG15,085002,19.976,37.467715,13.79052,468,23.43
085003,Butera,19,Sicilia,085,Caltanissetta,CL,5,Isole,B302,ITG,ITG1,ITG15,085003,297.0,37.196651,14.136524,4053,13.65
085004,Caltanissetta,19,Sicilia,085,Caltanissetta,CL,5,Isole,B429,ITG,ITG1,ITG15,085004,418.449,37.462547,14.024857,57922,138.42
085005,Campofranco,19,Sicilia,085,Caltanissetta,CL,5,Isole,B537,ITG,ITG1,ITG15,085005,36.302,37.486465,13.69551,2512,69.2
085006,Delia,19,Sicilia,085,Caltanissetta,CL,5,Isole,D267,ITG,ITG1,ITG15,085006,12.28,37.352174,13.915908,3851,313.6
085007,Gela,19,Sicilia,085,Caltanissetta,CL,5,Isole,D960,ITG,ITG1,ITG15,085007,277.386,37.089847,14.272939,70109,252.75
085008,Marianopoli,19,Sicilia,085,Caltanissetta,CL,5,Isole,E953,ITG,ITG1,ITG15,085008,13.189,37.602213,13.899992,1505,114.11
085009,Mazzarino,19,Sicilia,085,Caltanissetta,CL,5,Isole,F065,ITG,ITG1,ITG15,085009,295.16,37.256631,14.278433,10567,35.8
085010,Milena,19,Sicilia,085,Caltanissetta,CL,5,Isole,E618,ITG,ITG1,ITG15,085010,24.558,37.45875,13.743067,2599,105.83
085011,Montedoro,19,Sicilia,085,Caltanissetta,CL,5,Isole,F489,ITG,ITG1,ITG15,085011,14.197,37.453431,13.827766,1320,92.98
085012,Mussomeli,19,Sicilia,085,Caltanissetta,CL,5,Isole,F830,ITG,ITG1,ITG15,085012,163.367,37.552198,13.819507,9742,59.63
085013,Niscemi,19,Sicilia,085,Caltanissetta,CL,5,Isole,F899,ITG,ITG1,ITG15,085013,96.712,37.144161,14.414593,24535,253.69
085014,Resuttano,19,Sicilia,085,Caltanissetta,CL,5,Isole,H245,ITG,ITG1,ITG15,085014,38.377,37.634474,14.060471,1687,43.96
085015,Riesi,19,Sicilia,085,Caltanissetta,CL,5,Isole,H281,ITG,ITG1,ITG15,085015,65.805,37.297389,14.092792,10158,154.37
085016,San Cataldo,19,Sicilia,085,Caltanissetta,CL,5,Isole,H792,ITG,ITG1,ITG15,085016,72.811,37.51234,13.927992,20229,277.83
085017,Santa Caterina Villarmosa,19,Sicilia,085,Caltanissetta,CL,5,Isole,I169,ITG,ITG1,ITG15,085017,75.712,37.585988,14.035324,4421,58.39
085018,Serradifalco,19,Sicilia,085,Caltanissetta,CL,5,Isole,I644,ITG,ITG1,ITG15,085018,42.014,37.448414,13.878706,5342,127.15
085019,Sommatino,19,Sicilia,085,Caltanissetta,CL,5,Isole,I824,ITG,ITG1,ITG15,085019,34.452,37.316033,14.011751,6220,180.54
085020,Sutera,19,Sicilia,085,Caltanissetta,CL,5,Isole,L016,ITG,ITG1,ITG15,085020,35.507,37.51837,13.751512,1096,30.87
085021,Vallelunga Pratameno,19,Sicilia,085,Caltanissetta,CL,5,Isole,L609,ITG,ITG1,ITG15,085021,39.217,37.710598,13.795982,3003,76.57
085022,Villalba,19,Sicilia,085,Caltanissetta,CL,5,Isole,L959,ITG,ITG1,ITG15,085022,41.657,37.638578,13.857511,1343,32.24
087001,Aci Bonaccorsi,19,Sicilia,087,Catania,CT,5,Isole,A025,ITG,ITG1,ITG17,087001,1.679,37.595574,15.107748,3559,2119.71
087002,Aci Castello,19,Sicilia,087,Catania,CT,5,Isole,A026,ITG,ITG1,ITG17,087002,8.62,37.558331,15.137714,17482,2028.07
087003,Aci Catena,19,Sicilia,087,Catania,CT,5,Isole,A027,ITG,ITG1,ITG17,087003,8.488,37.589831,15.140526,27349,3222.08
087005,Aci Sant'Antonio,19,Sicilia,087,Catania,CT,5,Isole,A029,ITG,ITG1,ITG17,087005,14.516,37.622634,15.123202,18091,1246.28
087004,Acireale,19,Sicilia,087,Catania,CT,5,Isole,A028,ITG,ITG1,ITG17,087004,40.074,37.625931,15.154504,50528,1260.87
087006,Adrano,19,Sicilia,087,Catania,CT,5,Isole,A056,ITG,ITG1,ITG17,087006,82.93,37.694305,14.851441,33506,404.03
087007,Belpasso,19,Sicilia,087,Catania,CT,5,Isole,A766,ITG,ITG1,ITG17,087007,165.474,37.576721,14.969409,28321,171.15
087008,Biancavilla,19,Sicilia,087,Catania,CT,5,Isole,A841,ITG,ITG1,ITG17,087008,69.782,37.669432,14.904184,22917,328.41
087009,Bronte,19,Sicilia,087,Catania,CT,5,Isole,B202,ITG,ITG1,ITG17,087009,249.77,37.830845,14.824085,18101,72.47
087010,Calatabiano,19,Sicilia,087,Catania,CT,5,Isole,B384,ITG,ITG1,ITG17,087010,26.316,37.816757,15.216762,5145,195.51
087011,Caltagirone,19,Sicilia,087,Catania,CT,5,Isole,B428,ITG,ITG1,ITG17,087011,381.452,37.176721,14.546915,35373,92.73
087012,Camporotondo Etneo,19,Sicilia,087,Catania,CT,5,Isole,B561,ITG,ITG1,ITG17,087012,6.419,37.555056,15.006887,5208,811.34
087013,Castel di Iudica,19,Sicilia,087,Catania,CT,5,Isole,C091,ITG,ITG1,ITG17,087013,102.707,37.505072,14.693863,4163,40.53
087014,Castiglione di Sicilia,19,Sicilia,087,Catania,CT,5,Isole,C297,ITG,ITG1,ITG17,087014,118.57,37.829379,15.049587,2832,23.88
087015,Catania,19,Sicilia,087,Catania,CT,5,Isole,C351,ITG,ITG1,ITG17,087015,182.084,37.460689,15.051375,296984,1631.03
087016,Fiumefreddo di Sicilia,19,Sicilia,087,Catania,CT,5,Isole,D623,ITG,ITG1,ITG17,087016,12.19,37.786528,15.205945,8965,735.44
087017,Giarre,19,Sicilia,087,Catania,CT,5,Isole,E017,ITG,ITG1,ITG17,087017,27.087,37.714901,15.16224,26466,977.07
087018,Grammichele,19,Sicilia,087,Catania,CT,5,Isole,E133,ITG,ITG1,ITG17,087018,31.662,37.222767,14.629349,12127,383.01
087019,Gravina di Catania,19,Sicilia,087,Catania,CT,5,Isole,E156,ITG,ITG1,ITG17,087019,4.965,37.552497,15.065333,25330,5101.71
087020,Licodia Eubea,19,Sicilia,087,Catania,CT,5,Isole,E578,ITG,ITG1,ITG17,087020,111.375,37.148581,14.687519,2762,24.8
087021,Linguaglossa,19,Sicilia,087,Catania,CT,5,Isole,E602,ITG,ITG1,ITG17,087021,59.895,37.81609,15.111216,4987,83.26
087022,Maletto,19,Sicilia,087,Catania,CT,5,Isole,E854,ITG,ITG1,ITG17,087022,40.826,37.798656,14.91663,3522,86.27
087057,Maniace,19,Sicilia,087,Catania,CT,5,Isole,M283,ITG,ITG1,ITG17,087057,37.054,37.87284,14.790825,3739,100.91
087023,Mascali,19,Sicilia,087,Catania,CT,5,Isole,F004,ITG,ITG1,ITG17,087023,37.867,37.764739,15.164938,14486,382.55
087024,Mascalucia,19,Sicilia,087,Catania,CT,5,Isole,F005,ITG,ITG1,ITG17,087024,15.961,37.584967,15.037935,32124,2012.66
087056,Mazzarrone,19,Sicilia,087,Catania,CT,5,Isole,M271,ITG,ITG1,ITG17,087056,34.684,37.087473,14.567288,4010,115.62
087025,Militello in Val di Catania,19,Sicilia,087,Catania,CT,5,Isole,F209,ITG,ITG1,ITG17,087025,61.651,37.277577,14.799459,6605,107.14
087026,Milo,19,Sicilia,087,Catania,CT,5,Isole,F214,ITG,ITG1,ITG17,087026,16.785,37.733014,15.117634,1017,60.59
087027,Mineo,19,Sicilia,087,Catania,CT,5,Isole,F217,ITG,ITG1,ITG17,087027,244.157,37.305377,14.624533,4345,17.8
087028,Mirabella Imbaccari,19,Sicilia,087,Catania,CT,5,Isole,F231,ITG,ITG1,ITG17,087028,15.558,37.322577,14.456486,4132,265.59
087029,Misterbianco,19,Sicilia,087,Catania,CT,5,Isole,F250,ITG,ITG1,ITG17,087029,37.824,37.501218,15.010886,48620,1285.43
087030,Motta Sant'Anastasia,19,Sicilia,087,Catania,CT,5,Isole,F781,ITG,ITG1,ITG17,087030,35.527,37.492242,14.965959,12139,341.68
087031,Nicolosi,19,Sicilia,087,Catania,CT,5,Isole,F890,ITG,ITG1,ITG17,087031,42.404,37.674506,15.010554,7720,182.06
087032,Palagonia,19,Sicilia,087,Catania,CT,5,Isole,G253,ITG,ITG1,ITG17,087032,57.128,37.345582,14.750535,15369,269.03
087033,Paternò,19,Sicilia,087,Catania,CT,5,Isole,G371,ITG,ITG1,ITG17,087033,143.773,37.518227,14.845208,44502,309.53
087034,Pedara,19,Sicilia,087,Catania,CT,5,Isole,G402,ITG,ITG1,ITG17,087034,18.921,37.636814,15.05796,15522,820.36
087035,Piedimonte Etneo,19,Sicilia,087,Catania,CT,5,Isole,G597,ITG,ITG1,ITG17,087035,26.187,37.797046,15.155755,3865,147.59
087036,Raddusa,19,Sicilia,087,Catania,CT,5,Isole,H154,ITG,ITG1,ITG17,087036,23.521,37.487603,14.536114,2751,116.96
087058,Ragalna,19,Sicilia,087,Catania,CT,5,Isole,M287,ITG,ITG1,ITG17,087058,38.979,37.671617,14.955392,4396,112.78
087037,Ramacca,19,Sicilia,087,Catania,CT,5,Isole,H168,ITG,ITG1,ITG17,087037,305.28,37.449758,14.688293,10029,32.85
087038,Randazzo,19,Sicilia,087,Catania,CT,5,Isole,H175,ITG,ITG1,ITG17,087038,204.923,37.855429,14.95268,9959,48.6
087039,Riposto,19,Sicilia,087,Catania,CT,5,Isole,H325,ITG,ITG1,ITG17,087039,13.262,37.70462,15.200768,13901,1048.18
087040,San Cono,19,Sicilia,087,Catania,CT,5,Isole,H805,ITG,ITG1,ITG17,087040,6.712,37.291885,14.367872,2363,352.06
087041,San Giovanni la Punta,19,Sicilia,087,Catania,CT,5,Isole,H922,ITG,ITG1,ITG17,087041,10.752,37.57208,15.093076,24458,2274.74
087042,San Gregorio di Catania,19,Sicilia,087,Catania,CT,5,Isole,H940,ITG,ITG1,ITG17,087042,5.543,37.55792,15.10976,11518,2077.94
087043,San Michele di Ganzaria,19,Sicilia,087,Catania,CT,5,Isole,I035,ITG,ITG1,ITG17,087043,25.679,37.274739,14.428001,2807,109.31
087044,San Pietro Clarenza,19,Sicilia,087,Catania,CT,5,Isole,I098,ITG,ITG1,ITG17,087044,6.355,37.565251,15.020742,8372,1317.39
087045,Sant'Agata li Battiati,19,Sicilia,087,Catania,CT,5,Isole,I202,ITG,ITG1,ITG17,087045,3.049,37.556662,15.080017,9217,3022.96
087046,Sant'Alfio,19,Sicilia,087,Catania,CT,5,Isole,I216,ITG,ITG1,ITG17,087046,25.573,37.760132,15.092958,1521,59.48
087047,Santa Maria di Licodia,19,Sicilia,087,Catania,CT,5,Isole,I240,ITG,ITG1,ITG17,087047,26.201,37.633636,14.902986,7675,292.93
087048,Santa Venerina,19,Sicilia,087,Catania,CT,5,Isole,I314,ITG,ITG1,ITG17,087048,18.608,37.679129,15.142965,8487,456.09
087049,Scordia,19,Sicilia,087,Catania,CT,5,Isole,I548,ITG,ITG1,ITG17,087049,24.382,37.304396,14.851468,15885,651.51
087050,Trecastagni,19,Sicilia,087,Catania,CT,5,Isole,L355,ITG,ITG1,ITG17,087050,19.132,37.646821,15.073414,11396,595.65
087051,Tremestieri Etneo,19,Sicilia,087,Catania,CT,5,Isole,L369,ITG,ITG1,ITG17,087051,6.424,37.578907,15.069084,19172,2984.43
087052,Valverde,19,Sicilia,087,Catania,CT,5,Isole,L658,ITG,ITG1,ITG17,087052,5.445,37.579929,15.123131,7810,1434.34
087053,Viagrande,19,Sicilia,087,Catania,CT,5,Isole,L828,ITG,ITG1,ITG17,087053,10.005,37.624485,15.097553,8943,893.85
087054,Vizzini,19,Sicilia,087,Catania,CT,5,Isole,M100,ITG,ITG1,ITG17,087054,126.654,37.184837,14.779712,5636,44.5
087055,Zafferana Etnea,19,Sicilia,087,Catania,CT,5,Isole,M139,ITG,ITG1,ITG17,087055,76.425,37.705935,15.066932,9341,122.22
086001,Agira,19,Sicilia,086,Enna,EN,5,Isole,A070,ITG,ITG1,ITG16,086001,162.641,37.612775,14.53813,7529,46.29
086002,Aidone,19,Sicilia,086,Enna,EN,5,Isole,A098,ITG,ITG1,ITG16,086002,209.039,37.427186,14.50895,4205,20.12
086003,Assoro,19,Sicilia,086,Enna,EN,5,Isole,A478,ITG,ITG1,ITG16,086003,111.422,37.536033,14.497341,4749,42.62
086004,Barrafranca,19,Sicilia,086,Enna,EN,5,Isole,A676,ITG,ITG1,ITG16,086004,53.43,37.361966,14.196043,11456,214.41
086005,Calascibetta,19,Sicilia,086,Enna,EN,5,Isole,B381,ITG,ITG1,ITG16,086005,88.653,37.633274,14.262508,3948,44.53
086006,Catenanuova,19,Sicilia,086,Enna,EN,5,Isole,C353,ITG,ITG1,ITG16,086006,11.205,37.569566,14.695412,4458,397.86
086007,Centuripe,19,Sicilia,086,Enna,EN,5,Isole,C471,ITG,ITG1,ITG16,086007,172.741,37.610142,14.74783,4981,28.84
086008,Cerami,19,Sicilia,086,Enna,EN,5,Isole,C480,ITG,ITG1,ITG16,086008,95.074,37.817509,14.520252,1867,19.64
086009,Enna,19,Sicilia,086,Enna,EN,5,Isole,C342,ITG,ITG1,ITG16,086009,356.631,37.526475,14.25295,24884,69.78
086010,Gagliano Castelferrato,19,Sicilia,086,Enna,EN,5,Isole,D849,ITG,ITG1,ITG16,086010,56.06,37.719652,14.540927,3111,55.49
086011,Leonforte,19,Sicilia,086,Enna,EN,5,Isole,E536,ITG,ITG1,ITG16,086011,84.216,37.637182,14.362035,12023,142.76
086012,Nicosia,19,Sicilia,086,Enna,EN,5,Isole,F892,ITG,ITG1,ITG16,086012,216.928,37.745421,14.407796,12382,57.08
086013,Nissoria,19,Sicilia,086,Enna,EN,5,Isole,F900,ITG,ITG1,ITG16,086013,61.759,37.693857,14.438392,2781,45.03
086014,Piazza Armerina,19,Sicilia,086,Enna,EN,5,Isole,G580,ITG,ITG1,ITG16,086014,303.287,37.370662,14.338002,20558,67.78
086015,Pietraperzia,19,Sicilia,086,Enna,EN,5,Isole,G624,ITG,ITG1,ITG16,086015,118.241,37.407142,14.132234,6183,52.29
086016,Regalbuto,19,Sicilia,086,Enna,EN,5,Isole,H221,ITG,ITG1,ITG16,086016,169.784,37.649322,14.64935,6556,38.61
086017,Sperlinga,19,Sicilia,086,Enna,EN,5,Isole,I891,ITG,ITG1,ITG16,086017,59.116,37.744161,14.325153,639,10.81
086018,Troina,19,Sicilia,086,Enna,EN,5,Isole,L448,ITG,ITG1,ITG16,086018,167.187,37.753436,14.638914,8201,49.05
086019,Valguarnera Caropepe,19,Sicilia,086,Enna,EN,5,Isole,L583,ITG,ITG1,ITG16,086019,9.425,37.513795,14.383332,6743,715.44
086020,Villarosa,19,Sicilia,086,Enna,EN,5,Isole,M011,ITG,ITG1,ITG16,086020,55.115,37.588314,14.184035,4271,77.49
083107,Acquedolci,19,Sicilia,083,Messina,ME,5,Isole,M211,ITG,ITG1,ITG13,083107,12.758,38.04942,14.584585,5532,433.61
083001,Alcara li Fusi,19,Sicilia,083,Messina,ME,5,Isole,A177,ITG,ITG1,ITG13,083001,62.713,37.98713,14.701509,1589,25.34
083002,Alì,19,Sicilia,083,Messina,ME,5,Isole,A194,ITG,ITG1,ITG13,083002,15.952,38.043192,15.407768,596,37.36
083003,Alì Terme,19,Sicilia,083,Messina,ME,5,Isole,A201,ITG,ITG1,ITG13,083003,5.942,38.015689,15.42822,2317,389.94
083004,Antillo,19,Sicilia,083,Messina,ME,5,Isole,A313,ITG,ITG1,ITG13,083004,43.504,37.963985,15.222125,773,17.77
083005,Barcellona Pozzo di Gotto,19,Sicilia,083,Messina,ME,5,Isole,A638,ITG,ITG1,ITG13,083005,58.871,38.128483,15.226795,39756,675.31
083006,Basicò,19,Sicilia,083,Messina,ME,5,Isole,A698,ITG,ITG1,ITG13,083006,11.961,38.058557,15.06597,614,51.33
083007,Brolo,19,Sicilia,083,Messina,ME,5,Isole,B198,ITG,ITG1,ITG13,083007,7.574,38.144617,14.835515,5712,754.16
083008,Capizzi,19,Sicilia,083,Messina,ME,5,Isole,B660,ITG,ITG1,ITG13,083008,69.615,37.861938,14.465841,2707,38.89
083009,Capo d'Orlando,19,Sicilia,083,Messina,ME,5,Isole,B666,ITG,ITG1,ITG13,083009,14.681,38.139898,14.732256,13065,889.93
083010,Capri Leone,19,Sicilia,083,Messina,ME,5,Isole,B695,ITG,ITG1,ITG13,083010,6.602,38.094724,14.721075,4401,666.62
083011,Caronia,19,Sicilia,083,Messina,ME,5,Isole,B804,ITG,ITG1,ITG13,083011,226.085,37.975551,14.486965,2917,12.9
083012,Casalvecchio Siculo,19,Sicilia,083,Messina,ME,5,Isole,B918,ITG,ITG1,ITG13,083012,33.577,37.98683,15.269339,675,20.1
083013,Castel di Lucio,19,Sicilia,083,Messina,ME,5,Isole,C094,ITG,ITG1,ITG13,083013,28.62,37.880238,14.295814,1355,47.34
083014,Castell'Umberto,19,Sicilia,083,Messina,ME,5,Isole,C051,ITG,ITG1,ITG13,083014,11.401,38.074067,14.814163,2731,239.54
083015,Castelmola,19,Sicilia,083,Messina,ME,5,Isole,C210,ITG,ITG1,ITG13,083015,16.782,37.864211,15.260802,1071,63.82
083016,Castroreale,19,Sicilia,083,Messina,ME,5,Isole,C347,ITG,ITG1,ITG13,083016,52.688,38.066618,15.2344,2231,42.34
083017,Cesarò,19,Sicilia,083,Messina,ME,5,Isole,C568,ITG,ITG1,ITG13,083017,215.901,37.879122,14.656002,2060,9.54
083018,Condrò,19,Sicilia,083,Messina,ME,5,Isole,C956,ITG,ITG1,ITG13,083018,5.254,38.171395,15.327159,501,95.36
083019,Falcone,19,Sicilia,083,Messina,ME,5,Isole,D474,ITG,ITG1,ITG13,083019,9.285,38.104109,15.06714,2826,304.36
083020,Ficarra,19,Sicilia,083,Messina,ME,5,Isole,D569,ITG,ITG1,ITG13,083020,18.71,38.118812,14.833942,1267,67.72
083021,Fiumedinisi,19,Sicilia,083,Messina,ME,5,Isole,D622,ITG,ITG1,ITG13,083021,36.074,38.04392,15.370277,1250,34.65
083022,Floresta,19,Sicilia,083,Messina,ME,5,Isole,D635,ITG,ITG1,ITG13,083022,31.066,37.963738,14.914675,458,14.74
083023,Fondachelli-Fantina,19,Sicilia,083,Messina,ME,5,Isole,D661,ITG,ITG1,ITG13,083023,41.876,38.003975,15.188181,1058,25.27
083024,Forza d'Agrò,19,Sicilia,083,Messina,ME,5,Isole,D733,ITG,ITG1,ITG13,083024,11.302,37.927758,15.293479,902,79.81
083025,Francavilla di Sicilia,19,Sicilia,083,Messina,ME,5,Isole,D765,ITG,ITG1,ITG13,083025,82.107,37.932371,15.117939,3498,42.6
083026,Frazzanò,19,Sicilia,083,Messina,ME,5,Isole,D793,ITG,ITG1,ITG13,083026,6.627,38.063314,14.748339,524,79.07
083027,Furci Siculo,19,Sicilia,083,Messina,ME,5,Isole,D824,ITG,ITG1,ITG13,083027,18.104,37.995003,15.300731,3245,179.24
083028,Furnari,19,Sicilia,083,Messina,ME,5,Isole,D825,ITG,ITG1,ITG13,083028,13.43,38.103242,15.115687,4246,316.16
083029,Gaggi,19,Sicilia,083,Messina,ME,5,Isole,D844,ITG,ITG1,ITG13,083029,7.762,37.863569,15.224279,3094,398.61
083030,Galati Mamertino,19,Sicilia,083,Messina,ME,5,Isole,D861,ITG,ITG1,ITG13,083030,39.243,38.005568,14.790991,2108,53.72
083031,Gallodoro,19,Sicilia,083,Messina,ME,5,Isole,D885,ITG,ITG1,ITG13,083031,6.87,37.90556,15.303686,320,46.58
083032,Giardini-Naxos,19,Sicilia,083,Messina,ME,5,Isole,E014,ITG,ITG1,ITG13,083032,5.15,37.826308,15.263588,9437,1832.43
083033,Gioiosa Marea,19,Sicilia,083,Messina,ME,5,Isole,E043,ITG,ITG1,ITG13,083033,26.414,38.149521,14.918548,6686,253.12
083034,Graniti,19,Sicilia,083,Messina,ME,5,Isole,E142,ITG,ITG1,ITG13,083034,9.974,37.890757,15.216742,1434,143.77
083035,Gualtieri Sicaminò,19,Sicilia,083,Messina,ME,5,Isole,E233,ITG,ITG1,ITG13,083035,13.925,38.137915,15.343281,1508,108.29
083036,Itala,19,Sicilia,083,Messina,ME,5,Isole,E374,ITG,ITG1,ITG13,083036,11.039,38.051541,15.427048,1491,135.07
083037,Leni,19,Sicilia,083,Messina,ME,5,Isole,E523,ITG,ITG1,ITG13,083037,8.746,38.553415,14.825601,669,76.49
083038,Letojanni,19,Sicilia,083,Messina,ME,5,Isole,E555,ITG,ITG1,ITG13,083038,6.799,37.892809,15.313276,2979,438.15
083039,Librizzi,19,Sicilia,083,Messina,ME,5,Isole,E571,ITG,ITG1,ITG13,083039,23.5,38.085679,14.963511,1535,65.32
083040,Limina,19,Sicilia,083,Messina,ME,5,Isole,E594,ITG,ITG1,ITG13,083040,9.665,37.942041,15.271047,703,72.74
083041,Lipari,19,Sicilia,083,Messina,ME,5,Isole,E606,ITG,ITG1,ITG13,083041,90.388,38.482156,14.939765,12794,141.55
083042,Longi,19,Sicilia,083,Messina,ME,5,Isole,E674,ITG,ITG1,ITG13,083042,41.867,37.968529,14.770439,1251,29.88
083043,Malfa,19,Sicilia,083,Messina,ME,5,Isole,E855,ITG,ITG1,ITG13,083043,8.823,38.574273,14.829652,1003,113.68
083044,Malvagna,19,Sicilia,083,Messina,ME,5,Isole,E869,ITG,ITG1,ITG13,083044,6.475,37.92228,15.056158,575,88.8
083045,Mandanici,19,Sicilia,083,Messina,ME,5,Isole,E876,ITG,ITG1,ITG13,083045,11.685,38.014593,15.32505,468,40.05
083046,Mazzarrà Sant'Andrea,19,Sicilia,083,Messina,ME,5,Isole,F066,ITG,ITG1,ITG13,083046,6.636,38.082099,15.132198,1405,211.72
083047,Merì,19,Sicilia,083,Messina,ME,5,Isole,F147,ITG,ITG1,ITG13,083047,1.763,38.160967,15.259249,2394,1357.91
083048,Messina,19,Sicilia,083,Messina,ME,5,Isole,F158,ITG,ITG1,ITG13,083048,211.257,38.177947,15.515594,216458,1024.62
083049,Milazzo,19,Sicilia,083,Messina,ME,5,Isole,F206,ITG,ITG1,ITG13,083049,24.6,38.222761,15.238454,29779,1210.53
083050,Militello Rosmarino,19,Sicilia,083,Messina,ME,5,Isole,F210,ITG,ITG1,ITG13,083050,29.392,38.004702,14.660022,1168,39.74
083051,Mirto,19,Sicilia,083,Messina,ME,5,Isole,F242,ITG,ITG1,ITG13,083051,9.263,38.088086,14.753532,852,91.98
083052,Mistretta,19,Sicilia,083,Messina,ME,5,Isole,F251,ITG,ITG1,ITG13,083052,126.732,37.899758,14.389376,4150,32.75
083053,Moio Alcantara,19,Sicilia,083,Messina,ME,5,Isole,F277,ITG,ITG1,ITG13,083053,8.64,37.912024,15.039757,679,78.59
083054,Monforte San Giorgio,19,Sicilia,083,Messina,ME,5,Isole,F359,ITG,ITG1,ITG13,083054,32.048,38.14295,15.396687,2390,74.58
083055,Mongiuffi Melia,19,Sicilia,083,Messina,ME,5,Isole,F368,ITG,ITG1,ITG13,083055,24.02,37.906813,15.258944,506,21.07
083056,Montagnareale,19,Sicilia,083,Messina,ME,5,Isole,F395,ITG,ITG1,ITG13,083056,16.245,38.121647,14.936931,1342,82.61
083057,Montalbano Elicona,19,Sicilia,083,Messina,ME,5,Isole,F400,ITG,ITG1,ITG13,083057,67.065,38.018068,15.016559,2072,30.9
083058,Motta Camastra,19,Sicilia,083,Messina,ME,5,Isole,F772,ITG,ITG1,ITG13,083058,25.239,37.902215,15.186954,762,30.19
083059,Motta d'Affermo,19,Sicilia,083,Messina,ME,5,Isole,F773,ITG,ITG1,ITG13,083059,14.321,37.988241,14.307252,646,45.11
083060,Naso,19,Sicilia,083,Messina,ME,5,Isole,F848,ITG,ITG1,ITG13,083060,36.606,38.122014,14.770309,3344,91.35
083061,Nizza di Sicilia,19,Sicilia,083,Messina,ME,5,Isole,F901,ITG,ITG1,ITG13,083061,13.841,38.024233,15.347686,3488,252.0
083062,Novara di Sicilia,19,Sicilia,083,Messina,ME,5,Isole,F951,ITG,ITG1,ITG13,083062,48.766,38.02516,15.13154,1045,21.43
083063,Oliveri,19,Sicilia,083,Messina,ME,5,Isole,G036,ITG,ITG1,ITG13,083063,10.665,38.10961,15.040828,2226,208.72
083064,Pace del Mela,19,Sicilia,083,Messina,ME,5,Isole,G209,ITG,ITG1,ITG13,083064,12.171,38.185524,15.303646,5938,487.88
083065,Pagliara,19,Sicilia,083,Messina,ME,5,Isole,G234,ITG,ITG1,ITG13,083065,14.307,38.003878,15.306778,1100,76.89
083066,Patti,19,Sicilia,083,Messina,ME,5,Isole,G377,ITG,ITG1,ITG13,083066,49.437,38.114377,14.993776,12721,257.32
083067,Pettineo,19,Sicilia,083,Messina,ME,5,Isole,G522,ITG,ITG1,ITG13,083067,30.354,37.952904,14.296361,1222,40.26
083068,Piraino,19,Sicilia,083,Messina,ME,5,Isole,G699,ITG,ITG1,ITG13,083068,16.692,38.151866,14.871723,3724,223.1
083069,Raccuja,19,Sicilia,083,Messina,ME,5,Isole,H151,ITG,ITG1,ITG13,083069,25.064,38.025403,14.923532,839,33.47
083070,Reitano,19,Sicilia,083,Messina,ME,5,Isole,H228,ITG,ITG1,ITG13,083070,14.21,37.985048,14.338344,705,49.61
083071,Roccafiorita,19,Sicilia,083,Messina,ME,5,Isole,H405,ITG,ITG1,ITG13,083071,1.183,37.932394,15.264526,154,130.18
083072,Roccalumera,19,Sicilia,083,Messina,ME,5,Isole,H418,ITG,ITG1,ITG13,083072,8.772,37.988883,15.380976,4143,472.3
083073,Roccavaldina,19,Sicilia,083,Messina,ME,5,Isole,H380,ITG,ITG1,ITG13,083073,7.21,38.176825,15.380076,965,133.84
083074,Roccella Valdemone,19,Sicilia,083,Messina,ME,5,Isole,H455,ITG,ITG1,ITG13,083074,41.064,37.942608,15.001735,532,12.96
083075,Rodì Milici,19,Sicilia,083,Messina,ME,5,Isole,H479,ITG,ITG1,ITG13,083075,35.868,38.066586,15.168978,1938,54.03
083076,Rometta,19,Sicilia,083,Messina,ME,5,Isole,H519,ITG,ITG1,ITG13,083076,31.751,38.177954,15.411585,6497,204.62
083077,San Filippo del Mela,19,Sicilia,083,Messina,ME,5,Isole,H842,ITG,ITG1,ITG13,083077,9.901,38.182587,15.279071,6617,668.32
083078,San Fratello,19,Sicilia,083,Messina,ME,5,Isole,H850,ITG,ITG1,ITG13,083078,67.231,37.974854,14.60698,3159,46.99
083079,San Marco d'Alunzio,19,Sicilia,083,Messina,ME,5,Isole,H982,ITG,ITG1,ITG13,083079,26.145,38.061129,14.709509,1775,67.89
083080,San Pier Niceto,19,Sicilia,083,Messina,ME,5,Isole,I084,ITG,ITG1,ITG13,083080,36.621,38.148824,15.3595,2518,68.76
083081,San Piero Patti,19,Sicilia,083,Messina,ME,5,Isole,I086,ITG,ITG1,ITG13,083081,41.632,38.030173,14.95854,2535,60.89
083082,San Salvatore di Fitalia,19,Sicilia,083,Messina,ME,5,Isole,I147,ITG,ITG1,ITG13,083082,14.822,38.065031,14.784282,1103,74.42
083090,San Teodoro,19,Sicilia,083,Messina,ME,5,Isole,I328,ITG,ITG1,ITG13,083090,13.634,37.835846,14.692205,1185,86.92
083084,Sant'Agata di Militello,19,Sicilia,083,Messina,ME,5,Isole,I199,ITG,ITG1,ITG13,083084,34.082,38.030447,14.636605,12133,355.99
083085,Sant'Alessio Siculo,19,Sicilia,083,Messina,ME,5,Isole,I215,ITG,ITG1,ITG13,083085,6.146,37.923776,15.334156,1542,250.89
083088,Sant'Angelo di Brolo,19,Sicilia,083,Messina,ME,5,Isole,I283,ITG,ITG1,ITG13,083088,30.098,38.102343,14.892397,2625,87.22
083083,Santa Domenica Vittoria,19,Sicilia,083,Messina,ME,5,Isole,I184,ITG,ITG1,ITG13,083083,20.093,37.935311,14.958236,861,42.85
083086,Santa Lucia del Mela,19,Sicilia,083,Messina,ME,5,Isole,I220,ITG,ITG1,ITG13,083086,85.441,38.096906,15.303089,4342,50.82
083087,Santa Marina Salina,19,Sicilia,083,Messina,ME,5,Isole,I254,ITG,ITG1,ITG13,083087,8.678,38.557104,14.858192,877,101.06
083089,Santa Teresa di Riva,19,Sicilia,083,Messina,ME,5,Isole,I311,ITG,ITG1,ITG13,083089,8.014,37.947717,15.363384,9133,1139.63
083091,Santo Stefano di Camastra,19,Sicilia,083,Messina,ME,5,Isole,I370,ITG,ITG1,ITG13,083091,21.877,37.988767,14.368042,4325,197.7
083092,Saponara,19,Sicilia,083,Messina,ME,5,Isole,I420,ITG,ITG1,ITG13,083092,26.136,38.191743,15.449835,3620,138.51
083093,Savoca,19,Sicilia,083,Messina,ME,5,Isole,I477,ITG,ITG1,ITG13,083093,8.727,37.954719,15.339964,1749,200.41
083094,Scaletta Zanclea,19,Sicilia,083,Messina,ME,5,Isole,I492,ITG,ITG1,ITG13,083094,4.77,38.052101,15.456585,1861,390.15
083095,Sinagra,19,Sicilia,083,Messina,ME,5,Isole,I747,ITG,ITG1,ITG13,083095,23.605,38.082797,14.851649,2418,102.44
083096,Spadafora,19,Sicilia,083,Messina,ME,5,Isole,I881,ITG,ITG1,ITG13,083096,10.599,38.204505,15.392424,4602,434.19
083097,Taormina,19,Sicilia,083,Messina,ME,5,Isole,L042,ITG,ITG1,ITG13,083097,12.506,37.846419,15.273652,10476,837.68
083106,Terme Vigliatore,19,Sicilia,083,Messina,ME,5,Isole,M210,ITG,ITG1,ITG13,083106,13.217,38.129509,15.153671,7363,557.09
083098,Torregrotta,19,Sicilia,083,Messina,ME,5,Isole,L271,ITG,ITG1,ITG13,083098,4.126,38.203896,15.349618,7283,1765.15
083108,Torrenova,19,Sicilia,083,Messina,ME,5,Isole,M286,ITG,ITG1,ITG13,083108,12.962,38.096339,14.692775,4483,345.86
083099,Tortorici,19,Sicilia,083,Messina,ME,5,Isole,L308,ITG,ITG1,ITG13,083099,69.872,37.994235,14.848289,5432,77.74
083100,Tripi,19,Sicilia,083,Messina,ME,5,Isole,L431,ITG,ITG1,ITG13,083100,54.507,38.037008,15.079796,704,12.92
083101,Tusa,19,Sicilia,083,Messina,ME,5,Isole,L478,ITG,ITG1,ITG13,083101,41.047,37.980405,14.242104,2480,60.42
083102,Ucria,19,Sicilia,083,Messina,ME,5,Isole,L482,ITG,ITG1,ITG13,083102,26.157,38.022721,14.885567,841,32.15
083103,Valdina,19,Sicilia,083,Messina,ME,5,Isole,L561,ITG,ITG1,ITG13,083103,2.65,38.205553,15.360955,1246,470.19
083104,Venetico,19,Sicilia,083,Messina,ME,5,Isole,L735,ITG,ITG1,ITG13,083104,4.338,38.202313,15.37364,3961,913.09
083105,Villafranca Tirrena,19,Sicilia,083,Messina,ME,5,Isole,L950,ITG,ITG1,ITG13,083105,14.19,38.217216,15.464353,7709,543.27
082001,Alia,19,Sicilia,082,Palermo,PA,5,Isole,A195,ITG,ITG1,ITG12,082001,45.609,37.762649,13.737666,3138,68.8
082002,Alimena,19,Sicilia,082,Palermo,PA,5,Isole,A202,ITG,ITG1,ITG12,082002,59.456,37.675822,14.112089,1822,30.64
082003,Aliminusa,19,Sicilia,082,Palermo,PA,5,Isole,A203,ITG,ITG1,ITG12,082003,13.444,37.865066,13.777017,1005,74.75
082004,Altavilla Milicia,19,Sicilia,082,Palermo,PA,5,Isole,A229,ITG,ITG1,ITG12,082004,23.807,38.018402,13.577468,9055,380.35
082005,Altofonte,19,Sicilia,082,Palermo,PA,5,Isole,A239,ITG,ITG1,ITG12,082005,35.212,38.029872,13.315124,9742,276.67
082006,Bagheria,19,Sicilia,082,Palermo,PA,5,Isole,A546,ITG,ITG1,ITG12,082006,29.943,38.075859,13.497433,53152,1775.11
082007,Balestrate,19,Sicilia,082,Palermo,PA,5,Isole,A592,ITG,ITG1,ITG12,082007,6.707,38.049356,13.01235,6379,951.1
082008,Baucina,19,Sicilia,082,Palermo,PA,5,Isole,A719,ITG,ITG1,ITG12,082008,24.267,37.933522,13.529577,1838,75.74
082009,Belmonte Mezzagno,19,Sicilia,082,Palermo,PA,5,Isole,A764,ITG,ITG1,ITG12,082009,29.455,38.036831,13.387555,10678,362.52
082010,Bisacquino,19,Sicilia,082,Palermo,PA,5,Isole,A882,ITG,ITG1,ITG12,082010,64.704,37.78936,13.154742,3938,60.86
082082,Blufi,19,Sicilia,082,Palermo,PA,5,Isole,M268,ITG,ITG1,ITG12,082082,22.091,37.750432,14.07316,822,37.21
082011,Bolognetta,19,Sicilia,082,Palermo,PA,5,Isole,A946,ITG,ITG1,ITG12,082011,27.104,37.980725,13.471035,4074,150.31
082012,Bompietro,19,Sicilia,082,Palermo,PA,5,Isole,A958,ITG,ITG1,ITG12,082012,42.378,37.721755,14.084408,1140,26.9
082013,Borgetto,19,Sicilia,082,Palermo,PA,5,Isole,A991,ITG,ITG1,ITG12,082013,26.02,38.041555,13.155736,7167,275.44
082014,Caccamo,19,Sicilia,082,Palermo,PA,5,Isole,B315,ITG,ITG1,ITG12,082014,187.096,37.8775,13.681803,7529,40.24
082015,Caltavuturo,19,Sicilia,082,Palermo,PA,5,Isole,B430,ITG,ITG1,ITG12,082015,97.537,37.780689,13.925763,3323,34.07
082016,Campofelice di Fitalia,19,Sicilia,082,Palermo,PA,5,Isole,B533,ITG,ITG1,ITG12,082016,35.061,37.813863,13.503515,411,11.72
082017,Campofelice di Roccella,19,Sicilia,082,Palermo,PA,5,Isole,B532,ITG,ITG1,ITG12,082017,14.185,37.989807,13.884505,7870,554.81
082018,Campofiorito,19,Sicilia,082,Palermo,PA,5,Isole,B535,ITG,ITG1,ITG12,082018,22.103,37.754607,13.264133,1113,50.36
082019,Camporeale,19,Sicilia,082,Palermo,PA,5,Isole,B556,ITG,ITG1,ITG12,082019,38.539,37.895181,13.095579,2842,73.74
082020,Capaci,19,Sicilia,082,Palermo,PA,5,Isole,B645,ITG,ITG1,ITG12,082020,6.193,38.166563,13.236521,11482,1854.03
082021,Carini,19,Sicilia,082,Palermo,PA,5,Isole,B780,ITG,ITG1,ITG12,082021,76.035,38.13015,13.181907,41134,540.99
082022,Castelbuono,19,Sicilia,082,Palermo,PA,5,Isole,C067,ITG,ITG1,ITG12,082022,60.723,37.930748,14.100873,7871,129.62
082023,Casteldaccia,19,Sicilia,082,Palermo,PA,5,Isole,C074,ITG,ITG1,ITG12,082023,33.743,38.011779,13.519444,11778,349.05
082024,Castellana Sicula,19,Sicilia,082,Palermo,PA,5,Isole,C135,ITG,ITG1,ITG12,082024,72.524,37.732214,14.026472,2885,39.78
082025,Castronovo di Sicilia,19,Sicilia,082,Palermo,PA,5,Isole,C344,ITG,ITG1,ITG12,082025,200.189,37.704372,13.617412,2729,13.63
082026,Cefalà Diana,19,Sicilia,082,Palermo,PA,5,Isole,C420,ITG,ITG1,ITG12,082026,8.971,37.912478,13.463236,962,107.23
082027,Cefalù,19,Sicilia,082,Palermo,PA,5,Isole,C421,ITG,ITG1,ITG12,082027,65.647,37.99433,14.040067,13846,210.92
082028,Cerda,19,Sicilia,082,Palermo,PA,5,Isole,C496,ITG,ITG1,ITG12,082028,43.775,37.90071,13.826143,4771,108.99
082029,Chiusa Sclafani,19,Sicilia,082,Palermo,PA,5,Isole,C654,ITG,ITG1,ITG12,082029,57.466,37.66513,13.284822,2378,41.38
082030,Ciminna,19,Sicilia,082,Palermo,PA,5,Isole,C696,ITG,ITG1,ITG12,082030,56.486,37.88207,13.554805,3319,58.76
082031,Cinisi,19,Sicilia,082,Palermo,PA,5,Isole,C708,ITG,ITG1,ITG12,082031,33.208,38.15393,13.113873,12201,367.41
082032,Collesano,19,Sicilia,082,Palermo,PA,5,Isole,C871,ITG,ITG1,ITG12,082032,107.569,37.933829,13.910461,3609,33.55
082033,Contessa Entellina,19,Sicilia,082,Palermo,PA,5,Isole,C968,ITG,ITG1,ITG12,082033,136.378,37.740952,13.099989,1437,10.54
082034,Corleone,19,Sicilia,082,Palermo,PA,5,Isole,D009,ITG,ITG1,ITG12,082034,228.598,37.794712,13.295824,10162,44.45
082035,Ficarazzi,19,Sicilia,082,Palermo,PA,5,Isole,D567,ITG,ITG1,ITG12,082035,3.486,38.089951,13.463964,12913,3704.25
082036,Gangi,19,Sicilia,082,Palermo,PA,5,Isole,D907,ITG,ITG1,ITG12,082036,127.096,37.746898,14.223947,5918,46.56
082037,Geraci Siculo,19,Sicilia,082,Palermo,PA,5,Isole,D977,ITG,ITG1,ITG12,082037,112.363,37.839494,14.193839,1636,14.56
082038,Giardinello,19,Sicilia,082,Palermo,PA,5,Isole,E013,ITG,ITG1,ITG12,082038,12.485,38.074658,13.169488,2229,178.53
082039,Giuliana,19,Sicilia,082,Palermo,PA,5,Isole,E055,ITG,ITG1,ITG12,082039,23.991,37.66142,13.226142,1626,67.78
082040,Godrano,19,Sicilia,082,Palermo,PA,5,Isole,E074,ITG,ITG1,ITG12,082040,39.239,37.861578,13.416222,981,25.0
082041,Gratteri,19,Sicilia,082,Palermo,PA,5,Isole,E149,ITG,ITG1,ITG12,082041,38.377,37.974039,13.976045,853,22.23
082042,Isnello,19,Sicilia,082,Palermo,PA,5,Isole,E337,ITG,ITG1,ITG12,082042,50.785,37.910808,14.005701,1393,27.43
082043,Isola delle Femmine,19,Sicilia,082,Palermo,PA,5,Isole,E350,ITG,ITG1,ITG12,082043,3.386,38.189378,13.249901,6963,2056.41
082044,Lascari,19,Sicilia,082,Palermo,PA,5,Isole,E459,ITG,ITG1,ITG12,082044,10.037,38.000294,13.933975,3769,375.51
082045,Lercara Friddi,19,Sicilia,082,Palermo,PA,5,Isole,E541,ITG,ITG1,ITG12,082045,37.393,37.744213,13.619691,6042,161.58
082046,Marineo,19,Sicilia,082,Palermo,PA,5,Isole,E957,ITG,ITG1,ITG12,082046,33.345,37.944321,13.428059,5944,178.26
082047,Mezzojuso,19,Sicilia,082,Palermo,PA,5,Isole,F184,ITG,ITG1,ITG12,082047,49.181,37.865122,13.472151,2499,50.81
082048,Misilmeri,19,Sicilia,082,Palermo,PA,5,Isole,F246,ITG,ITG1,ITG12,082048,69.19,38.019797,13.443907,29197,421.98
082049,Monreale,19,Sicilia,082,Palermo,PA,5,Isole,F377,ITG,ITG1,ITG12,082049,528.849,37.945956,13.085912,38844,73.45
082050,Montelepre,19,Sicilia,082,Palermo,PA,5,Isole,F544,ITG,ITG1,ITG12,082050,10.326,38.086596,13.178385,5653,547.45
082051,Montemaggiore Belsito,19,Sicilia,082,Palermo,PA,5,Isole,F553,ITG,ITG1,ITG12,082051,32.179,37.832987,13.767072,2745,85.3
082052,Palazzo Adriano,19,Sicilia,082,Palermo,PA,5,Isole,G263,ITG,ITG1,ITG12,082052,129.145,37.661527,13.387401,1694,13.12
082053,Palermo,19,Sicilia,082,Palermo,PA,5,Isole,G273,ITG,ITG1,ITG12,082053,159.672,38.141761,13.314831,626273,3922.25
082054,Partinico,19,Sicilia,082,Palermo,PA,5,Isole,G348,ITG,ITG1,ITG12,082054,107.817,38.016216,13.046216,30929,286.87
082055,Petralia Soprana,19,Sicilia,082,Palermo,PA,5,Isole,G510,ITG,ITG1,ITG12,082055,55.579,37.792265,14.12235,2807,50.5
082056,Petralia Sottana,19,Sicilia,082,Palermo,PA,5,Isole,G511,ITG,ITG1,ITG12,082056,176.938,37.744292,14.049074,2349,13.28
082057,Piana degli Albanesi,19,Sicilia,082,Palermo,PA,5,Isole,G543,ITG,ITG1,ITG12,082057,64.657,37.970934,13.292896,5171,79.98
082058,Polizzi Generosa,19,Sicilia,082,Palermo,PA,5,Isole,G792,ITG,ITG1,ITG12,082058,134.668,37.772954,13.97121,2745,20.38
082059,Pollina,19,Sicilia,082,Palermo,PA,5,Isole,G797,ITG,ITG1,ITG12,082059,49.584,37.992664,14.123654,2807,56.61
082060,Prizzi,19,Sicilia,082,Palermo,PA,5,Isole,H070,ITG,ITG1,ITG12,082060,94.809,37.735546,13.452221,3999,42.18
082061,Roccamena,19,Sicilia,082,Palermo,PA,5,Isole,H422,ITG,ITG1,ITG12,082061,33.258,37.822512,13.168371,1283,38.58
082062,Roccapalumba,19,Sicilia,082,Palermo,PA,5,Isole,H428,ITG,ITG1,ITG12,082062,31.571,37.802858,13.650743,2119,67.12
082063,San Cipirello,19,Sicilia,082,Palermo,PA,5,Isole,H797,ITG,ITG1,ITG12,082063,20.555,37.934445,13.178807,4787,232.89
082064,San Giuseppe Jato,19,Sicilia,082,Palermo,PA,5,Isole,H933,ITG,ITG1,ITG12,082064,29.945,37.96929,13.158934,7886,263.35
082065,San Mauro Castelverde,19,Sicilia,082,Palermo,PA,5,Isole,I028,ITG,ITG1,ITG12,082065,113.908,37.934568,14.200273,1279,11.23
082066,Santa Cristina Gela,19,Sicilia,082,Palermo,PA,5,Isole,I174,ITG,ITG1,ITG12,082066,38.654,37.977277,13.332958,1006,26.03
082067,Santa Flavia,19,Sicilia,082,Palermo,PA,5,Isole,I188,ITG,ITG1,ITG12,082067,14.282,38.065621,13.527291,10983,769.01
082068,Sciara,19,Sicilia,082,Palermo,PA,5,Isole,I534,ITG,ITG1,ITG12,082068,31.022,37.924671,13.751532,2424,78.14
082081,Scillato,19,Sicilia,082,Palermo,PA,5,Isole,I538,ITG,ITG1,ITG12,082081,31.678,37.862508,13.914751,564,17.8
082069,Sclafani Bagni,19,Sicilia,082,Palermo,PA,5,Isole,I541,ITG,ITG1,ITG12,082069,134.78,37.782011,13.780993,344,2.55
082070,Termini Imerese,19,Sicilia,082,Palermo,PA,5,Isole,L112,ITG,ITG1,ITG12,082070,76.554,37.955538,13.70305,24625,321.67
082071,Terrasini,19,Sicilia,082,Palermo,PA,5,Isole,L131,ITG,ITG1,ITG12,082071,19.861,38.116317,13.08214,13126,660.89
082072,Torretta,19,Sicilia,082,Palermo,PA,5,Isole,L282,ITG,ITG1,ITG12,082072,25.853,38.150204,13.228092,4440,171.74
082073,Trabia,19,Sicilia,082,Palermo,PA,5,Isole,L317,ITG,ITG1,ITG12,082073,21.733,37.988484,13.603783,10844,498.96
082074,Trappeto,19,Sicilia,082,Palermo,PA,5,Isole,L332,ITG,ITG1,ITG12,082074,3.995,38.0723,13.060644,3143,786.73
082075,Ustica,19,Sicilia,082,Palermo,PA,5,Isole,L519,ITG,ITG1,ITG12,082075,8.434,38.704096,13.175777,1323,156.87
082076,Valledolmo,19,Sicilia,082,Palermo,PA,5,Isole,L603,ITG,ITG1,ITG12,082076,25.775,37.755916,13.823361,3051,118.37
082077,Ventimiglia di Sicilia,19,Sicilia,082,Palermo,PA,5,Isole,L740,ITG,ITG1,ITG12,082077,27.016,37.983733,13.520193,1708,63.22
082078,Vicari,19,Sicilia,082,Palermo,PA,5,Isole,L837,ITG,ITG1,ITG12,082078,85.86,37.791778,13.576229,2347,27.34
082079,Villabate,19,Sicilia,082,Palermo,PA,5,Isole,L916,ITG,ITG1,ITG12,082079,3.854,38.077768,13.442442,19380,5028.54
082080,Villafrati,19,Sicilia,082,Palermo,PA,5,Isole,L951,ITG,ITG1,ITG12,082080,25.682,37.931105,13.486355,3064,119.31
088001,Acate,19,Sicilia,088,Ragusa,RG,5,Isole,A014,ITG,ITG1,ITG18,088001,101.899,37.012823,14.439567,10657,104.58
088002,Chiaramonte Gulfi,19,Sicilia,088,Ragusa,RG,5,Isole,C612,ITG,ITG1,ITG18,088002,127.123,37.048141,14.635221,8045,63.29
088003,Comiso,19,Sicilia,088,Ragusa,RG,5,Isole,C927,ITG,ITG1,ITG18,088003,64.313,36.970286,14.61767,30437,473.26
088004,Giarratana,19,Sicilia,088,Ragusa,RG,5,Isole,E016,ITG,ITG1,ITG18,088004,43.515,37.073571,14.806782,2994,68.8
088005,Ispica,19,Sicilia,088,Ragusa,RG,5,Isole,E366,ITG,ITG1,ITG18,088005,112.969,36.758871,14.926107,16706,147.88
088006,Modica,19,Sicilia,088,Ragusa,RG,5,Isole,F258,ITG,ITG1,ITG18,088006,291.048,36.835928,14.787398,53622,184.24
088007,Monterosso Almo,19,Sicilia,088,Ragusa,RG,5,Isole,F610,ITG,ITG1,ITG18,088007,56.206,37.07155,14.75675,2705,48.13
088008,Pozzallo,19,Sicilia,088,Ragusa,RG,5,Isole,G953,ITG,ITG1,ITG18,088008,15.277,36.737589,14.86329,18958,1240.95
088009,Ragusa,19,Sicilia,088,Ragusa,RG,5,Isole,H163,ITG,ITG1,ITG18,088009,442.105,36.908061,14.663623,74122,167.66
088010,Santa Croce Camerina,19,Sicilia,088,Ragusa,RG,5,Isole,I178,ITG,ITG1,ITG18,088010,40.598,36.823087,14.519975,11649,286.94
088011,Scicli,19,Sicilia,088,Ragusa,RG,5,Isole,I535,ITG,ITG1,ITG18,088011,137.901,36.779606,14.684668,26920,195.21
088012,Vittoria,19,Sicilia,088,Ragusa,RG,5,Isole,M088,ITG,ITG1,ITG18,088012,181.97,36.964271,14.496838,66329,364.51
089001,Augusta,19,Sicilia,089,Siracusa,SR,5,Isole,A494,ITG,ITG1,ITG19,089001,110.972,37.270194,15.187598,34697,312.66
089002,Avola,19,Sicilia,089,Siracusa,SR,5,Isole,A522,ITG,ITG1,ITG19,089002,74.309,36.923477,15.117526,30683,412.91
089003,Buccheri,19,Sicilia,089,Siracusa,SR,5,Isole,B237,ITG,ITG1,ITG19,089003,56.846,37.162786,14.874559,1692,29.76
089004,Buscemi,19,Sicilia,089,Siracusa,SR,5,Isole,B287,ITG,ITG1,ITG19,089004,51.972,37.081461,14.878742,935,17.99
089005,Canicattini Bagni,19,Sicilia,089,Siracusa,SR,5,Isole,B603,ITG,ITG1,ITG19,089005,14.961,37.03702,15.090598,6482,433.26
089006,Carlentini,19,Sicilia,089,Siracusa,SR,5,Isole,B787,ITG,ITG1,ITG19,089006,158.038,37.258057,14.989643,16883,106.83
089007,Cassaro,19,Sicilia,089,Siracusa,SR,5,Isole,C006,ITG,ITG1,ITG19,089007,19.621,37.101728,14.953188,721,36.75
089008,Ferla,19,Sicilia,089,Siracusa,SR,5,Isole,D540,ITG,ITG1,ITG19,089008,24.85,37.137801,14.934185,2219,89.3
089009,Floridia,19,Sicilia,089,Siracusa,SR,5,Isole,D636,ITG,ITG1,ITG19,089009,26.406,37.082973,15.107639,20997,795.16
089010,Francofonte,19,Sicilia,089,Siracusa,SR,5,Isole,D768,ITG,ITG1,ITG19,089010,74.115,37.22605,14.841012,11484,154.95
089011,Lentini,19,Sicilia,089,Siracusa,SR,5,Isole,E532,ITG,ITG1,ITG19,089011,215.253,37.328205,14.899182,21022,97.66
089012,Melilli,19,Sicilia,089,Siracusa,SR,5,Isole,F107,ITG,ITG1,ITG19,089012,135.32,37.216601,15.112383,13127,97.01
089013,Noto,19,Sicilia,089,Siracusa,SR,5,Isole,F943,ITG,ITG1,ITG19,089013,551.313,36.888381,15.017012,24656,44.72
089014,Pachino,19,Sicilia,089,Siracusa,SR,5,Isole,G211,ITG,ITG1,ITG19,089014,50.579,36.703173,15.063414,22355,441.98
089015,Palazzolo Acreide,19,Sicilia,089,Siracusa,SR,5,Isole,G267,ITG,ITG1,ITG19,089015,86.58,37.061283,14.933894,7912,91.38
089020,Portopalo di Capo Passero,19,Sicilia,089,Siracusa,SR,5,Isole,M257,ITG,ITG1,ITG19,089020,14.717,36.670722,15.090094,3890,264.32
089021,Priolo Gargallo,19,Sicilia,089,Siracusa,SR,5,Isole,M279,ITG,ITG1,ITG19,089021,56.885,37.143323,15.167984,11038,194.04
089016,Rosolini,19,Sicilia,089,Siracusa,SR,5,Isole,H574,ITG,ITG1,ITG19,089016,75.982,36.833957,14.917957,20655,271.84
089017,Siracusa,19,Sicilia,089,Siracusa,SR,5,Isole,I754,ITG,ITG1,ITG19,089017,206.675,37.031971,15.213504,115515,558.92
089018,Solarino,19,Sicilia,089,Siracusa,SR,5,Isole,I785,ITG,ITG1,ITG19,089018,13.104,37.102898,15.111007,7510,573.11
089019,Sortino,19,Sicilia,089,Siracusa,SR,5,Isole,I864,ITG,ITG1,ITG19,089019,91.91,37.14205,15.039517,7977,86.79
081001,Alcamo,19,Sicilia,081,Trapani,TP,5,Isole,A176,ITG,ITG1,ITG11,081001,130.684,37.969565,12.971889,44661,341.75
081002,Buseto Palizzolo,19,Sicilia,081,Trapani,TP,5,Isole,B288,ITG,ITG1,ITG11,081002,72.979,37.992507,12.734551,2727,37.37
081003,Calatafimi-Segesta,19,Sicilia,081,Trapani,TP,5,Isole,B385,ITG,ITG1,ITG11,081003,154.314,37.905537,12.866705,5955,38.59
081004,Campobello di Mazara,19,Sicilia,081,Trapani,TP,5,Isole,B521,ITG,ITG1,ITG11,081004,65.705,37.610621,12.713109,11121,169.26
081005,Castellammare del Golfo,19,Sicilia,081,Trapani,TP,5,Isole,C130,ITG,ITG1,ITG11,081005,126.415,38.01586,12.826766,14635,115.77
081006,Castelvetrano,19,Sicilia,081,Trapani,TP,5,Isole,C286,ITG,ITG1,ITG11,081006,207.307,37.664025,12.819996,29357,141.61
081007,Custonaci,19,Sicilia,081,Trapani,TP,5,Isole,D234,ITG,ITG1,ITG11,081007,70.545,38.074468,12.712278,5234,74.19
081008,Erice,19,Sicilia,081,Trapani,TP,5,Isole,D423,ITG,ITG1,ITG11,081008,47.827,38.0144,12.583117,25573,534.7
081009,Favignana,19,Sicilia,081,Trapani,TP,5,Isole,D518,ITG,ITG1,ITG11,081009,38.628,37.932014,12.299592,4540,117.53
081010,Gibellina,19,Sicilia,081,Trapani,TP,5,Isole,E023,ITG,ITG1,ITG11,081010,46.491,37.807405,12.961502,3636,78.21
081011,Marsala,19,Sicilia,081,Trapani,TP,5,Isole,E974,ITG,ITG1,ITG11,081011,243.24,37.823455,12.575765,79521,326.92
081012,Mazara del Vallo,19,Sicilia,081,Trapani,TP,5,Isole,F061,ITG,ITG1,ITG11,081012,274.632,37.688282,12.63384,50070,182.32
081025,Misiliscemi,19,Sicilia,081,Trapani,TP,5,Isole,M432,ITG,ITG1,ITG11,081025,92.819,37.913421,12.543608,8446,90.99
081013,Paceco,19,Sicilia,081,Trapani,TP,5,Isole,G208,ITG,ITG1,ITG11,081013,57.742,37.946065,12.607766,10544,182.61
081014,Pantelleria,19,Sicilia,081,Trapani,TP,5,Isole,G315,ITG,ITG1,ITG11,081014,84.182,36.786727,12.000183,7150,84.94
081015,Partanna,19,Sicilia,081,Trapani,TP,5,Isole,G347,ITG,ITG1,ITG11,081015,82.294,37.718794,12.894193,9835,119.51
081024,Petrosino,19,Sicilia,081,Trapani,TP,5,Isole,M281,ITG,ITG1,ITG11,081024,45.276,37.70438,12.510916,7883,174.11
081016,Poggioreale,19,Sicilia,081,Trapani,TP,5,Isole,G767,ITG,ITG1,ITG11,081016,37.72,37.785741,13.046668,1272,33.72
081017,Salaparuta,19,Sicilia,081,Trapani,TP,5,Isole,H688,ITG,ITG1,ITG11,081017,41.242,37.762497,12.984354,1560,37.83
081018,Salemi,19,Sicilia,081,Trapani,TP,5,Isole,H700,ITG,ITG1,ITG11,081018,181.664,37.820701,12.776101,9719,53.5
081020,San Vito Lo Capo,19,Sicilia,081,Trapani,TP,5,Isole,I407,ITG,ITG1,ITG11,081020,59.692,38.123966,12.758877,4865,81.5
081019,Santa Ninfa,19,Sicilia,081,Trapani,TP,5,Isole,I291,ITG,ITG1,ITG11,081019,63.07,37.781563,12.867651,4713,74.73
081021,Trapani,19,Sicilia,081,Trapani,TP,5,Isole,L331,ITG,ITG1,ITG11,081021,179.792,37.899855,12.712123,54636,303.88
081022,Valderice,19,Sicilia,081,Trapani,TP,5,Isole,G319,ITG,ITG1,ITG11,081022,52.157,38.032806,12.641914,11239,215.48
081023,Vita,19,Sicilia,081,Trapani,TP,5,Isole,M081,ITG,ITG1,ITG11,081023,9.131,37.858409,12.84743,1710,187.27
051001,Anghiari,09,Toscana,051,Arezzo,AR,3,Centro,A291,ITI,ITI1,ITI18,051001,130.422,43.528318,12.021638,5343,40.97
051002,Arezzo,09,Toscana,051,Arezzo,AR,3,Centro,A390,ITI,ITI1,ITI18,051002,384.392,43.442978,11.909864,96506,251.06
051003,Badia Tedalda,09,Toscana,051,Arezzo,AR,3,Centro,A541,ITI,ITI1,ITI18,051003,118.799,43.702603,12.148824,941,7.92
051004,Bibbiena,09,Toscana,051,Arezzo,AR,3,Centro,A851,ITI,ITI1,ITI18,051004,86.993,43.736122,11.848822,11971,137.61
051005,Bucine,09,Toscana,051,Arezzo,AR,3,Centro,B243,ITI,ITI1,ITI18,051005,131.696,43.426465,11.604452,9906,75.22
051006,Capolona,09,Toscana,051,Arezzo,AR,3,Centro,B670,ITI,ITI1,ITI18,051006,47.943,43.564605,11.827326,5203,108.52
051007,Caprese Michelangelo,09,Toscana,051,Arezzo,AR,3,Centro,B693,ITI,ITI1,ITI18,051007,66.502,43.640166,11.975535,1325,19.92
051008,Castel Focognano,09,Toscana,051,Arezzo,AR,3,Centro,C102,ITI,ITI1,ITI18,051008,56.282,43.63879,11.715351,2931,52.08
051010,Castel San Niccolò,09,Toscana,051,Arezzo,AR,3,Centro,C263,ITI,ITI1,ITI18,051010,83.205,43.71819,11.651367,2493,29.96
051040,Castelfranco Piandiscò,09,Toscana,051,Arezzo,AR,3,Centro,M322,ITI,ITI1,ITI18,051040,56.139,43.638505,11.556569,9808,174.71
051011,Castiglion Fibocchi,09,Toscana,051,Arezzo,AR,3,Centro,C318,ITI,ITI1,ITI18,051011,25.265,43.547452,11.761528,2122,83.99
051012,Castiglion Fiorentino,09,Toscana,051,Arezzo,AR,3,Centro,C319,ITI,ITI1,ITI18,051012,111.428,43.32085,11.909589,12823,115.08
051013,Cavriglia,09,Toscana,051,Arezzo,AR,3,Centro,C407,ITI,ITI1,ITI18,051013,60.444,43.533442,11.46587,9504,157.24
051014,Chitignano,09,Toscana,051,Arezzo,AR,3,Centro,C648,ITI,ITI1,ITI18,051014,15.141,43.665899,11.873829,872,57.59
051015,Chiusi della Verna,09,Toscana,051,Arezzo,AR,3,Centro,C663,ITI,ITI1,ITI18,051015,101.656,43.719988,11.952477,1892,18.61
051016,Civitella in Val di Chiana,09,Toscana,051,Arezzo,AR,3,Centro,C774,ITI,ITI1,ITI18,051016,100.195,43.424614,11.756432,8608,85.91
051017,Cortona,09,Toscana,051,Arezzo,AR,3,Centro,D077,ITI,ITI1,ITI18,051017,342.81,43.265574,12.012611,20725,60.46
051018,Foiano della Chiana,09,Toscana,051,Arezzo,AR,3,Centro,D649,ITI,ITI1,ITI18,051018,40.83,43.262871,11.807668,9026,221.06
051042,Laterina Pergine Valdarno,09,Toscana,051,Arezzo,AR,3,Centro,M392,ITI,ITI1,ITI18,051042,70.624,43.472959,11.676675,6291,89.08
051020,Loro Ciuffenna,09,Toscana,051,Arezzo,AR,3,Centro,E693,ITI,ITI1,ITI18,051020,87.033,43.603159,11.640568,5874,67.49
051021,Lucignano,09,Toscana,051,Arezzo,AR,3,Centro,E718,ITI,ITI1,ITI18,051021,44.851,43.275546,11.746036,3394,75.67
051022,Marciano della Chiana,09,Toscana,051,Arezzo,AR,3,Centro,E933,ITI,ITI1,ITI18,051022,23.797,43.317071,11.801052,3517,147.79
051025,Monte San Savino,09,Toscana,051,Arezzo,AR,3,Centro,F628,ITI,ITI1,ITI18,051025,89.9,43.345497,11.694715,8588,95.53
051023,Montemignaio,09,Toscana,051,Arezzo,AR,3,Centro,F565,ITI,ITI1,ITI18,051023,26.0,43.751876,11.606951,495,19.04
051024,Monterchi,09,Toscana,051,Arezzo,AR,3,Centro,F594,ITI,ITI1,ITI18,051024,29.774,43.470462,12.103844,1719,57.73
051026,Montevarchi,09,Toscana,051,Arezzo,AR,3,Centro,F656,ITI,ITI1,ITI18,051026,56.526,43.503519,11.555953,24044,425.36
051027,Ortignano Raggiolo,09,Toscana,051,Arezzo,AR,3,Centro,G139,ITI,ITI1,ITI18,051027,36.196,43.673749,11.716729,834,23.04
051030,Pieve Santo Stefano,09,Toscana,051,Arezzo,AR,3,Centro,G653,ITI,ITI1,ITI18,051030,155.986,43.678804,12.057937,2966,19.01
051031,Poppi,09,Toscana,051,Arezzo,AR,3,Centro,G879,ITI,ITI1,ITI18,051031,97.025,43.753752,11.772667,5732,59.08
051041,Pratovecchio Stia,09,Toscana,051,Arezzo,AR,3,Centro,M329,ITI,ITI1,ITI18,051041,138.272,43.817814,11.71123,5406,39.1
051033,San Giovanni Valdarno,09,Toscana,051,Arezzo,AR,3,Centro,H901,ITI,ITI1,ITI18,051033,21.539,43.558687,11.520493,16564,769.02
051034,Sansepolcro,09,Toscana,051,Arezzo,AR,3,Centro,I155,ITI,ITI1,ITI18,051034,90.728,43.591368,12.128488,15192,167.45
051035,Sestino,09,Toscana,051,Arezzo,AR,3,Centro,I681,ITI,ITI1,ITI18,051035,80.376,43.720621,12.245902,1150,14.31
051037,Subbiano,09,Toscana,051,Arezzo,AR,3,Centro,I991,ITI,ITI1,ITI18,051037,78.347,43.592968,11.921004,6405,81.75
051038,Talla,09,Toscana,051,Arezzo,AR,3,Centro,L038,ITI,ITI1,ITI18,051038,59.713,43.601075,11.766653,964,16.14
051039,Terranuova Bracciolini,09,Toscana,051,Arezzo,AR,3,Centro,L123,ITI,ITI1,ITI18,051039,85.193,43.558075,11.608832,12135,142.44
048001,Bagno a Ripoli,09,Toscana,048,Firenze,FI,3,Centro,A564,ITI,ITI1,ITI14,048001,73.826,43.731822,11.321856,24806,336.01
048054,Barberino Tavarnelle,09,Toscana,048,Firenze,FI,3,Centro,M408,ITI,ITI1,ITI14,048054,123.632,43.539906,11.202589,11983,96.92
048002,Barberino di Mugello,09,Toscana,048,Firenze,FI,3,Centro,A632,ITI,ITI1,ITI14,048002,132.941,44.023858,11.244469,10981,82.6
048004,Borgo San Lorenzo,09,Toscana,048,Firenze,FI,3,Centro,B036,ITI,ITI1,ITI14,048004,146.634,43.967762,11.39917,18412,125.56
048005,Calenzano,09,Toscana,048,Firenze,FI,3,Centro,B406,ITI,ITI1,ITI14,048005,77.474,43.897774,11.188176,18008,232.44
048006,Campi Bisenzio,09,Toscana,048,Firenze,FI,3,Centro,B507,ITI,ITI1,ITI14,048006,28.749,43.821819,11.132496,47435,1649.97
048008,Capraia e Limite,09,Toscana,048,Firenze,FI,3,Centro,B684,ITI,ITI1,ITI14,048008,24.995,43.758655,10.993153,7804,312.22
048010,Castelfiorentino,09,Toscana,048,Firenze,FI,3,Centro,C101,ITI,ITI1,ITI14,048010,66.196,43.622592,10.941793,17488,264.19
048011,Cerreto Guidi,09,Toscana,048,Firenze,FI,3,Centro,C529,ITI,ITI1,ITI14,048011,49.434,43.757018,10.859833,10659,215.62
048012,Certaldo,09,Toscana,048,Firenze,FI,3,Centro,C540,ITI,ITI1,ITI14,048012,75.253,43.556635,11.077817,15731,209.04
048013,Dicomano,09,Toscana,048,Firenze,FI,3,Centro,D299,ITI,ITI1,ITI14,048013,61.771,43.935645,11.554795,5610,90.82
048014,Empoli,09,Toscana,048,Firenze,FI,3,Centro,D403,ITI,ITI1,ITI14,048014,62.736,43.695074,10.946663,49526,789.44
048015,Fiesole,09,Toscana,048,Firenze,FI,3,Centro,D575,ITI,ITI1,ITI14,048015,42.165,43.818917,11.325425,13742,325.91
048052,Figline e Incisa Valdarno,09,Toscana,048,Firenze,FI,3,Centro,M321,ITI,ITI1,ITI14,048052,97.636,43.629261,11.424689,23291,238.55
048017,Firenze,09,Toscana,048,Firenze,FI,3,Centro,D612,ITI,ITI1,ITI14,048017,102.179,43.779038,11.244184,361625,3539.13
048018,Firenzuola,09,Toscana,048,Firenze,FI,3,Centro,D613,ITI,ITI1,ITI14,048018,271.733,44.142464,11.345331,4444,16.35
048019,Fucecchio,09,Toscana,048,Firenze,FI,3,Centro,D815,ITI,ITI1,ITI14,048019,65.294,43.758634,10.771475,22919,351.01
048020,Gambassi Terme,09,Toscana,048,Firenze,FI,3,Centro,D895,ITI,ITI1,ITI14,048020,83.2,43.52158,10.952211,4872,58.56
048021,Greve in Chianti,09,Toscana,048,Firenze,FI,3,Centro,E169,ITI,ITI1,ITI14,048021,169.541,43.608441,11.328996,13365,78.83
048022,Impruneta,09,Toscana,048,Firenze,FI,3,Centro,E291,ITI,ITI1,ITI14,048022,49.293,43.695937,11.260098,14186,287.79
048024,Lastra a Signa,09,Toscana,048,Firenze,FI,3,Centro,E466,ITI,ITI1,ITI14,048024,42.6,43.742651,11.082719,19880,466.67
048025,Londa,09,Toscana,048,Firenze,FI,3,Centro,E668,ITI,ITI1,ITI14,048025,59.299,43.852643,11.597258,1848,31.16
048026,Marradi,09,Toscana,048,Firenze,FI,3,Centro,E971,ITI,ITI1,ITI14,048026,154.285,44.059124,11.631095,2808,18.2
048027,Montaione,09,Toscana,048,Firenze,FI,3,Centro,F398,ITI,ITI1,ITI14,048027,105.03,43.556284,10.89428,3433,32.69
048028,Montelupo Fiorentino,09,Toscana,048,Firenze,FI,3,Centro,F551,ITI,ITI1,ITI14,048028,25.007,43.730786,11.01562,14272,570.72
048030,Montespertoli,09,Toscana,048,Firenze,FI,3,Centro,F648,ITI,ITI1,ITI14,048030,124.513,43.647209,11.068213,13197,105.99
048031,Palazzuolo sul Senio,09,Toscana,048,Firenze,FI,3,Centro,G270,ITI,ITI1,ITI14,048031,108.852,44.107336,11.525393,1095,10.06
048032,Pelago,09,Toscana,048,Firenze,FI,3,Centro,G420,ITI,ITI1,ITI14,048032,54.734,43.775823,11.519273,7966,145.54
048033,Pontassieve,09,Toscana,048,Firenze,FI,3,Centro,G825,ITI,ITI1,ITI14,048033,114.193,43.827295,11.411936,20122,176.21
048035,Reggello,09,Toscana,048,Firenze,FI,3,Centro,H222,ITI,ITI1,ITI14,048035,121.514,43.696887,11.532319,16555,136.24
048036,Rignano sull'Arno,09,Toscana,048,Firenze,FI,3,Centro,H286,ITI,ITI1,ITI14,048036,54.291,43.728001,11.425342,8511,156.77
048037,Rufina,09,Toscana,048,Firenze,FI,3,Centro,H635,ITI,ITI1,ITI14,048037,45.992,43.823407,11.525938,7103,154.44
048038,San Casciano in Val di Pesa,09,Toscana,048,Firenze,FI,3,Centro,H791,ITI,ITI1,ITI14,048038,106.911,43.646154,11.207227,16288,152.35
048039,San Godenzo,09,Toscana,048,Firenze,FI,3,Centro,H937,ITI,ITI1,ITI14,048039,99.294,43.936541,11.628785,1115,11.23
048041,Scandicci,09,Toscana,048,Firenze,FI,3,Centro,B962,ITI,ITI1,ITI14,048041,59.967,43.734898,11.157752,49135,819.37
048053,Scarperia e San Piero,09,Toscana,048,Firenze,FI,3,Centro,M326,ITI,ITI1,ITI14,048053,116.255,44.00005,11.3486,11943,102.73
048043,Sesto Fiorentino,09,Toscana,048,Firenze,FI,3,Centro,I684,ITI,ITI1,ITI14,048043,48.1,43.839297,11.231221,49237,1023.64
048044,Signa,09,Toscana,048,Firenze,FI,3,Centro,I728,ITI,ITI1,ITI14,048044,18.951,43.793421,11.102734,18990,1002.06
048046,Vaglia,09,Toscana,048,Firenze,FI,3,Centro,L529,ITI,ITI1,ITI14,048046,56.702,43.884332,11.291366,5371,94.72
048049,Vicchio,09,Toscana,048,Firenze,FI,3,Centro,L838,ITI,ITI1,ITI14,048049,137.902,43.95237,11.483799,8164,59.2
048050,Vinci,09,Toscana,048,Firenze,FI,3,Centro,M059,ITI,ITI1,ITI14,048050,54.071,43.769876,10.927377,14574,269.53
053001,Arcidosso,09,Toscana,053,Grosseto,GR,3,Centro,A369,ITI,ITI1,ITI1A,053001,93.66,42.853842,11.468176,4341,46.35
053002,Campagnatico,09,Toscana,053,Grosseto,GR,3,Centro,B497,ITI,ITI1,ITI1A,053002,162.045,42.857576,11.250935,2345,14.47
053003,Capalbio,09,Toscana,053,Grosseto,GR,3,Centro,B646,ITI,ITI1,ITI1A,053003,187.607,42.452252,11.431947,3660,19.51
053004,Castel del Piano,09,Toscana,053,Grosseto,GR,3,Centro,C085,ITI,ITI1,ITI1A,053004,68.05,42.931177,11.476988,4803,70.58
053005,Castell'Azzara,09,Toscana,053,Grosseto,GR,3,Centro,C147,ITI,ITI1,ITI1A,053005,63.938,42.758399,11.654306,1254,19.61
053006,Castiglione della Pescaia,09,Toscana,053,Grosseto,GR,3,Centro,C310,ITI,ITI1,ITI1A,053006,209.373,42.819604,10.88982,7056,33.7
053007,Cinigiano,09,Toscana,053,Grosseto,GR,3,Centro,C705,ITI,ITI1,ITI1A,053007,160.725,42.900546,11.386357,2466,15.34
053008,Civitella Paganico,09,Toscana,053,Grosseto,GR,3,Centro,C782,ITI,ITI1,ITI1A,053008,193.547,42.99982,11.30065,2953,15.26
053009,Follonica,09,Toscana,053,Grosseto,GR,3,Centro,D656,ITI,ITI1,ITI1A,053009,55.972,42.96291,10.763288,20000,357.32
053010,Gavorrano,09,Toscana,053,Grosseto,GR,3,Centro,D948,ITI,ITI1,ITI1A,053010,164.919,42.938955,10.942297,8356,50.67
053011,Grosseto,09,Toscana,053,Grosseto,GR,3,Centro,E202,ITI,ITI1,ITI1A,053011,473.208,42.773944,11.069019,81275,171.75
053012,Isola del Giglio,09,Toscana,053,Grosseto,GR,3,Centro,E348,ITI,ITI1,ITI1A,053012,23.841,42.354945,10.895022,1279,53.65
053013,Magliano in Toscana,09,Toscana,053,Grosseto,GR,3,Centro,E810,ITI,ITI1,ITI1A,053013,250.992,42.648031,11.249383,3249,12.94
053014,Manciano,09,Toscana,053,Grosseto,GR,3,Centro,E875,ITI,ITI1,ITI1A,053014,373.136,42.577172,11.472415,6850,18.36
053015,Massa Marittima,09,Toscana,053,Grosseto,GR,3,Centro,F032,ITI,ITI1,ITI1A,053015,282.813,43.049398,10.906353,8197,28.98
053016,Monte Argentario,09,Toscana,053,Grosseto,GR,3,Centro,F437,ITI,ITI1,ITI1A,053016,60.482,42.403993,11.150084,11605,191.88
053027,Monterotondo Marittimo,09,Toscana,053,Grosseto,GR,3,Centro,F612,ITI,ITI1,ITI1A,053027,102.424,43.115154,10.812879,1274,12.44
053017,Montieri,09,Toscana,053,Grosseto,GR,3,Centro,F677,ITI,ITI1,ITI1A,053017,108.818,43.11361,11.027274,1189,10.93
053018,Orbetello,09,Toscana,053,Grosseto,GR,3,Centro,G088,ITI,ITI1,ITI1A,053018,226.248,42.503386,11.25902,13917,61.51
053019,Pitigliano,09,Toscana,053,Grosseto,GR,3,Centro,G716,ITI,ITI1,ITI1A,053019,101.914,42.610047,11.633533,3515,34.49
053020,Roccalbegna,09,Toscana,053,Grosseto,GR,3,Centro,H417,ITI,ITI1,ITI1A,053020,124.341,42.768685,11.47085,909,7.31
053021,Roccastrada,09,Toscana,053,Grosseto,GR,3,Centro,H449,ITI,ITI1,ITI1A,053021,283.987,42.993739,11.124352,8767,30.87
053022,Santa Fiora,09,Toscana,053,Grosseto,GR,3,Centro,I187,ITI,ITI1,ITI1A,053022,63.329,42.825385,11.584582,2504,39.54
053023,Scansano,09,Toscana,053,Grosseto,GR,3,Centro,I504,ITI,ITI1,ITI1A,053023,273.306,42.700052,11.359662,4360,15.95
053024,Scarlino,09,Toscana,053,Grosseto,GR,3,Centro,I510,ITI,ITI1,ITI1A,053024,87.925,42.902242,10.834867,3680,41.85
053025,Seggiano,09,Toscana,053,Grosseto,GR,3,Centro,I571,ITI,ITI1,ITI1A,053025,49.504,42.929821,11.571033,1054,21.29
053028,Semproniano,09,Toscana,053,Grosseto,GR,3,Centro,I601,ITI,ITI1,ITI1A,053028,81.999,42.730346,11.550224,1022,12.46
053026,Sorano,09,Toscana,053,Grosseto,GR,3,Centro,I841,ITI,ITI1,ITI1A,053026,174.712,42.696239,11.701677,2983,17.07
049001,Bibbona,09,Toscana,049,Livorno,LI,3,Centro,A852,ITI,ITI1,ITI16,049001,65.623,43.266519,10.591109,3172,48.34
049002,Campiglia Marittima,09,Toscana,049,Livorno,LI,3,Centro,B509,ITI,ITI1,ITI16,049002,83.204,43.038745,10.605013,12235,147.05
049003,Campo nell'Elba,09,Toscana,049,Livorno,LI,3,Centro,B553,ITI,ITI1,ITI16,049003,56.172,42.753494,10.204397,4629,82.41
049004,Capoliveri,09,Toscana,049,Livorno,LI,3,Centro,B669,ITI,ITI1,ITI16,049004,39.619,42.744421,10.385937,3970,100.2
049005,Capraia Isola,09,Toscana,049,Livorno,LI,3,Centro,B685,ITI,ITI1,ITI16,049005,19.38,43.037374,9.821846,347,17.91
049006,Castagneto Carducci,09,Toscana,049,Livorno,LI,3,Centro,C044,ITI,ITI1,ITI16,049006,142.502,43.174788,10.593046,8639,60.62
049007,Cecina,09,Toscana,049,Livorno,LI,3,Centro,C415,ITI,ITI1,ITI16,049007,42.514,43.321784,10.501778,28022,659.12
049008,Collesalvetti,09,Toscana,049,Livorno,LI,3,Centro,C869,ITI,ITI1,ITI16,049008,107.934,43.559866,10.440979,16390,151.85
049009,Livorno,09,Toscana,049,Livorno,LI,3,Centro,E625,ITI,ITI1,ITI16,049009,105.391,43.522708,10.363942,152451,1446.53
049010,Marciana,09,Toscana,049,Livorno,LI,3,Centro,E930,ITI,ITI1,ITI16,049010,45.338,42.777613,10.1518,2049,45.19
049011,Marciana Marina,09,Toscana,049,Livorno,LI,3,Centro,E931,ITI,ITI1,ITI16,049011,5.964,42.799746,10.196595,1852,310.53
049012,Piombino,09,Toscana,049,Livorno,LI,3,Centro,G687,ITI,ITI1,ITI16,049012,131.211,42.972187,10.610018,32374,246.73
049013,Porto Azzurro,09,Toscana,049,Livorno,LI,3,Centro,E680,ITI,ITI1,ITI16,049013,13.42,42.777586,10.389278,3687,274.74
049014,Portoferraio,09,Toscana,049,Livorno,LI,3,Centro,G912,ITI,ITI1,ITI16,049014,48.122,42.798497,10.299019,11748,244.13
049021,Rio,09,Toscana,049,Livorno,LI,3,Centro,M391,ITI,ITI1,ITI16,049021,36.611,42.822779,10.401953,3427,93.61
049017,Rosignano Marittimo,09,Toscana,049,Livorno,LI,3,Centro,H570,ITI,ITI1,ITI16,049017,120.668,43.413312,10.450886,30103,249.47
049018,San Vincenzo,09,Toscana,049,Livorno,LI,3,Centro,I390,ITI,ITI1,ITI16,049018,33.155,43.063981,10.551018,6342,191.28
049019,Sassetta,09,Toscana,049,Livorno,LI,3,Centro,I454,ITI,ITI1,ITI16,049019,27.072,43.139726,10.661674,554,20.46
049020,Suvereto,09,Toscana,049,Livorno,LI,3,Centro,L019,ITI,ITI1,ITI16,049020,92.335,43.055387,10.713192,2902,31.43
046001,Altopascio,09,Toscana,046,Lucca,LU,3,Centro,A241,ITI,ITI1,ITI12,046001,28.646,43.817127,10.67943,16186,565.04
046002,Bagni di Lucca,09,Toscana,046,Lucca,LU,3,Centro,A560,ITI,ITI1,ITI12,046002,165.029,44.03627,10.646099,5476,33.18
046003,Barga,09,Toscana,046,Lucca,LU,3,Centro,A657,ITI,ITI1,ITI12,046003,66.291,44.096605,10.507251,9293,140.18
046004,Borgo a Mozzano,09,Toscana,046,Lucca,LU,3,Centro,B007,ITI,ITI1,ITI12,046004,72.057,43.977541,10.533084,6683,92.75
046005,Camaiore,09,Toscana,046,Lucca,LU,3,Centro,B455,ITI,ITI1,ITI12,046005,84.859,43.927349,10.324917,31763,374.3
046006,Camporgiano,09,Toscana,046,Lucca,LU,3,Centro,B557,ITI,ITI1,ITI12,046006,26.963,44.142774,10.339035,1982,73.51
046007,Capannori,09,Toscana,046,Lucca,LU,3,Centro,B648,ITI,ITI1,ITI12,046007,155.92,43.845075,10.580135,46739,299.76
046008,Careggine,09,Toscana,046,Lucca,LU,3,Centro,B760,ITI,ITI1,ITI12,046008,24.286,44.09974,10.32776,487,20.05
046009,Castelnuovo di Garfagnana,09,Toscana,046,Lucca,LU,3,Centro,C236,ITI,ITI1,ITI12,046009,28.643,44.104607,10.390639,5605,195.68
046010,Castiglione di Garfagnana,09,Toscana,046,Lucca,LU,3,Centro,C303,ITI,ITI1,ITI12,046010,48.479,44.178436,10.466242,1685,34.76
046011,Coreglia Antelminelli,09,Toscana,046,Lucca,LU,3,Centro,C996,ITI,ITI1,ITI12,046011,53.106,44.069269,10.55384,5075,95.56
046036,Fabbriche di Vergemoli,09,Toscana,046,Lucca,LU,3,Centro,M319,ITI,ITI1,ITI12,046036,42.22,44.027157,10.367751,695,16.46
046013,Forte dei Marmi,09,Toscana,046,Lucca,LU,3,Centro,D730,ITI,ITI1,ITI12,046013,9.26,43.962137,10.179347,6550,707.34
046014,Fosciandora,09,Toscana,046,Lucca,LU,3,Centro,D734,ITI,ITI1,ITI12,046014,20.178,44.128455,10.472162,553,27.41
046015,Gallicano,09,Toscana,046,Lucca,LU,3,Centro,D874,ITI,ITI1,ITI12,046015,31.205,44.044173,10.427529,3592,115.11
046017,Lucca,09,Toscana,046,Lucca,LU,3,Centro,E715,ITI,ITI1,ITI12,046017,186.074,43.85729,10.463574,88464,475.42
046018,Massarosa,09,Toscana,046,Lucca,LU,3,Centro,F035,ITI,ITI1,ITI12,046018,67.943,43.869336,10.325823,21782,320.59
046019,Minucciano,09,Toscana,046,Lucca,LU,3,Centro,F225,ITI,ITI1,ITI12,046019,57.29,44.172182,10.232265,1713,29.9
046020,Molazzana,09,Toscana,046,Lucca,LU,3,Centro,F283,ITI,ITI1,ITI12,046020,31.254,44.065073,10.377481,953,30.49
046021,Montecarlo,09,Toscana,046,Lucca,LU,3,Centro,F452,ITI,ITI1,ITI12,046021,16.039,43.849253,10.671363,4343,270.78
046022,Pescaglia,09,Toscana,046,Lucca,LU,3,Centro,G480,ITI,ITI1,ITI12,046022,70.563,43.953431,10.409608,3154,44.7
046023,Piazza al Serchio,09,Toscana,046,Lucca,LU,3,Centro,G582,ITI,ITI1,ITI12,046023,27.322,44.192965,10.284538,2031,74.34
046024,Pietrasanta,09,Toscana,046,Lucca,LU,3,Centro,G628,ITI,ITI1,ITI12,046024,42.25,43.949204,10.22501,22678,536.76
046025,Pieve Fosciana,09,Toscana,046,Lucca,LU,3,Centro,G648,ITI,ITI1,ITI12,046025,28.528,44.145566,10.462664,2184,76.56
046026,Porcari,09,Toscana,046,Lucca,LU,3,Centro,G882,ITI,ITI1,ITI12,046026,18.016,43.826697,10.61771,8908,494.45
046027,San Romano in Garfagnana,09,Toscana,046,Lucca,LU,3,Centro,I142,ITI,ITI1,ITI12,046027,26.042,44.185254,10.335913,1295,49.73
046028,Seravezza,09,Toscana,046,Lucca,LU,3,Centro,I622,ITI,ITI1,ITI12,046028,39.541,44.019615,10.22775,12284,310.66
046037,Sillano Giuncugnano,09,Toscana,046,Lucca,LU,3,Centro,M347,ITI,ITI1,ITI12,046037,81.276,44.233251,10.342292,965,11.87
046030,Stazzema,09,Toscana,046,Lucca,LU,3,Centro,I942,ITI,ITI1,ITI12,046030,80.305,44.014522,10.309946,2783,34.66
046031,Vagli Sotto,09,Toscana,046,Lucca,LU,3,Centro,L533,ITI,ITI1,ITI12,046031,41.309,44.108917,10.269419,761,18.42
046033,Viareggio,09,Toscana,046,Lucca,LU,3,Centro,L833,ITI,ITI1,ITI12,046033,32.77,43.856598,10.266369,60680,1851.69
046034,Villa Basilica,09,Toscana,046,Lucca,LU,3,Centro,L913,ITI,ITI1,ITI12,046034,36.35,43.947007,10.631701,1460,40.17
046035,Villa Collemandina,09,Toscana,046,Lucca,LU,3,Centro,L926,ITI,ITI1,ITI12,046035,34.728,44.192529,10.390801,1155,33.26
045001,Aulla,09,Toscana,045,Massa-Carrara,MS,3,Centro,A496,ITI,ITI1,ITI11,045001,59.81,44.207445,9.999499,10915,182.49
045002,Bagnone,09,Toscana,045,Massa-Carrara,MS,3,Centro,A576,ITI,ITI1,ITI11,045002,74.318,44.324803,10.015354,1686,22.69
045003,Carrara,09,Toscana,045,Massa-Carrara,MS,3,Centro,B832,ITI,ITI1,ITI11,045003,71.1,44.076243,10.104247,59723,839.99
045004,Casola in Lunigiana,09,Toscana,045,Massa-Carrara,MS,3,Centro,B979,ITI,ITI1,ITI11,045004,42.002,44.200697,10.163495,901,21.45
045005,Comano,09,Toscana,045,Massa-Carrara,MS,3,Centro,C914,ITI,ITI1,ITI11,045005,53.958,44.311428,10.145945,636,11.79
045006,Filattiera,09,Toscana,045,Massa-Carrara,MS,3,Centro,D590,ITI,ITI1,ITI11,045006,48.666,44.358407,9.939707,2147,44.12
045007,Fivizzano,09,Toscana,045,Massa-Carrara,MS,3,Centro,D629,ITI,ITI1,ITI11,045007,180.846,44.209442,10.090854,6886,38.08
045008,Fosdinovo,09,Toscana,045,Massa-Carrara,MS,3,Centro,D735,ITI,ITI1,ITI11,045008,48.21,44.136954,10.032501,4580,95.0
045009,Licciana Nardi,09,Toscana,045,Massa-Carrara,MS,3,Centro,E574,ITI,ITI1,ITI11,045009,55.959,44.286716,10.057359,4706,84.1
045010,Massa,09,Toscana,045,Massa-Carrara,MS,3,Centro,F023,ITI,ITI1,ITI11,045010,93.941,44.050947,10.161675,65547,697.75
045011,Montignoso,09,Toscana,045,Massa-Carrara,MS,3,Centro,F679,ITI,ITI1,ITI11,045011,16.977,44.006517,10.165523,10050,591.98
045012,Mulazzo,09,Toscana,045,Massa-Carrara,MS,3,Centro,F802,ITI,ITI1,ITI11,045012,62.354,44.296312,9.878558,2269,36.39
045013,Podenzana,09,Toscana,045,Massa-Carrara,MS,3,Centro,G746,ITI,ITI1,ITI11,045013,17.24,44.211107,9.937865,2153,124.88
045014,Pontremoli,09,Toscana,045,Massa-Carrara,MS,3,Centro,G870,ITI,ITI1,ITI11,045014,182.838,44.397494,9.850609,6867,37.56
045015,Tresana,09,Toscana,045,Massa-Carrara,MS,3,Centro,L386,ITI,ITI1,ITI11,045015,44.644,44.244123,9.908221,1880,42.11
045016,Villafranca in Lunigiana,09,Toscana,045,Massa-Carrara,MS,3,Centro,L946,ITI,ITI1,ITI11,045016,28.894,44.295609,9.960439,4801,166.16
045017,Zeri,09,Toscana,045,Massa-Carrara,MS,3,Centro,M169,ITI,ITI1,ITI11,045017,73.535,44.336886,9.772342,890,12.1
050001,Bientina,09,Toscana,050,Pisa,PI,3,Centro,A864,ITI,ITI1,ITI17,050001,29.58,43.742166,10.643465,8681,293.48
050002,Buti,09,Toscana,050,Pisa,PI,3,Centro,B303,ITI,ITI1,ITI17,050002,22.945,43.738424,10.586003,5532,241.1
050003,Calci,09,Toscana,050,Pisa,PI,3,Centro,B390,ITI,ITI1,ITI17,050003,25.508,43.729971,10.522246,6263,245.53
050004,Calcinaia,09,Toscana,050,Pisa,PI,3,Centro,B392,ITI,ITI1,ITI17,050004,14.859,43.681377,10.622786,12824,863.05
050005,Capannoli,09,Toscana,050,Pisa,PI,3,Centro,B647,ITI,ITI1,ITI17,050005,22.951,43.583543,10.67519,6339,276.2
050006,Casale Marittimo,09,Toscana,050,Pisa,PI,3,Centro,B878,ITI,ITI1,ITI17,050006,14.637,43.294954,10.614174,1047,71.53
050040,Casciana Terme Lari,09,Toscana,050,Pisa,PI,3,Centro,M327,ITI,ITI1,ITI17,050040,81.386,43.559013,10.598205,12110,148.8
050008,Cascina,09,Toscana,050,Pisa,PI,3,Centro,B950,ITI,ITI1,ITI17,050008,78.755,43.669521,10.506375,44816,569.06
050009,Castelfranco di Sotto,09,Toscana,050,Pisa,PI,3,Centro,C113,ITI,ITI1,ITI17,050009,47.538,43.748451,10.723751,13752,289.28
050010,Castellina Marittima,09,Toscana,050,Pisa,PI,3,Centro,C174,ITI,ITI1,ITI17,050010,45.811,43.397363,10.546927,1948,42.52
050011,Castelnuovo di Val di Cecina,09,Toscana,050,Pisa,PI,3,Centro,C244,ITI,ITI1,ITI17,050011,88.833,43.197547,10.881198,2055,23.13
050012,Chianni,09,Toscana,050,Pisa,PI,3,Centro,C609,ITI,ITI1,ITI17,050012,62.103,43.46399,10.640706,1276,20.55
050041,Crespina Lorenzana,09,Toscana,050,Pisa,PI,3,Centro,M328,ITI,ITI1,ITI17,050041,46.119,43.564943,10.555577,5339,115.77
050014,Fauglia,09,Toscana,050,Pisa,PI,3,Centro,D510,ITI,ITI1,ITI17,050014,42.641,43.568325,10.506889,3655,85.72
050015,Guardistallo,09,Toscana,050,Pisa,PI,3,Centro,E250,ITI,ITI1,ITI17,050015,23.572,43.312318,10.613419,1201,50.95
050016,Lajatico,09,Toscana,050,Pisa,PI,3,Centro,E413,ITI,ITI1,ITI17,050016,72.74,43.464821,10.730367,1252,17.21
050019,Montecatini Val di Cecina,09,Toscana,050,Pisa,PI,3,Centro,F458,ITI,ITI1,ITI17,050019,155.138,43.328888,10.704005,1689,10.89
050020,Montescudaio,09,Toscana,050,Pisa,PI,3,Centro,F640,ITI,ITI1,ITI17,050020,19.996,43.327536,10.592584,2192,109.62
050021,Monteverdi Marittimo,09,Toscana,050,Pisa,PI,3,Centro,F661,ITI,ITI1,ITI17,050021,98.104,43.17759,10.710277,769,7.84
050022,Montopoli in Val d'Arno,09,Toscana,050,Pisa,PI,3,Centro,F686,ITI,ITI1,ITI17,050022,30.657,43.667169,10.735088,11261,367.32
050023,Orciano Pisano,09,Toscana,050,Pisa,PI,3,Centro,G090,ITI,ITI1,ITI17,050023,11.934,43.49524,10.502529,635,53.21
050024,Palaia,09,Toscana,050,Pisa,PI,3,Centro,G254,ITI,ITI1,ITI17,050024,73.541,43.604559,10.763609,4562,62.03
050025,Peccioli,09,Toscana,050,Pisa,PI,3,Centro,G395,ITI,ITI1,ITI17,050025,92.376,43.530562,10.76932,4635,50.18
050026,Pisa,09,Toscana,050,Pisa,PI,3,Centro,G702,ITI,ITI1,ITI17,050026,185.024,43.664124,10.357553,90146,487.21
050027,Pomarance,09,Toscana,050,Pisa,PI,3,Centro,G804,ITI,ITI1,ITI17,050027,227.517,43.251238,10.835843,5254,23.09
050028,Ponsacco,09,Toscana,050,Pisa,PI,3,Centro,G822,ITI,ITI1,ITI17,050028,20.118,43.61732,10.631341,15693,780.05
050029,Pontedera,09,Toscana,050,Pisa,PI,3,Centro,G843,ITI,ITI1,ITI17,050029,45.904,43.645894,10.640788,30028,654.15
050030,Riparbella,09,Toscana,050,Pisa,PI,3,Centro,H319,ITI,ITI1,ITI17,050030,58.891,43.377936,10.613891,1692,28.73
050031,San Giuliano Terme,09,Toscana,050,Pisa,PI,3,Centro,A562,ITI,ITI1,ITI17,050031,92.269,43.766516,10.405625,30867,334.53
050032,San Miniato,09,Toscana,050,Pisa,PI,3,Centro,I046,ITI,ITI1,ITI17,050032,102.035,43.66548,10.8442,27769,272.15
050033,Santa Croce sull'Arno,09,Toscana,050,Pisa,PI,3,Centro,I177,ITI,ITI1,ITI17,050033,16.855,43.721122,10.771034,15114,896.71
050034,Santa Luce,09,Toscana,050,Pisa,PI,3,Centro,I217,ITI,ITI1,ITI17,050034,66.353,43.467845,10.54751,1580,23.81
050035,Santa Maria a Monte,09,Toscana,050,Pisa,PI,3,Centro,I232,ITI,ITI1,ITI17,050035,38.233,43.706969,10.685404,13473,352.39
050036,Terricciola,09,Toscana,050,Pisa,PI,3,Centro,L138,ITI,ITI1,ITI17,050036,43.069,43.529328,10.676623,4373,101.53
050037,Vecchiano,09,Toscana,050,Pisa,PI,3,Centro,L702,ITI,ITI1,ITI17,050037,67.794,43.786569,10.339824,11822,174.38
050038,Vicopisano,09,Toscana,050,Pisa,PI,3,Centro,L850,ITI,ITI1,ITI17,050038,26.778,43.698569,10.554918,8582,320.49
050039,Volterra,09,Toscana,050,Pisa,PI,3,Centro,M126,ITI,ITI1,ITI17,050039,253.002,43.399723,10.895217,9362,37.0
047023,Abetone Cutigliano,09,Toscana,047,Pistoia,PT,3,Centro,M376,ITI,ITI1,ITI13,047023,74.931,44.122568,10.701865,1834,24.48
047002,Agliana,09,Toscana,047,Pistoia,PT,3,Centro,A071,ITI,ITI1,ITI13,047002,11.748,43.896141,11.002609,17984,1530.81
047003,Buggiano,09,Toscana,047,Pistoia,PT,3,Centro,B251,ITI,ITI1,ITI13,047003,16.168,43.891865,10.732657,8738,540.45
047022,Chiesina Uzzanese,09,Toscana,047,Pistoia,PT,3,Centro,C631,ITI,ITI1,ITI13,047022,7.086,43.837608,10.723521,4619,651.85
047005,Lamporecchio,09,Toscana,047,Pistoia,PT,3,Centro,E432,ITI,ITI1,ITI13,047005,21.987,43.819542,10.913644,7360,334.74
047006,Larciano,09,Toscana,047,Pistoia,PT,3,Centro,E451,ITI,ITI1,ITI13,047006,25.476,43.829348,10.868859,6341,248.9
047007,Marliana,09,Toscana,047,Pistoia,PT,3,Centro,E960,ITI,ITI1,ITI13,047007,42.703,43.961827,10.791389,3353,78.52
047008,Massa e Cozzile,09,Toscana,047,Pistoia,PT,3,Centro,F025,ITI,ITI1,ITI13,047008,16.308,43.899842,10.752138,7752,475.35
047009,Monsummano Terme,09,Toscana,047,Pistoia,PT,3,Centro,F384,ITI,ITI1,ITI13,047009,32.569,43.854216,10.833186,20863,640.58
047010,Montale,09,Toscana,047,Pistoia,PT,3,Centro,F410,ITI,ITI1,ITI13,047010,32.26,43.948519,11.016991,10463,324.33
047011,Montecatini-Terme,09,Toscana,047,Pistoia,PT,3,Centro,A561,ITI,ITI1,ITI13,047011,17.576,43.890661,10.774907,21805,1240.61
047012,Pescia,09,Toscana,047,Pistoia,PT,3,Centro,G491,ITI,ITI1,ITI13,047012,78.713,43.939272,10.70536,19213,244.09
047013,Pieve a Nievole,09,Toscana,047,Pistoia,PT,3,Centro,G636,ITI,ITI1,ITI13,047013,12.966,43.868403,10.791964,9235,712.25
047014,Pistoia,09,Toscana,047,Pistoia,PT,3,Centro,G713,ITI,ITI1,ITI13,047014,236.514,43.987719,10.91031,89094,376.7
047016,Ponte Buggianese,09,Toscana,047,Pistoia,PT,3,Centro,G833,ITI,ITI1,ITI13,047016,29.826,43.829492,10.767592,8893,298.16
047017,Quarrata,09,Toscana,047,Pistoia,PT,3,Centro,H109,ITI,ITI1,ITI13,047017,46.051,43.853715,10.973274,27028,586.91
047018,Sambuca Pistoiese,09,Toscana,047,Pistoia,PT,3,Centro,H744,ITI,ITI1,ITI13,047018,77.363,44.06934,10.987979,1406,18.17
047024,San Marcello Piteglio,09,Toscana,047,Pistoia,PT,3,Centro,M377,ITI,ITI1,ITI13,047024,134.99,44.049976,10.802421,7410,54.89
047020,Serravalle Pistoiese,09,Toscana,047,Pistoia,PT,3,Centro,I660,ITI,ITI1,ITI13,047020,41.884,43.888747,10.863162,11830,282.45
047021,Uzzano,09,Toscana,047,Pistoia,PT,3,Centro,L522,ITI,ITI1,ITI13,047021,7.807,43.888451,10.706401,5646,723.2
100001,Cantagallo,09,Toscana,100,Prato,PO,3,Centro,B626,ITI,ITI1,ITI15,100001,95.565,44.032102,11.081648,3088,32.31
100002,Carmignano,09,Toscana,100,Prato,PO,3,Centro,B794,ITI,ITI1,ITI15,100002,38.23,43.799697,11.021014,14500,379.28
100003,Montemurlo,09,Toscana,100,Prato,PO,3,Centro,F572,ITI,ITI1,ITI15,100003,30.883,43.940352,11.057342,19169,620.7
100004,Poggio a Caiano,09,Toscana,100,Prato,PO,3,Centro,G754,ITI,ITI1,ITI15,100004,6.246,43.815247,11.048417,9908,1586.3
100005,Prato,09,Toscana,100,Prato,PO,3,Centro,G999,ITI,ITI1,ITI15,100005,97.386,43.882837,11.076495,198327,2036.5
100006,Vaiano,09,Toscana,100,Prato,PO,3,Centro,L537,ITI,ITI1,ITI15,100006,33.829,43.947542,11.138371,9965,294.57
100007,Vernio,09,Toscana,100,Prato,PO,3,Centro,L775,ITI,ITI1,ITI15,100007,63.289,44.060471,11.148372,6195,97.88
052001,Abbadia San Salvatore,09,Toscana,052,Siena,SI,3,Centro,A006,ITI,ITI1,ITI19,052001,58.863,42.877463,11.677704,6117,103.92
052002,Asciano,09,Toscana,052,Siena,SI,3,Centro,A461,ITI,ITI1,ITI19,052002,216.098,43.239183,11.524681,6782,31.38
052003,Buonconvento,09,Toscana,052,Siena,SI,3,Centro,B269,ITI,ITI1,ITI19,052003,64.894,43.149506,11.480129,2936,45.24
052004,Casole d'Elsa,09,Toscana,052,Siena,SI,3,Centro,B984,ITI,ITI1,ITI19,052004,148.758,43.30693,11.054829,3669,24.66
052005,Castellina in Chianti,09,Toscana,052,Siena,SI,3,Centro,C172,ITI,ITI1,ITI19,052005,99.659,43.466158,11.267604,2591,26.0
052006,Castelnuovo Berardenga,09,Toscana,052,Siena,SI,3,Centro,C227,ITI,ITI1,ITI19,052006,177.431,43.360441,11.506259,8764,49.39
052007,Castiglione d'Orcia,09,Toscana,052,Siena,SI,3,Centro,C313,ITI,ITI1,ITI19,052007,141.252,42.976494,11.628,2046,14.48
052008,Cetona,09,Toscana,052,Siena,SI,3,Centro,C587,ITI,ITI1,ITI19,052008,53.471,42.943878,11.908567,2441,45.65
052009,Chianciano Terme,09,Toscana,052,Siena,SI,3,Centro,C608,ITI,ITI1,ITI19,052009,36.905,43.036392,11.829741,7143,193.55
052010,Chiusdino,09,Toscana,052,Siena,SI,3,Centro,C661,ITI,ITI1,ITI19,052010,140.871,43.165118,11.113979,1704,12.1
052011,Chiusi,09,Toscana,052,Siena,SI,3,Centro,C662,ITI,ITI1,ITI19,052011,57.918,43.025199,11.917284,8052,139.02
052012,Colle di Val d'Elsa,09,Toscana,052,Siena,SI,3,Centro,C847,ITI,ITI1,ITI19,052012,91.86,43.388564,11.070318,21665,235.85
052013,Gaiole in Chianti,09,Toscana,052,Siena,SI,3,Centro,D858,ITI,ITI1,ITI19,052013,128.705,43.435673,11.452541,2460,19.11
052037,Montalcino,09,Toscana,052,Siena,SI,3,Centro,M378,ITI,ITI1,ITI19,052037,309.186,43.070141,11.461026,5530,17.89
052015,Montepulciano,09,Toscana,052,Siena,SI,3,Centro,F592,ITI,ITI1,ITI19,052015,165.445,43.10797,11.838263,13017,78.68
052016,Monteriggioni,09,Toscana,052,Siena,SI,3,Centro,F598,ITI,ITI1,ITI19,052016,99.71,43.368308,11.219973,10063,100.92
052017,Monteroni d'Arbia,09,Toscana,052,Siena,SI,3,Centro,F605,ITI,ITI1,ITI19,052017,105.846,43.215921,11.386245,9019,85.21
052018,Monticiano,09,Toscana,052,Siena,SI,3,Centro,F676,ITI,ITI1,ITI19,052018,109.968,43.125345,11.21887,1636,14.88
052019,Murlo,09,Toscana,052,Siena,SI,3,Centro,F815,ITI,ITI1,ITI19,052019,114.71,43.150293,11.355356,2475,21.58
052020,Piancastagnaio,09,Toscana,052,Siena,SI,3,Centro,G547,ITI,ITI1,ITI19,052020,69.552,42.824853,11.696784,3839,55.2
052021,Pienza,09,Toscana,052,Siena,SI,3,Centro,G602,ITI,ITI1,ITI19,052021,122.724,43.043888,11.711077,1900,15.48
052022,Poggibonsi,09,Toscana,052,Siena,SI,3,Centro,G752,ITI,ITI1,ITI19,052022,70.975,43.462238,11.163556,28048,395.18
052023,Radda in Chianti,09,Toscana,052,Siena,SI,3,Centro,H153,ITI,ITI1,ITI19,052023,80.658,43.483556,11.354764,1431,17.74
052024,Radicofani,09,Toscana,052,Siena,SI,3,Centro,H156,ITI,ITI1,ITI19,052024,117.682,42.927596,11.77926,1024,8.7
052025,Radicondoli,09,Toscana,052,Siena,SI,3,Centro,H157,ITI,ITI1,ITI19,052025,132.941,43.226509,11.024945,969,7.29
052026,Rapolano Terme,09,Toscana,052,Siena,SI,3,Centro,H185,ITI,ITI1,ITI19,052026,83.159,43.287224,11.627627,5103,61.36
052027,San Casciano dei Bagni,09,Toscana,052,Siena,SI,3,Centro,H790,ITI,ITI1,ITI19,052027,92.478,42.854405,11.859909,1417,15.32
052028,San Gimignano,09,Toscana,052,Siena,SI,3,Centro,H875,ITI,ITI1,ITI19,052028,138.462,43.472886,11.032509,7463,53.9
052030,San Quirico d'Orcia,09,Toscana,052,Siena,SI,3,Centro,I135,ITI,ITI1,ITI19,052030,43.094,43.065098,11.599053,2530,58.71
052031,Sarteano,09,Toscana,052,Siena,SI,3,Centro,I445,ITI,ITI1,ITI19,052031,84.889,42.973127,11.833216,4494,52.94
052032,Siena,09,Toscana,052,Siena,SI,3,Centro,I726,ITI,ITI1,ITI19,052032,118.421,43.30545,11.32334,53180,449.08
052033,Sinalunga,09,Toscana,052,Siena,SI,3,Centro,A468,ITI,ITI1,ITI19,052033,78.922,43.230631,11.726384,12093,153.23
052034,Sovicille,09,Toscana,052,Siena,SI,3,Centro,I877,ITI,ITI1,ITI19,052034,143.06,43.236433,11.248906,9844,68.81
052035,Torrita di Siena,09,Toscana,052,Siena,SI,3,Centro,L303,ITI,ITI1,ITI19,052035,58.076,43.146063,11.747008,6942,119.53
052036,Trequanda,09,Toscana,052,Siena,SI,3,Centro,L384,ITI,ITI1,ITI19,052036,63.578,43.166015,11.706143,1115,17.54
021001,Aldino,04,Trentino-Alto Adige/Südtirol,021,Bolzano/Bozen,BZ,2,Nord-est,A179,ITH,ITH1,ITH10,021001,62.838,46.360017,11.400072,1609,25.61
021002,Andriano,04,Trentino-Alto Adige/Südtirol,021,Bolzano/Bozen,BZ,2,Nord-est,A286,ITH,ITH1,ITH10,021002,5.254,46.516551,11.233302,1058,201.37
021003,Anterivo,04,Trentino-Alto Adige/Südtirol,021,Bolzano/Bozen,BZ,2,Nord-est,A306,ITH,ITH1,ITH10,021003,10.96,46.279774,11.367406,388,35.4
021004,Appiano sulla strada del vino,04,Trentino-Alto Adige/Südtirol,021,Bolzano/Bozen,BZ,2,Nord-est,A332,ITH,ITH1,ITH10,021004,58.939,46.461897,11.26079,15062,255.55
021005,Avelengo,04,Trentino-Alto Adige/Südtirol,021,Bolzano/Bozen,BZ,2,Nord-est,A507,ITH,ITH1,ITH10,021005,27.265,46.663398,11.253462,823,30.19
021006,Badia,04,Trentino-Alto Adige/Südtirol,021,Bolzano/Bozen,BZ,2,Nord-est,A537,ITH,ITH1,ITH10,021006,82.582,46.584075,11.911713,3589,43.46
021007,Barbiano,04,Trentino-Alto Adige/Südtirol,021,Bolzano/Bozen,BZ,2,Nord-est,A635,ITH,ITH1,ITH10,021007,24.532,46.606362,11.491024,1788,72.88
021008,Bolzano,04,Trentino-Alto Adige/Südtirol,021,Bolzano/Bozen,BZ,2,Nord-est,A952,ITH,ITH1,ITH10,021008,51.824,46.488206,11.342989,106901,2062.77
021009,Braies,04,Trentino-Alto Adige/Südtirol,021,Bolzano/Bozen,BZ,2,Nord-est,B116,ITH,ITH1,ITH10,021009,90.513,46.690218,12.103811,690,7.62
021010,Brennero,04,Trentino-Alto Adige/Südtirol,021,Bolzano/Bozen,BZ,2,Nord-est,B145,ITH,ITH1,ITH10,021010,114.808,46.966865,11.31978,2434,21.2
021011,Bressanone,04,Trentino-Alto Adige/Südtirol,021,Bolzano/Bozen,BZ,2,Nord-est,B160,ITH,ITH1,ITH10,021011,84.986,46.704807,11.662379,23350,274.75
021012,Bronzolo,04,Trentino-Alto Adige/Südtirol,021,Bolzano/Bozen,BZ,2,Nord-est,B203,ITH,ITH1,ITH10,021012,7.503,46.39608,11.318558,2824,376.38
021013,Brunico,04,Trentino-Alto Adige/Südtirol,021,Bolzano/Bozen,BZ,2,Nord-est,B220,ITH,ITH1,ITH10,021013,44.927,46.791938,11.937783,17166,382.09
021014,Caines,04,Trentino-Alto Adige/Südtirol,021,Bolzano/Bozen,BZ,2,Nord-est,B364,ITH,ITH1,ITH10,021014,1.62,46.70366,11.165639,386,238.27
021015,Caldaro sulla strada del vino,04,Trentino-Alto Adige/Südtirol,021,Bolzano/Bozen,BZ,2,Nord-est,B397,ITH,ITH1,ITH10,021015,48.568,46.384296,11.24008,8301,170.92
021017,Campo Tures,04,Trentino-Alto Adige/Südtirol,021,Bolzano/Bozen,BZ,2,Nord-est,B570,ITH,ITH1,ITH10,021017,163.601,46.941988,12.047063,5877,35.92
021016,Campo di Trens,04,Trentino-Alto Adige/Südtirol,021,Bolzano/Bozen,BZ,2,Nord-est,B529,ITH,ITH1,ITH10,021016,95.857,46.857357,11.508498,2811,29.32
021018,Castelbello-Ciardes,04,Trentino-Alto Adige/Südtirol,021,Bolzano/Bozen,BZ,2,Nord-est,C062,ITH,ITH1,ITH10,021018,53.815,46.62236,10.921896,2418,44.93
021019,Castelrotto,04,Trentino-Alto Adige/Südtirol,021,Bolzano/Bozen,BZ,2,Nord-est,C254,ITH,ITH1,ITH10,021019,117.697,46.548113,11.604621,7062,60.0
021020,Cermes,04,Trentino-Alto Adige/Südtirol,021,Bolzano/Bozen,BZ,2,Nord-est,A022,ITH,ITH1,ITH10,021020,6.64,46.631906,11.138527,1653,248.95
021021,Chienes,04,Trentino-Alto Adige/Südtirol,021,Bolzano/Bozen,BZ,2,Nord-est,C625,ITH,ITH1,ITH10,021021,33.731,46.821812,11.832616,3067,90.93
021022,Chiusa,04,Trentino-Alto Adige/Südtirol,021,Bolzano/Bozen,BZ,2,Nord-est,C652,ITH,ITH1,ITH10,021022,51.064,46.671142,11.514988,5225,102.32
021023,Cornedo all'Isarco,04,Trentino-Alto Adige/Südtirol,021,Bolzano/Bozen,BZ,2,Nord-est,B799,ITH,ITH1,ITH10,021023,40.868,46.46424,11.46913,3447,84.34
021024,Cortaccia sulla strada del vino,04,Trentino-Alto Adige/Südtirol,021,Bolzano/Bozen,BZ,2,Nord-est,D048,ITH,ITH1,ITH10,021024,29.282,46.310306,11.209233,2238,76.43
021025,Cortina sulla strada del vino,04,Trentino-Alto Adige/Südtirol,021,Bolzano/Bozen,BZ,2,Nord-est,D075,ITH,ITH1,ITH10,021025,2.046,46.266056,11.22253,676,330.4
021026,Corvara in Badia,04,Trentino-Alto Adige/Südtirol,021,Bolzano/Bozen,BZ,2,Nord-est,D079,ITH,ITH1,ITH10,021026,38.764,46.552074,11.855678,1438,37.1
021027,Curon Venosta,04,Trentino-Alto Adige/Südtirol,021,Bolzano/Bozen,BZ,2,Nord-est,D222,ITH,ITH1,ITH10,021027,210.114,46.803767,10.554139,2398,11.41
021028,Dobbiaco,04,Trentino-Alto Adige/Südtirol,021,Bolzano/Bozen,BZ,2,Nord-est,D311,ITH,ITH1,ITH10,021028,124.875,46.693674,12.227777,3492,27.96
021029,Egna,04,Trentino-Alto Adige/Südtirol,021,Bolzano/Bozen,BZ,2,Nord-est,D392,ITH,ITH1,ITH10,021029,23.548,46.296416,11.274085,5518,234.33
021030,Falzes,04,Trentino-Alto Adige/Südtirol,021,Bolzano/Bozen,BZ,2,Nord-est,D484,ITH,ITH1,ITH10,021030,33.194,46.834077,11.877178,3192,96.16
021031,Fiè allo Sciliar,04,Trentino-Alto Adige/Südtirol,021,Bolzano/Bozen,BZ,2,Nord-est,D571,ITH,ITH1,ITH10,021031,43.744,46.51243,11.519138,3747,85.66
021032,Fortezza,04,Trentino-Alto Adige/Südtirol,021,Bolzano/Bozen,BZ,2,Nord-est,D731,ITH,ITH1,ITH10,021032,62.015,46.800321,11.555842,1139,18.37
021033,Funes,04,Trentino-Alto Adige/Südtirol,021,Bolzano/Bozen,BZ,2,Nord-est,D821,ITH,ITH1,ITH10,021033,81.445,46.635839,11.723519,2550,31.31
021034,Gais,04,Trentino-Alto Adige/Südtirol,021,Bolzano/Bozen,BZ,2,Nord-est,D860,ITH,ITH1,ITH10,021034,60.5,46.856938,11.970733,3283,54.26
021035,Gargazzone,04,Trentino-Alto Adige/Südtirol,021,Bolzano/Bozen,BZ,2,Nord-est,D923,ITH,ITH1,ITH10,021035,4.96,46.579748,11.202137,1790,360.89
021036,Glorenza,04,Trentino-Alto Adige/Südtirol,021,Bolzano/Bozen,BZ,2,Nord-est,E069,ITH,ITH1,ITH10,021036,13.171,46.654457,10.547117,937,71.14
021117,La Valle,04,Trentino-Alto Adige/Südtirol,021,Bolzano/Bozen,BZ,2,Nord-est,E491,ITH,ITH1,ITH10,021117,39.157,46.654203,11.934849,1419,36.24
021037,Laces,04,Trentino-Alto Adige/Südtirol,021,Bolzano/Bozen,BZ,2,Nord-est,E398,ITH,ITH1,ITH10,021037,78.786,46.60631,10.849696,5279,67.0
021038,Lagundo,04,Trentino-Alto Adige/Südtirol,021,Bolzano/Bozen,BZ,2,Nord-est,E412,ITH,ITH1,ITH10,021038,23.333,46.69461,11.104695,5075,217.5
021039,Laion,04,Trentino-Alto Adige/Südtirol,021,Bolzano/Bozen,BZ,2,Nord-est,E420,ITH,ITH1,ITH10,021039,37.61,46.610283,11.599746,2833,75.33
021040,Laives,04,Trentino-Alto Adige/Südtirol,021,Bolzano/Bozen,BZ,2,Nord-est,E421,ITH,ITH1,ITH10,021040,24.552,46.438303,11.345205,18681,760.87
021041,Lana,04,Trentino-Alto Adige/Südtirol,021,Bolzano/Bozen,BZ,2,Nord-est,E434,ITH,ITH1,ITH10,021041,35.867,46.601552,11.150065,12745,355.34
021042,Lasa,04,Trentino-Alto Adige/Südtirol,021,Bolzano/Bozen,BZ,2,Nord-est,E457,ITH,ITH1,ITH10,021042,110.228,46.60421,10.664174,4182,37.94
021043,Lauregno,04,Trentino-Alto Adige/Südtirol,021,Bolzano/Bozen,BZ,2,Nord-est,E481,ITH,ITH1,ITH10,021043,13.839,46.479266,11.046623,316,22.83
021044,Luson,04,Trentino-Alto Adige/Südtirol,021,Bolzano/Bozen,BZ,2,Nord-est,E764,ITH,ITH1,ITH10,021044,74.299,46.724625,11.782555,1579,21.25
021045,Magrè sulla strada del vino,04,Trentino-Alto Adige/Südtirol,021,Bolzano/Bozen,BZ,2,Nord-est,E829,ITH,ITH1,ITH10,021045,13.717,46.276313,11.210845,1312,95.65
021046,Malles Venosta,04,Trentino-Alto Adige/Südtirol,021,Bolzano/Bozen,BZ,2,Nord-est,E862,ITH,ITH1,ITH10,021046,247.887,46.721256,10.568151,5246,21.16
021047,Marebbe,04,Trentino-Alto Adige/Südtirol,021,Bolzano/Bozen,BZ,2,Nord-est,E938,ITH,ITH1,ITH10,021047,159.624,46.647339,12.028092,3221,20.18
021048,Marlengo,04,Trentino-Alto Adige/Südtirol,021,Bolzano/Bozen,BZ,2,Nord-est,E959,ITH,ITH1,ITH10,021048,13.021,46.656634,11.128897,2910,223.49
021049,Martello,04,Trentino-Alto Adige/Südtirol,021,Bolzano/Bozen,BZ,2,Nord-est,E981,ITH,ITH1,ITH10,021049,142.336,46.515592,10.721439,840,5.9
021050,Meltina,04,Trentino-Alto Adige/Südtirol,021,Bolzano/Bozen,BZ,2,Nord-est,F118,ITH,ITH1,ITH10,021050,37.181,46.594375,11.253859,1724,46.37
021051,Merano,04,Trentino-Alto Adige/Südtirol,021,Bolzano/Bozen,BZ,2,Nord-est,F132,ITH,ITH1,ITH10,021051,25.987,46.654135,11.178656,41658,1603.03
021052,Monguelfo-Tesido,04,Trentino-Alto Adige/Südtirol,021,Bolzano/Bozen,BZ,2,Nord-est,F371,ITH,ITH1,ITH10,021052,46.225,46.781701,12.118827,2904,62.82
021053,Montagna sulla strada del vino,04,Trentino-Alto Adige/Südtirol,021,Bolzano/Bozen,BZ,2,Nord-est,F392,ITH,ITH1,ITH10,021053,19.168,46.312874,11.309827,1766,92.13
021054,Moso in Passiria,04,Trentino-Alto Adige/Südtirol,021,Bolzano/Bozen,BZ,2,Nord-est,F766,ITH,ITH1,ITH10,021054,193.834,46.829984,11.148283,2029,10.47
021055,Nalles,04,Trentino-Alto Adige/Südtirol,021,Bolzano/Bozen,BZ,2,Nord-est,F836,ITH,ITH1,ITH10,021055,12.216,46.53795,11.210431,2111,172.81
021056,Naturno,04,Trentino-Alto Adige/Südtirol,021,Bolzano/Bozen,BZ,2,Nord-est,F849,ITH,ITH1,ITH10,021056,66.768,46.639377,11.006813,6101,91.38
021057,Naz-Sciaves,04,Trentino-Alto Adige/Südtirol,021,Bolzano/Bozen,BZ,2,Nord-est,F856,ITH,ITH1,ITH10,021057,15.711,46.762332,11.676607,3522,224.17
021058,Nova Levante,04,Trentino-Alto Adige/Südtirol,021,Bolzano/Bozen,BZ,2,Nord-est,F949,ITH,ITH1,ITH10,021058,51.073,46.421602,11.570804,2110,41.31
021059,Nova Ponente,04,Trentino-Alto Adige/Südtirol,021,Bolzano/Bozen,BZ,2,Nord-est,F950,ITH,ITH1,ITH10,021059,111.758,46.404567,11.446096,4148,37.12
021060,Ora,04,Trentino-Alto Adige/Südtirol,021,Bolzano/Bozen,BZ,2,Nord-est,G083,ITH,ITH1,ITH10,021060,11.613,46.364196,11.309978,3932,338.59
021061,Ortisei,04,Trentino-Alto Adige/Südtirol,021,Bolzano/Bozen,BZ,2,Nord-est,G140,ITH,ITH1,ITH10,021061,24.128,46.590984,11.684498,4710,195.21
021062,Parcines,04,Trentino-Alto Adige/Südtirol,021,Bolzano/Bozen,BZ,2,Nord-est,G328,ITH,ITH1,ITH10,021062,55.839,46.694072,11.043114,3973,71.15
021063,Perca,04,Trentino-Alto Adige/Südtirol,021,Bolzano/Bozen,BZ,2,Nord-est,G443,ITH,ITH1,ITH10,021063,30.745,46.834359,12.035686,1768,57.51
021064,Plaus,04,Trentino-Alto Adige/Südtirol,021,Bolzano/Bozen,BZ,2,Nord-est,G299,ITH,ITH1,ITH10,021064,5.093,46.640432,11.054882,760,149.22
021065,Ponte Gardena,04,Trentino-Alto Adige/Südtirol,021,Bolzano/Bozen,BZ,2,Nord-est,G830,ITH,ITH1,ITH10,021065,2.439,46.58967,11.530774,271,111.11
021066,Postal,04,Trentino-Alto Adige/Südtirol,021,Bolzano/Bozen,BZ,2,Nord-est,G936,ITH,ITH1,ITH10,021066,6.673,46.603532,11.196471,2057,308.26
021067,Prato allo Stelvio,04,Trentino-Alto Adige/Südtirol,021,Bolzano/Bozen,BZ,2,Nord-est,H004,ITH,ITH1,ITH10,021067,50.752,46.601585,10.583092,3866,76.17
021068,Predoi,04,Trentino-Alto Adige/Südtirol,021,Bolzano/Bozen,BZ,2,Nord-est,H019,ITH,ITH1,ITH10,021068,86.554,47.041796,12.138438,508,5.87
021069,Proves,04,Trentino-Alto Adige/Südtirol,021,Bolzano/Bozen,BZ,2,Nord-est,H081,ITH,ITH1,ITH10,021069,18.522,46.480633,11.012709,243,13.12
021070,Racines,04,Trentino-Alto Adige/Südtirol,021,Bolzano/Bozen,BZ,2,Nord-est,H152,ITH,ITH1,ITH10,021070,203.174,46.885658,11.28419,4702,23.14
021071,Rasun-Anterselva,04,Trentino-Alto Adige/Südtirol,021,Bolzano/Bozen,BZ,2,Nord-est,H189,ITH,ITH1,ITH10,021071,121.485,46.838465,12.113022,2936,24.17
021072,Renon,04,Trentino-Alto Adige/Südtirol,021,Bolzano/Bozen,BZ,2,Nord-est,H236,ITH,ITH1,ITH10,021072,111.541,46.562927,11.441484,8332,74.7
021073,Rifiano,04,Trentino-Alto Adige/Südtirol,021,Bolzano/Bozen,BZ,2,Nord-est,H284,ITH,ITH1,ITH10,021073,35.547,46.74715,11.135296,1393,39.19
021074,Rio di Pusteria,04,Trentino-Alto Adige/Südtirol,021,Bolzano/Bozen,BZ,2,Nord-est,H299,ITH,ITH1,ITH10,021074,83.708,46.852439,11.637783,3330,39.78
021075,Rodengo,04,Trentino-Alto Adige/Südtirol,021,Bolzano/Bozen,BZ,2,Nord-est,H475,ITH,ITH1,ITH10,021075,29.724,46.786559,11.730772,1304,43.87
021076,Salorno sulla strada del vino,04,Trentino-Alto Adige/Südtirol,021,Bolzano/Bozen,BZ,2,Nord-est,H719,ITH,ITH1,ITH10,021076,33.51,46.252215,11.236738,3835,114.44
021077,San Candido,04,Trentino-Alto Adige/Südtirol,021,Bolzano/Bozen,BZ,2,Nord-est,H786,ITH,ITH1,ITH10,021077,80.263,46.707447,12.28475,3318,41.34
021079,San Genesio Atesino,04,Trentino-Alto Adige/Südtirol,021,Bolzano/Bozen,BZ,2,Nord-est,H858,ITH,ITH1,ITH10,021079,68.595,46.566946,11.329753,3026,44.11
021080,San Leonardo in Passiria,04,Trentino-Alto Adige/Südtirol,021,Bolzano/Bozen,BZ,2,Nord-est,H952,ITH,ITH1,ITH10,021080,88.81,46.785739,11.274028,3680,41.44
021081,San Lorenzo di Sebato,04,Trentino-Alto Adige/Südtirol,021,Bolzano/Bozen,BZ,2,Nord-est,H956,ITH,ITH1,ITH10,021081,51.174,46.765979,11.870582,3993,78.03
021082,San Martino in Badia,04,Trentino-Alto Adige/Südtirol,021,Bolzano/Bozen,BZ,2,Nord-est,H988,ITH,ITH1,ITH10,021082,76.251,46.651081,11.840958,1794,23.53
021083,San Martino in Passiria,04,Trentino-Alto Adige/Südtirol,021,Bolzano/Bozen,BZ,2,Nord-est,H989,ITH,ITH1,ITH10,021083,30.304,46.773948,11.190124,3323,109.66
021084,San Pancrazio,04,Trentino-Alto Adige/Südtirol,021,Bolzano/Bozen,BZ,2,Nord-est,I065,ITH,ITH1,ITH10,021084,63.198,46.568049,11.071841,1548,24.49
021085,Santa Cristina Valgardena,04,Trentino-Alto Adige/Südtirol,021,Bolzano/Bozen,BZ,2,Nord-est,I173,ITH,ITH1,ITH10,021085,31.824,46.56141,11.715236,2036,63.98
021086,Sarentino,04,Trentino-Alto Adige/Südtirol,021,Bolzano/Bozen,BZ,2,Nord-est,I431,ITH,ITH1,ITH10,021086,301.956,46.695327,11.385958,7282,24.12
021087,Scena,04,Trentino-Alto Adige/Südtirol,021,Bolzano/Bozen,BZ,2,Nord-est,I519,ITH,ITH1,ITH10,021087,48.003,46.712751,11.235233,3069,63.93
021088,Selva dei Molini,04,Trentino-Alto Adige/Südtirol,021,Bolzano/Bozen,BZ,2,Nord-est,I593,ITH,ITH1,ITH10,021088,105.12,46.927389,11.783908,1367,13.0
021089,Selva di Val Gardena,04,Trentino-Alto Adige/Südtirol,021,Bolzano/Bozen,BZ,2,Nord-est,I591,ITH,ITH1,ITH10,021089,56.371,46.552963,11.765891,2630,46.66
021118,Senale-San Felice,04,Trentino-Alto Adige/Südtirol,021,Bolzano/Bozen,BZ,2,Nord-est,I603,ITH,ITH1,ITH10,021118,27.776,46.51069,11.1367,814,29.31
021091,Senales,04,Trentino-Alto Adige/Südtirol,021,Bolzano/Bozen,BZ,2,Nord-est,I604,ITH,ITH1,ITH10,021091,209.803,46.728487,10.858977,1234,5.88
021092,Sesto,04,Trentino-Alto Adige/Südtirol,021,Bolzano/Bozen,BZ,2,Nord-est,I687,ITH,ITH1,ITH10,021092,80.053,46.669299,12.379087,1799,22.47
021093,Silandro,04,Trentino-Alto Adige/Südtirol,021,Bolzano/Bozen,BZ,2,Nord-est,I729,ITH,ITH1,ITH10,021093,115.123,46.645718,10.768468,6408,55.66
021094,Sluderno,04,Trentino-Alto Adige/Südtirol,021,Bolzano/Bozen,BZ,2,Nord-est,I771,ITH,ITH1,ITH10,021094,20.969,46.652995,10.600593,1894,90.32
021095,Stelvio,04,Trentino-Alto Adige/Südtirol,021,Bolzano/Bozen,BZ,2,Nord-est,I948,ITH,ITH1,ITH10,021095,141.933,46.542048,10.555195,1179,8.31
021096,Terento,04,Trentino-Alto Adige/Südtirol,021,Bolzano/Bozen,BZ,2,Nord-est,L106,ITH,ITH1,ITH10,021096,42.506,46.85429,11.781184,1837,43.22
021097,Terlano,04,Trentino-Alto Adige/Südtirol,021,Bolzano/Bozen,BZ,2,Nord-est,L108,ITH,ITH1,ITH10,021097,18.397,46.53583,11.251006,5017,272.71
021098,Termeno sulla strada del vino,04,Trentino-Alto Adige/Südtirol,021,Bolzano/Bozen,BZ,2,Nord-est,L111,ITH,ITH1,ITH10,021098,19.879,46.336973,11.237928,3393,170.68
021099,Tesimo,04,Trentino-Alto Adige/Südtirol,021,Bolzano/Bozen,BZ,2,Nord-est,L149,ITH,ITH1,ITH10,021099,37.936,46.553204,11.154579,2083,54.91
021100,Tires,04,Trentino-Alto Adige/Südtirol,021,Bolzano/Bozen,BZ,2,Nord-est,L176,ITH,ITH1,ITH10,021100,42.177,46.471634,11.562552,1036,24.56
021101,Tirolo,04,Trentino-Alto Adige/Südtirol,021,Bolzano/Bozen,BZ,2,Nord-est,L178,ITH,ITH1,ITH10,021101,26.237,46.708642,11.142439,2493,95.02
021102,Trodena nel parco naturale,04,Trentino-Alto Adige/Südtirol,021,Bolzano/Bozen,BZ,2,Nord-est,L444,ITH,ITH1,ITH10,021102,20.932,46.317311,11.359721,1068,51.02
021103,Tubre,04,Trentino-Alto Adige/Südtirol,021,Bolzano/Bozen,BZ,2,Nord-est,L455,ITH,ITH1,ITH10,021103,46.12,46.660108,10.44001,961,20.84
021104,Ultimo,04,Trentino-Alto Adige/Südtirol,021,Bolzano/Bozen,BZ,2,Nord-est,L490,ITH,ITH1,ITH10,021104,208.575,46.509396,10.896285,2921,14.0
021105,Vadena,04,Trentino-Alto Adige/Südtirol,021,Bolzano/Bozen,BZ,2,Nord-est,L527,ITH,ITH1,ITH10,021105,13.403,46.396621,11.294575,1097,81.85
021107,Val di Vizze,04,Trentino-Alto Adige/Südtirol,021,Bolzano/Bozen,BZ,2,Nord-est,L564,ITH,ITH1,ITH10,021107,142.157,46.9476,11.569178,3107,21.86
021106,Valdaora,04,Trentino-Alto Adige/Südtirol,021,Bolzano/Bozen,BZ,2,Nord-est,L552,ITH,ITH1,ITH10,021106,49.232,46.738473,12.013932,3276,66.54
021108,Valle Aurina,04,Trentino-Alto Adige/Südtirol,021,Bolzano/Bozen,BZ,2,Nord-est,L595,ITH,ITH1,ITH10,021108,188.382,46.988891,11.949079,6016,31.94
021109,Valle di Casies,04,Trentino-Alto Adige/Südtirol,021,Bolzano/Bozen,BZ,2,Nord-est,L601,ITH,ITH1,ITH10,021109,110.259,46.822345,12.232694,2356,21.37
021110,Vandoies,04,Trentino-Alto Adige/Südtirol,021,Bolzano/Bozen,BZ,2,Nord-est,L660,ITH,ITH1,ITH10,021110,110.498,46.876864,11.719845,3384,30.62
021111,Varna,04,Trentino-Alto Adige/Südtirol,021,Bolzano/Bozen,BZ,2,Nord-est,L687,ITH,ITH1,ITH10,021111,70.038,46.742808,11.581514,5104,72.87
021116,Velturno,04,Trentino-Alto Adige/Südtirol,021,Bolzano/Bozen,BZ,2,Nord-est,L724,ITH,ITH1,ITH10,021116,24.402,46.68239,11.594322,3101,127.08
021112,Verano,04,Trentino-Alto Adige/Südtirol,021,Bolzano/Bozen,BZ,2,Nord-est,L745,ITH,ITH1,ITH10,021112,22.763,46.622156,11.243831,1013,44.5
021113,Villabassa,04,Trentino-Alto Adige/Südtirol,021,Bolzano/Bozen,BZ,2,Nord-est,L915,ITH,ITH1,ITH10,021113,17.965,46.728306,12.173207,1607,89.45
021114,Villandro,04,Trentino-Alto Adige/Südtirol,021,Bolzano/Bozen,BZ,2,Nord-est,L971,ITH,ITH1,ITH10,021114,43.968,46.645991,11.482101,1872,42.58
021115,Vipiteno,04,Trentino-Alto Adige/Südtirol,021,Bolzano/Bozen,BZ,2,Nord-est,M067,ITH,ITH1,ITH10,021115,32.692,46.910293,11.413307,7040,215.34
022001,Ala,04,Trentino-Alto Adige/Südtirol,022,Trento,TN,2,Nord-est,A116,ITH,ITH2,ITH20,022001,119.988,45.752042,11.041766,8898,74.16
022002,Albiano,04,Trentino-Alto Adige/Südtirol,022,Trento,TN,2,Nord-est,A158,ITH,ITH2,ITH20,022002,9.694,46.141195,11.184689,1549,159.79
022003,Aldeno,04,Trentino-Alto Adige/Südtirol,022,Trento,TN,2,Nord-est,A178,ITH,ITH2,ITH20,022003,9.002,45.973372,11.096637,3360,373.25
022235,Altavalle,04,Trentino-Alto Adige/Südtirol,022,Trento,TN,2,Nord-est,M349,ITH,ITH2,ITH20,022235,33.741,46.218055,11.254338,1645,48.75
022236,Altopiano della Vigolana,04,Trentino-Alto Adige/Südtirol,022,Trento,TN,2,Nord-est,M350,ITH,ITH2,ITH20,022236,44.953,45.985058,11.200349,5201,115.7
022237,Amblar-Don,04,Trentino-Alto Adige/Südtirol,022,Trento,TN,2,Nord-est,M351,ITH,ITH2,ITH20,022237,19.948,46.383136,11.174894,554,27.77
022005,Andalo,04,Trentino-Alto Adige/Südtirol,022,Trento,TN,2,Nord-est,A274,ITH,ITH2,ITH20,022005,11.566,46.160494,11.009904,1237,106.95
022006,Arco,04,Trentino-Alto Adige/Südtirol,022,Trento,TN,2,Nord-est,A372,ITH,ITH2,ITH20,022006,63.249,45.932415,10.916826,17747,280.59
022007,Avio,04,Trentino-Alto Adige/Südtirol,022,Trento,TN,2,Nord-est,A520,ITH,ITH2,ITH20,022007,68.755,45.72782,10.905959,4118,59.89
022009,Baselga di Pinè,04,Trentino-Alto Adige/Südtirol,022,Trento,TN,2,Nord-est,A694,ITH,ITH2,ITH20,022009,41.48,46.131097,11.256177,5326,128.4
022011,Bedollo,04,Trentino-Alto Adige/Südtirol,022,Trento,TN,2,Nord-est,A730,ITH,ITH2,ITH20,022011,27.168,46.169205,11.30582,1500,55.21
022013,Besenello,04,Trentino-Alto Adige/Südtirol,022,Trento,TN,2,Nord-est,A821,ITH,ITH2,ITH20,022013,25.956,45.953135,11.148618,2834,109.18
022015,Bieno,04,Trentino-Alto Adige/Südtirol,022,Trento,TN,2,Nord-est,A863,ITH,ITH2,ITH20,022015,11.895,46.101161,11.569672,481,40.44
022017,Bleggio Superiore,04,Trentino-Alto Adige/Südtirol,022,Trento,TN,2,Nord-est,A902,ITH,ITH2,ITH20,022017,32.734,46.005282,10.79479,1545,47.2
022018,Bocenago,04,Trentino-Alto Adige/Südtirol,022,Trento,TN,2,Nord-est,A916,ITH,ITH2,ITH20,022018,8.55,46.115946,10.771019,410,47.95
022021,Bondone,04,Trentino-Alto Adige/Südtirol,022,Trento,TN,2,Nord-est,A968,ITH,ITH2,ITH20,022021,19.333,45.804821,10.568668,627,32.43
022238,Borgo Chiese,04,Trentino-Alto Adige/Südtirol,022,Trento,TN,2,Nord-est,M352,ITH,ITH2,ITH20,022238,53.803,45.904344,10.550017,1926,35.8
022239,Borgo Lares,04,Trentino-Alto Adige/Südtirol,022,Trento,TN,2,Nord-est,M353,ITH,ITH2,ITH20,022239,22.266,46.006024,10.72825,734,32.97
022022,Borgo Valsugana,04,Trentino-Alto Adige/Südtirol,022,Trento,TN,2,Nord-est,B006,ITH,ITH2,ITH20,022022,52.558,46.022194,11.45319,7252,137.98
022252,Borgo d'Anaunia,04,Trentino-Alto Adige/Südtirol,022,Trento,TN,2,Nord-est,M429,ITH,ITH2,ITH20,022252,63.353,46.476763,11.152416,2601,41.06
022025,Brentonico,04,Trentino-Alto Adige/Südtirol,022,Trento,TN,2,Nord-est,B153,ITH,ITH2,ITH20,022025,62.871,45.808941,10.94032,4184,66.55
022026,Bresimo,04,Trentino-Alto Adige/Südtirol,022,Trento,TN,2,Nord-est,B158,ITH,ITH2,ITH20,022026,40.651,46.421627,10.92422,240,5.9
022029,Caderzone Terme,04,Trentino-Alto Adige/Südtirol,022,Trento,TN,2,Nord-est,B335,ITH,ITH2,ITH20,022029,18.805,46.146462,10.731401,692,36.8
022032,Calceranica al Lago,04,Trentino-Alto Adige/Südtirol,022,Trento,TN,2,Nord-est,B389,ITH,ITH2,ITH20,022032,3.374,45.997897,11.24297,1397,414.05
022033,Caldes,04,Trentino-Alto Adige/Südtirol,022,Trento,TN,2,Nord-est,B400,ITH,ITH2,ITH20,022033,20.541,46.367229,10.94172,1122,54.62
022034,Caldonazzo,04,Trentino-Alto Adige/Südtirol,022,Trento,TN,2,Nord-est,B404,ITH,ITH2,ITH20,022034,21.12,45.983951,11.272531,4010,189.87
022035,Calliano,04,Trentino-Alto Adige/Südtirol,022,Trento,TN,2,Nord-est,B419,ITH,ITH2,ITH20,022035,10.187,45.96502,11.128293,2057,201.92
022036,Campitello di Fassa,04,Trentino-Alto Adige/Südtirol,022,Trento,TN,2,Nord-est,B514,ITH,ITH2,ITH20,022036,25.116,46.48802,11.698825,661,26.32
022037,Campodenno,04,Trentino-Alto Adige/Südtirol,022,Trento,TN,2,Nord-est,B525,ITH,ITH2,ITH20,022037,24.732,46.243672,10.985112,1532,61.94
022038,Canal San Bovo,04,Trentino-Alto Adige/Südtirol,022,Trento,TN,2,Nord-est,B577,ITH,ITH2,ITH20,022038,124.997,46.180699,11.701366,1484,11.87
022039,Canazei,04,Trentino-Alto Adige/Südtirol,022,Trento,TN,2,Nord-est,B579,ITH,ITH2,ITH20,022039,67.322,46.481119,11.782297,1903,28.27
022040,Capriana,04,Trentino-Alto Adige/Südtirol,022,Trento,TN,2,Nord-est,B697,ITH,ITH2,ITH20,022040,12.81,46.271352,11.335876,598,46.68
022042,Carisolo,04,Trentino-Alto Adige/Südtirol,022,Trento,TN,2,Nord-est,B783,ITH,ITH2,ITH20,022042,25.179,46.224701,10.719773,895,35.55
022043,Carzano,04,Trentino-Alto Adige/Südtirol,022,Trento,TN,2,Nord-est,B856,ITH,ITH2,ITH20,022043,1.739,46.075568,11.493305,518,297.87
022045,Castel Condino,04,Trentino-Alto Adige/Südtirol,022,Trento,TN,2,Nord-est,C183,ITH,ITH2,ITH20,022045,11.268,45.920224,10.595344,211,18.73
022240,Castel Ivano,04,Trentino-Alto Adige/Südtirol,022,Trento,TN,2,Nord-est,M354,ITH,ITH2,ITH20,022240,34.632,46.067553,11.543201,3309,95.55
022048,Castello Tesino,04,Trentino-Alto Adige/Südtirol,022,Trento,TN,2,Nord-est,C194,ITH,ITH2,ITH20,022048,112.602,46.114484,11.669403,1157,10.28
022047,Castello-Molina di Fiemme,04,Trentino-Alto Adige/Südtirol,022,Trento,TN,2,Nord-est,C189,ITH,ITH2,ITH20,022047,54.537,46.227061,11.430709,2327,42.67
022049,Castelnuovo,04,Trentino-Alto Adige/Südtirol,022,Trento,TN,2,Nord-est,C216,ITH,ITH2,ITH20,022049,13.37,46.034932,11.49449,1088,81.38
022050,Cavalese,04,Trentino-Alto Adige/Südtirol,022,Trento,TN,2,Nord-est,C372,ITH,ITH2,ITH20,022050,45.368,46.245985,11.470654,4026,88.74
022051,Cavareno,04,Trentino-Alto Adige/Südtirol,022,Trento,TN,2,Nord-est,C380,ITH,ITH2,ITH20,022051,9.496,46.402759,11.140495,1155,121.63
022052,Cavedago,04,Trentino-Alto Adige/Südtirol,022,Trento,TN,2,Nord-est,C392,ITH,ITH2,ITH20,022052,10.087,46.184107,11.009621,609,60.37
022053,Cavedine,04,Trentino-Alto Adige/Südtirol,022,Trento,TN,2,Nord-est,C393,ITH,ITH2,ITH20,022053,38.024,45.98089,10.991482,3103,81.61
022054,Cavizzana,04,Trentino-Alto Adige/Südtirol,022,Trento,TN,2,Nord-est,C400,ITH,ITH2,ITH20,022054,3.427,46.363594,10.962874,231,67.41
022241,Cembra Lisignago,04,Trentino-Alto Adige/Südtirol,022,Trento,TN,2,Nord-est,M355,ITH,ITH2,ITH20,022241,24.106,46.188197,11.205169,2374,98.48
022058,Cimone,04,Trentino-Alto Adige/Südtirol,022,Trento,TN,2,Nord-est,C700,ITH,ITH2,ITH20,022058,9.952,45.976721,11.064302,743,74.66
022059,Cinte Tesino,04,Trentino-Alto Adige/Südtirol,022,Trento,TN,2,Nord-est,C712,ITH,ITH2,ITH20,022059,30.458,46.116574,11.716707,352,11.56
022060,Cis,04,Trentino-Alto Adige/Südtirol,022,Trento,TN,2,Nord-est,C727,ITH,ITH2,ITH20,022060,5.735,46.401791,10.9925,294,51.26
022061,Civezzano,04,Trentino-Alto Adige/Südtirol,022,Trento,TN,2,Nord-est,C756,ITH,ITH2,ITH20,022061,15.772,46.102148,11.181229,4177,264.84
022062,Cles,04,Trentino-Alto Adige/Südtirol,022,Trento,TN,2,Nord-est,C794,ITH,ITH2,ITH20,022062,39.017,46.335684,10.946407,7480,191.71
022228,Comano Terme,04,Trentino-Alto Adige/Südtirol,022,Trento,TN,2,Nord-est,M314,ITH,ITH2,ITH20,022228,68.279,46.010103,10.884932,3059,44.8
022064,Commezzadura,04,Trentino-Alto Adige/Südtirol,022,Trento,TN,2,Nord-est,C931,ITH,ITH2,ITH20,022064,22.129,46.31336,10.83952,1005,45.42
022242,Contà,04,Trentino-Alto Adige/Südtirol,022,Trento,TN,2,Nord-est,M356,ITH,ITH2,ITH20,022242,19.062,46.299219,11.022143,1423,74.65
022068,Croviana,04,Trentino-Alto Adige/Südtirol,022,Trento,TN,2,Nord-est,D188,ITH,ITH2,ITH20,022068,5.074,46.332632,10.915222,677,133.43
022071,Dambel,04,Trentino-Alto Adige/Südtirol,022,Trento,TN,2,Nord-est,D246,ITH,ITH2,ITH20,022071,5.125,46.402648,11.09556,391,76.29
022074,Denno,04,Trentino-Alto Adige/Südtirol,022,Trento,TN,2,Nord-est,D273,ITH,ITH2,ITH20,022074,10.94,46.277462,11.047886,1246,113.89
022233,Dimaro Folgarida,04,Trentino-Alto Adige/Südtirol,022,Trento,TN,2,Nord-est,M366,ITH,ITH2,ITH20,022233,36.495,46.298071,10.884197,2130,58.36
022078,Drena,04,Trentino-Alto Adige/Südtirol,022,Trento,TN,2,Nord-est,D365,ITH,ITH2,ITH20,022078,8.273,45.95708,10.962348,609,73.61
022079,Dro,04,Trentino-Alto Adige/Südtirol,022,Trento,TN,2,Nord-est,D371,ITH,ITH2,ITH20,022079,27.772,45.989553,10.922516,5088,183.21
022081,Fai della Paganella,04,Trentino-Alto Adige/Südtirol,022,Trento,TN,2,Nord-est,D468,ITH,ITH2,ITH20,022081,12.1,46.17313,11.063415,941,77.77
022083,Fiavè,04,Trentino-Alto Adige/Südtirol,022,Trento,TN,2,Nord-est,D565,ITH,ITH2,ITH20,022083,24.181,45.989682,10.832759,1103,45.61
022085,Fierozzo,04,Trentino-Alto Adige/Südtirol,022,Trento,TN,2,Nord-est,D573,ITH,ITH2,ITH20,022085,18.011,46.101866,11.338377,454,25.21
022087,Folgaria,04,Trentino-Alto Adige/Südtirol,022,Trento,TN,2,Nord-est,D651,ITH,ITH2,ITH20,022087,71.732,45.902729,11.187771,3169,44.18
022089,Fornace,04,Trentino-Alto Adige/Südtirol,022,Trento,TN,2,Nord-est,D714,ITH,ITH2,ITH20,022089,7.167,46.125428,11.203849,1363,190.18
022090,Frassilongo,04,Trentino-Alto Adige/Südtirol,022,Trento,TN,2,Nord-est,D775,ITH,ITH2,ITH20,022090,16.879,46.0738,11.316356,336,19.91
022091,Garniga Terme,04,Trentino-Alto Adige/Südtirol,022,Trento,TN,2,Nord-est,D928,ITH,ITH2,ITH20,022091,12.955,45.999194,11.070999,427,32.96
022092,Giovo,04,Trentino-Alto Adige/Südtirol,022,Trento,TN,2,Nord-est,E048,ITH,ITH2,ITH20,022092,20.635,46.18675,11.147601,2518,122.03
022093,Giustino,04,Trentino-Alto Adige/Südtirol,022,Trento,TN,2,Nord-est,E065,ITH,ITH2,ITH20,022093,38.785,46.197798,10.68463,752,19.39
022095,Grigno,04,Trentino-Alto Adige/Südtirol,022,Trento,TN,2,Nord-est,E178,ITH,ITH2,ITH20,022095,46.275,45.997539,11.632289,2030,43.87
022097,Imer,04,Trentino-Alto Adige/Südtirol,022,Trento,TN,2,Nord-est,E288,ITH,ITH2,ITH20,022097,28.039,46.133037,11.789408,1152,41.09
022098,Isera,04,Trentino-Alto Adige/Südtirol,022,Trento,TN,2,Nord-est,E334,ITH,ITH2,ITH20,022098,14.134,45.893851,11.000955,2816,199.24
022102,Lavarone,04,Trentino-Alto Adige/Südtirol,022,Trento,TN,2,Nord-est,E492,ITH,ITH2,ITH20,022102,26.406,45.941092,11.288,1205,45.63
022103,Lavis,04,Trentino-Alto Adige/Südtirol,022,Trento,TN,2,Nord-est,E500,ITH,ITH2,ITH20,022103,12.344,46.152974,11.106932,9208,745.95
022229,Ledro,04,Trentino-Alto Adige/Südtirol,022,Trento,TN,2,Nord-est,M313,ITH,ITH2,ITH20,022229,156.415,45.885433,10.720823,5478,35.02
022104,Levico Terme,04,Trentino-Alto Adige/Südtirol,022,Trento,TN,2,Nord-est,E565,ITH,ITH2,ITH20,022104,62.839,45.996339,11.328891,8334,132.62
022106,Livo,04,Trentino-Alto Adige/Südtirol,022,Trento,TN,2,Nord-est,E624,ITH,ITH2,ITH20,022106,15.372,46.414837,11.008293,774,50.35
022108,Lona-Lases,04,Trentino-Alto Adige/Südtirol,022,Trento,TN,2,Nord-est,E664,ITH,ITH2,ITH20,022108,11.509,46.194638,11.367865,882,76.64
022109,Luserna,04,Trentino-Alto Adige/Südtirol,022,Trento,TN,2,Nord-est,E757,ITH,ITH2,ITH20,022109,8.182,45.934472,11.354447,263,32.14
022243,Madruzzo,04,Trentino-Alto Adige/Südtirol,022,Trento,TN,2,Nord-est,M357,ITH,ITH2,ITH20,022243,29.399,46.037738,10.983633,3006,102.25
022110,Malé,04,Trentino-Alto Adige/Südtirol,022,Trento,TN,2,Nord-est,E850,ITH,ITH2,ITH20,022110,26.395,46.364853,10.887895,2296,86.99
022112,Massimeno,04,Trentino-Alto Adige/Südtirol,022,Trento,TN,2,Nord-est,F045,ITH,ITH2,ITH20,022112,21.053,46.14584,10.626733,134,6.36
022113,Mazzin,04,Trentino-Alto Adige/Südtirol,022,Trento,TN,2,Nord-est,F068,ITH,ITH2,ITH20,022113,23.945,46.463141,11.712294,616,25.73
022114,Mezzana,04,Trentino-Alto Adige/Südtirol,022,Trento,TN,2,Nord-est,F168,ITH,ITH2,ITH20,022114,27.408,46.31798,10.80205,883,32.22
022115,Mezzano,04,Trentino-Alto Adige/Südtirol,022,Trento,TN,2,Nord-est,F176,ITH,ITH2,ITH20,022115,49.27,46.165702,11.803643,1584,32.15
022116,Mezzocorona,04,Trentino-Alto Adige/Südtirol,022,Trento,TN,2,Nord-est,F183,ITH,ITH2,ITH20,022116,25.191,46.228138,11.124243,5462,216.82
022117,Mezzolombardo,04,Trentino-Alto Adige/Südtirol,022,Trento,TN,2,Nord-est,F187,ITH,ITH2,ITH20,022117,13.883,46.204553,11.095741,7799,561.77
022118,Moena,04,Trentino-Alto Adige/Südtirol,022,Trento,TN,2,Nord-est,F263,ITH,ITH2,ITH20,022118,82.76,46.358794,11.687111,2551,30.82
022120,Molveno,04,Trentino-Alto Adige/Südtirol,022,Trento,TN,2,Nord-est,F307,ITH,ITH2,ITH20,022120,33.701,46.148867,10.967829,1100,32.64
022123,Mori,04,Trentino-Alto Adige/Südtirol,022,Trento,TN,2,Nord-est,F728,ITH,ITH2,ITH20,022123,34.14,45.862557,10.955684,10328,302.52
022124,Nago-Torbole,04,Trentino-Alto Adige/Südtirol,022,Trento,TN,2,Nord-est,F835,ITH,ITH2,ITH20,022124,28.523,45.849032,10.878294,2732,95.78
022127,Nogaredo,04,Trentino-Alto Adige/Südtirol,022,Trento,TN,2,Nord-est,F920,ITH,ITH2,ITH20,022127,3.541,45.906928,11.018988,2104,594.18
022128,Nomi,04,Trentino-Alto Adige/Südtirol,022,Trento,TN,2,Nord-est,F929,ITH,ITH2,ITH20,022128,6.433,45.944857,11.08681,1360,211.41
022129,Novaledo,04,Trentino-Alto Adige/Südtirol,022,Trento,TN,2,Nord-est,F947,ITH,ITH2,ITH20,022129,7.902,46.03361,11.367732,1151,145.66
022253,Novella,04,Trentino-Alto Adige/Südtirol,022,Trento,TN,2,Nord-est,M430,ITH,ITH2,ITH20,022253,46.49,46.434068,11.078173,3581,77.03
022130,Ospedaletto,04,Trentino-Alto Adige/Südtirol,022,Trento,TN,2,Nord-est,G168,ITH,ITH2,ITH20,022130,16.834,46.035939,11.571521,792,47.05
022131,Ossana,04,Trentino-Alto Adige/Südtirol,022,Trento,TN,2,Nord-est,G173,ITH,ITH2,ITH20,022131,24.903,46.281668,10.739434,826,33.17
022133,Palù del Fersina,04,Trentino-Alto Adige/Südtirol,022,Trento,TN,2,Nord-est,G296,ITH,ITH2,ITH20,022133,16.546,46.130142,11.365439,173,10.46
022134,Panchià,04,Trentino-Alto Adige/Südtirol,022,Trento,TN,2,Nord-est,G305,ITH,ITH2,ITH20,022134,20.327,46.275541,11.543751,819,40.29
022136,Peio,04,Trentino-Alto Adige/Südtirol,022,Trento,TN,2,Nord-est,G419,ITH,ITH2,ITH20,022136,162.289,46.375119,10.647385,1795,11.06
022137,Pellizzano,04,Trentino-Alto Adige/Südtirol,022,Trento,TN,2,Nord-est,G428,ITH,ITH2,ITH20,022137,48.849,46.356936,10.62982,740,15.15
022138,Pelugo,04,Trentino-Alto Adige/Südtirol,022,Trento,TN,2,Nord-est,G429,ITH,ITH2,ITH20,022138,22.972,46.103711,10.630941,388,16.89
022139,Pergine Valsugana,04,Trentino-Alto Adige/Südtirol,022,Trento,TN,2,Nord-est,G452,ITH,ITH2,ITH20,022139,53.986,46.060007,11.228305,21635,400.75
022142,Pieve Tesino,04,Trentino-Alto Adige/Südtirol,022,Trento,TN,2,Nord-est,G656,ITH,ITH2,ITH20,022142,69.52,46.197129,11.543457,666,9.58
022234,Pieve di Bono-Prezzo,04,Trentino-Alto Adige/Südtirol,022,Trento,TN,2,Nord-est,M365,ITH,ITH2,ITH20,022234,24.569,45.937871,10.662284,1461,59.47
022143,Pinzolo,04,Trentino-Alto Adige/Südtirol,022,Trento,TN,2,Nord-est,G681,ITH,ITH2,ITH20,022143,69.077,46.213642,10.789637,3076,44.53
022144,Pomarolo,04,Trentino-Alto Adige/Südtirol,022,Trento,TN,2,Nord-est,G808,ITH,ITH2,ITH20,022144,9.26,45.942101,11.057176,2416,260.91
022244,Porte di Rendena,04,Trentino-Alto Adige/Südtirol,022,Trento,TN,2,Nord-est,M358,ITH,ITH2,ITH20,022244,40.912,46.076952,10.664022,1814,44.34
022230,Predaia,04,Trentino-Alto Adige/Südtirol,022,Trento,TN,2,Nord-est,M344,ITH,ITH2,ITH20,022230,79.145,46.327861,11.089211,7054,89.13
022147,Predazzo,04,Trentino-Alto Adige/Südtirol,022,Trento,TN,2,Nord-est,H018,ITH,ITH2,ITH20,022147,109.815,46.319867,11.642566,4510,41.07
022245,Primiero San Martino di Castrozza,04,Trentino-Alto Adige/Südtirol,022,Trento,TN,2,Nord-est,M359,ITH,ITH2,ITH20,022245,198.961,46.247896,11.837501,4964,24.95
022150,Rabbi,04,Trentino-Alto Adige/Südtirol,022,Trento,TN,2,Nord-est,H146,ITH,ITH2,ITH20,022150,133.06,46.417575,10.802164,1374,10.33
022153,Riva del Garda,04,Trentino-Alto Adige/Südtirol,022,Trento,TN,2,Nord-est,H330,ITH,ITH2,ITH20,022153,40.722,45.902497,10.816926,17758,436.08
022155,Romeno,04,Trentino-Alto Adige/Südtirol,022,Trento,TN,2,Nord-est,H517,ITH,ITH2,ITH20,022155,9.183,46.387273,11.111998,1529,166.5
022156,Roncegno Terme,04,Trentino-Alto Adige/Südtirol,022,Trento,TN,2,Nord-est,H528,ITH,ITH2,ITH20,022156,38.032,46.054957,11.386866,3020,79.41
022157,Ronchi Valsugana,04,Trentino-Alto Adige/Südtirol,022,Trento,TN,2,Nord-est,H532,ITH,ITH2,ITH20,022157,9.986,46.080354,11.420975,450,45.06
022135,Ronzo-Chienis,04,Trentino-Alto Adige/Südtirol,022,Trento,TN,2,Nord-est,M303,ITH,ITH2,ITH20,022135,13.193,45.900456,10.956305,1004,76.1
022159,Ronzone,04,Trentino-Alto Adige/Südtirol,022,Trento,TN,2,Nord-est,H552,ITH,ITH2,ITH20,022159,5.327,46.423521,11.155058,515,96.68
022161,Rovereto,04,Trentino-Alto Adige/Südtirol,022,Trento,TN,2,Nord-est,H612,ITH,ITH2,ITH20,022161,51.235,45.859436,11.028544,40513,790.73
022160,Roverè della Luna,04,Trentino-Alto Adige/Südtirol,022,Trento,TN,2,Nord-est,H607,ITH,ITH2,ITH20,022160,10.346,46.257781,11.166566,1658,160.26
022162,Ruffrè-Mendola,04,Trentino-Alto Adige/Südtirol,022,Trento,TN,2,Nord-est,H634,ITH,ITH2,ITH20,022162,6.822,46.423542,11.193862,399,58.49
022163,Rumo,04,Trentino-Alto Adige/Südtirol,022,Trento,TN,2,Nord-est,H639,ITH,ITH2,ITH20,022163,30.752,46.452173,10.986181,783,25.46
022164,Sagron Mis,04,Trentino-Alto Adige/Südtirol,022,Trento,TN,2,Nord-est,H666,ITH,ITH2,ITH20,022164,11.384,46.194283,11.942764,171,15.02
022165,Samone,04,Trentino-Alto Adige/Südtirol,022,Trento,TN,2,Nord-est,H754,ITH,ITH2,ITH20,022165,5.029,46.087941,11.524465,540,107.38
022250,San Giovanni di Fassa,04,Trentino-Alto Adige/Südtirol,022,Trento,TN,2,Nord-est,M390,ITH,ITH2,ITH20,022250,99.294,46.424204,11.730966,3633,36.59
022231,San Lorenzo Dorsino,04,Trentino-Alto Adige/Südtirol,022,Trento,TN,2,Nord-est,M345,ITH,ITH2,ITH20,022231,74.237,46.107407,10.904761,1565,21.08
022167,San Michele all'Adige,04,Trentino-Alto Adige/Südtirol,022,Trento,TN,2,Nord-est,I042,ITH,ITH2,ITH20,022167,16.271,46.20088,11.157264,4098,251.86
022168,Sant'Orsola Terme,04,Trentino-Alto Adige/Südtirol,022,Trento,TN,2,Nord-est,I354,ITH,ITH2,ITH20,022168,15.463,46.110391,11.291711,1141,73.79
022169,Sanzeno,04,Trentino-Alto Adige/Südtirol,022,Trento,TN,2,Nord-est,I411,ITH,ITH2,ITH20,022169,7.803,46.374424,11.068355,900,115.34
022170,Sarnonico,04,Trentino-Alto Adige/Südtirol,022,Trento,TN,2,Nord-est,I439,ITH,ITH2,ITH20,022170,11.794,46.432715,11.16948,783,66.39
022171,Scurelle,04,Trentino-Alto Adige/Südtirol,022,Trento,TN,2,Nord-est,I554,ITH,ITH2,ITH20,022171,29.632,46.117331,11.508117,1381,46.61
022172,Segonzano,04,Trentino-Alto Adige/Südtirol,022,Trento,TN,2,Nord-est,I576,ITH,ITH2,ITH20,022172,20.633,46.192898,11.284618,1408,68.24
022246,Sella Giudicarie,04,Trentino-Alto Adige/Südtirol,022,Trento,TN,2,Nord-est,M360,ITH,ITH2,ITH20,022246,85.753,46.01329,10.644143,2985,34.81
022173,Sfruz,04,Trentino-Alto Adige/Südtirol,022,Trento,TN,2,Nord-est,I714,ITH,ITH2,ITH20,022173,12.51,46.340392,11.173903,383,30.62
022176,Soraga di Fassa,04,Trentino-Alto Adige/Südtirol,022,Trento,TN,2,Nord-est,I839,ITH,ITH2,ITH20,022176,19.725,46.39451,11.67264,714,36.2
022177,Sover,04,Trentino-Alto Adige/Südtirol,022,Trento,TN,2,Nord-est,I871,ITH,ITH2,ITH20,022177,14.851,46.223473,11.325168,807,54.34
022179,Spiazzo,04,Trentino-Alto Adige/Südtirol,022,Trento,TN,2,Nord-est,I899,ITH,ITH2,ITH20,022179,70.766,46.121336,10.679236,1275,18.02
022180,Spormaggiore,04,Trentino-Alto Adige/Südtirol,022,Trento,TN,2,Nord-est,I924,ITH,ITH2,ITH20,022180,29.809,46.206948,11.03772,1293,43.38
022181,Sporminore,04,Trentino-Alto Adige/Südtirol,022,Trento,TN,2,Nord-est,I925,ITH,ITH2,ITH20,022181,17.79,46.225414,11.006013,722,40.58
022182,Stenico,04,Trentino-Alto Adige/Südtirol,022,Trento,TN,2,Nord-est,I949,ITH,ITH2,ITH20,022182,49.119,46.078193,10.843699,1186,24.15
022183,Storo,04,Trentino-Alto Adige/Südtirol,022,Trento,TN,2,Nord-est,I964,ITH,ITH2,ITH20,022183,63.56,45.858027,10.56254,4495,70.72
022184,Strembo,04,Trentino-Alto Adige/Südtirol,022,Trento,TN,2,Nord-est,I975,ITH,ITH2,ITH20,022184,38.667,46.186164,10.64075,571,14.77
022188,Telve,04,Trentino-Alto Adige/Südtirol,022,Trento,TN,2,Nord-est,L089,ITH,ITH2,ITH20,022188,64.198,46.122061,11.479046,1938,30.19
022189,Telve di Sopra,04,Trentino-Alto Adige/Südtirol,022,Trento,TN,2,Nord-est,L090,ITH,ITH2,ITH20,022189,17.922,46.099454,11.452786,618,34.48
022190,Tenna,04,Trentino-Alto Adige/Südtirol,022,Trento,TN,2,Nord-est,L096,ITH,ITH2,ITH20,022190,3.169,46.020007,11.260912,1063,335.44
022191,Tenno,04,Trentino-Alto Adige/Südtirol,022,Trento,TN,2,Nord-est,L097,ITH,ITH2,ITH20,022191,28.341,45.936764,10.814542,2054,72.47
022193,Terragnolo,04,Trentino-Alto Adige/Südtirol,022,Trento,TN,2,Nord-est,L121,ITH,ITH2,ITH20,022193,39.528,45.856048,11.177021,703,17.78
022251,Terre d'Adige,04,Trentino-Alto Adige/Südtirol,022,Trento,TN,2,Nord-est,M407,ITH,ITH2,ITH20,022251,16.389,46.15773,11.074547,3128,190.86
022195,Terzolas,04,Trentino-Alto Adige/Südtirol,022,Trento,TN,2,Nord-est,L145,ITH,ITH2,ITH20,022195,5.883,46.364434,10.9281,644,109.47
022196,Tesero,04,Trentino-Alto Adige/Südtirol,022,Trento,TN,2,Nord-est,L147,ITH,ITH2,ITH20,022196,50.85,46.274243,11.520059,2996,58.92
022199,Tione di Trento,04,Trentino-Alto Adige/Südtirol,022,Trento,TN,2,Nord-est,L174,ITH,ITH2,ITH20,022199,33.351,46.038799,10.70058,3772,113.1
022200,Ton,04,Trentino-Alto Adige/Südtirol,022,Trento,TN,2,Nord-est,L200,ITH,ITH2,ITH20,022200,26.189,46.260176,11.097607,1306,49.87
022202,Torcegno,04,Trentino-Alto Adige/Südtirol,022,Trento,TN,2,Nord-est,L211,ITH,ITH2,ITH20,022202,15.289,46.093867,11.430413,704,46.05
022203,Trambileno,04,Trentino-Alto Adige/Südtirol,022,Trento,TN,2,Nord-est,L322,ITH,ITH2,ITH20,022203,50.595,45.833088,11.127454,1519,30.02
022247,Tre Ville,04,Trentino-Alto Adige/Südtirol,022,Trento,TN,2,Nord-est,M361,ITH,ITH2,ITH20,022247,81.889,46.071746,10.777793,1359,16.6
022205,Trento,04,Trentino-Alto Adige/Südtirol,022,Trento,TN,2,Nord-est,L378,ITH,ITH2,ITH20,022205,157.782,46.063306,11.108859,119359,756.48
022232,Valdaone,04,Trentino-Alto Adige/Südtirol,022,Trento,TN,2,Nord-est,M343,ITH,ITH2,ITH20,022232,177.272,46.033531,10.528199,1165,6.57
022209,Valfloriana,04,Trentino-Alto Adige/Südtirol,022,Trento,TN,2,Nord-est,L575,ITH,ITH2,ITH20,022209,39.386,46.214879,11.390625,477,12.11
022210,Vallarsa,04,Trentino-Alto Adige/Südtirol,022,Trento,TN,2,Nord-est,L588,ITH,ITH2,ITH20,022210,78.198,45.797333,11.110746,1400,17.9
022248,Vallelaghi,04,Trentino-Alto Adige/Südtirol,022,Trento,TN,2,Nord-est,M362,ITH,ITH2,ITH20,022248,72.505,46.099495,11.013869,5227,72.09
022213,Vermiglio,04,Trentino-Alto Adige/Südtirol,022,Trento,TN,2,Nord-est,L769,ITH,ITH2,ITH20,022213,95.68,46.26633,10.64835,1767,18.47
022216,Vignola-Falesina,04,Trentino-Alto Adige/Südtirol,022,Trento,TN,2,Nord-est,L886,ITH,ITH2,ITH20,022216,12.166,46.05085,11.282836,217,17.84
022222,Villa Lagarina,04,Trentino-Alto Adige/Südtirol,022,Trento,TN,2,Nord-est,L957,ITH,ITH2,ITH20,022222,24.191,45.945454,11.019939,3865,159.77
022249,Ville d'Anaunia,04,Trentino-Alto Adige/Südtirol,022,Trento,TN,2,Nord-est,M363,ITH,ITH2,ITH20,022249,89.792,46.272619,10.939249,4659,51.89
022254,Ville di Fiemme,04,Trentino-Alto Adige/Südtirol,022,Trento,TN,2,Nord-est,M431,ITH,ITH2,ITH20,022254,46.032,46.321694,11.445391,2633,57.2
022224,Volano,04,Trentino-Alto Adige/Südtirol,022,Trento,TN,2,Nord-est,M113,ITH,ITH2,ITH20,022224,10.801,45.913234,11.081569,3182,294.6
022226,Ziano di Fiemme,04,Trentino-Alto Adige/Südtirol,022,Trento,TN,2,Nord-est,M173,ITH,ITH2,ITH20,022226,35.918,46.270579,11.587289,1752,48.78
054001,Assisi,10,Umbria,054,Perugia,PG,3,Centro,A475,ITI,ITI2,ITI21,054001,186.925,43.084624,12.625005,27400,146.58
054002,Bastia Umbra,10,Umbria,054,Perugia,PG,3,Centro,A710,ITI,ITI2,ITI21,054002,27.447,43.063933,12.532339,21497,783.22
054003,Bettona,10,Umbria,054,Perugia,PG,3,Centro,A832,ITI,ITI2,ITI21,054003,44.962,43.00003,12.488409,4247,94.46
054004,Bevagna,10,Umbria,054,Perugia,PG,3,Centro,A835,ITI,ITI2,ITI21,054004,55.981,42.945268,12.575153,4736,84.6
054005,Campello sul Clitunno,10,Umbria,054,Perugia,PG,3,Centro,B504,ITI,ITI2,ITI21,054005,50.172,42.846782,12.808739,2311,46.06
054006,Cannara,10,Umbria,054,Perugia,PG,3,Centro,B609,ITI,ITI2,ITI21,054006,33.117,42.985034,12.523186,4169,125.89
054007,Cascia,10,Umbria,054,Perugia,PG,3,Centro,B948,ITI,ITI2,ITI21,054007,180.69,42.703169,13.035662,2930,16.22
054008,Castel Ritaldi,10,Umbria,054,Perugia,PG,3,Centro,C252,ITI,ITI2,ITI21,054008,22.861,42.827104,12.66341,2994,130.97
054009,Castiglione del Lago,10,Umbria,054,Perugia,PG,3,Centro,C309,ITI,ITI2,ITI21,054009,204.757,43.100716,12.024648,15202,74.24
054010,Cerreto di Spoleto,10,Umbria,054,Perugia,PG,3,Centro,C527,ITI,ITI2,ITI21,054010,74.311,42.810007,12.920336,961,12.93
054011,Citerna,10,Umbria,054,Perugia,PG,3,Centro,C742,ITI,ITI2,ITI21,054011,23.357,43.50734,12.127624,3383,144.84
054012,Città della Pieve,10,Umbria,054,Perugia,PG,3,Centro,C744,ITI,ITI2,ITI21,054012,111.268,42.942738,11.999215,7377,66.3
054013,Città di Castello,10,Umbria,054,Perugia,PG,3,Centro,C745,ITI,ITI2,ITI21,054013,386.584,43.449456,12.277342,37847,97.9
054014,Collazzone,10,Umbria,054,Perugia,PG,3,Centro,C845,ITI,ITI2,ITI21,054014,56.094,42.912193,12.41297,3284,58.54
054015,Corciano,10,Umbria,054,Perugia,PG,3,Centro,C990,ITI,ITI2,ITI21,054015,64.105,43.127074,12.278689,21603,336.99
054016,Costacciaro,10,Umbria,054,Perugia,PG,3,Centro,D108,ITI,ITI2,ITI21,054016,41.218,43.365082,12.704907,1020,24.75
054017,Deruta,10,Umbria,054,Perugia,PG,3,Centro,D279,ITI,ITI2,ITI21,054017,44.549,42.976647,12.432254,9562,214.64
054018,Foligno,10,Umbria,054,Perugia,PG,3,Centro,D653,ITI,ITI2,ITI21,054018,264.268,42.985255,12.803905,55262,209.11
054019,Fossato di Vico,10,Umbria,054,Perugia,PG,3,Centro,D745,ITI,ITI2,ITI21,054019,35.63,43.304962,12.763647,2585,72.55
054020,Fratta Todina,10,Umbria,054,Perugia,PG,3,Centro,D787,ITI,ITI2,ITI21,054020,17.303,42.871294,12.352082,1913,110.56
054021,Giano dell'Umbria,10,Umbria,054,Perugia,PG,3,Centro,E012,ITI,ITI2,ITI21,054021,44.412,42.83974,12.572568,3669,82.61
054022,Gualdo Cattaneo,10,Umbria,054,Perugia,PG,3,Centro,E229,ITI,ITI2,ITI21,054022,95.68,42.899891,12.522211,5628,58.82
054023,Gualdo Tadino,10,Umbria,054,Perugia,PG,3,Centro,E230,ITI,ITI2,ITI21,054023,124.111,43.223359,12.760259,14133,113.87
054024,Gubbio,10,Umbria,054,Perugia,PG,3,Centro,E256,ITI,ITI2,ITI21,054024,524.844,43.34951,12.535059,30190,57.52
054025,Lisciano Niccone,10,Umbria,054,Perugia,PG,3,Centro,E613,ITI,ITI2,ITI21,054025,35.564,43.245392,12.151533,602,16.93
054026,Magione,10,Umbria,054,Perugia,PG,3,Centro,E805,ITI,ITI2,ITI21,054026,129.321,43.13967,12.176766,14662,113.38
054027,Marsciano,10,Umbria,054,Perugia,PG,3,Centro,E975,ITI,ITI2,ITI21,054027,161.26,42.95916,12.307856,17962,111.39
054028,Massa Martana,10,Umbria,054,Perugia,PG,3,Centro,F024,ITI,ITI2,ITI21,054028,78.55,42.77716,12.526139,3553,45.23
054029,Monte Castello di Vibio,10,Umbria,054,Perugia,PG,3,Centro,F456,ITI,ITI2,ITI21,054029,32.021,42.824835,12.33591,1378,43.03
054032,Monte Santa Maria Tiberina,10,Umbria,054,Perugia,PG,3,Centro,F629,ITI,ITI2,ITI21,054032,72.36,43.431802,12.129508,1045,14.44
054030,Montefalco,10,Umbria,054,Perugia,PG,3,Centro,F492,ITI,ITI2,ITI21,054030,69.294,42.882671,12.640803,5266,76.0
054031,Monteleone di Spoleto,10,Umbria,054,Perugia,PG,3,Centro,F540,ITI,ITI2,ITI21,054031,62.28,42.640568,12.947619,535,8.59
054033,Montone,10,Umbria,054,Perugia,PG,3,Centro,F685,ITI,ITI2,ITI21,054033,52.087,43.375833,12.339983,1534,29.45
054034,Nocera Umbra,10,Umbria,054,Perugia,PG,3,Centro,F911,ITI,ITI2,ITI21,054034,157.615,43.140317,12.771962,5474,34.73
054035,Norcia,10,Umbria,054,Perugia,PG,3,Centro,F935,ITI,ITI2,ITI21,054035,275.207,42.772687,13.108152,4399,15.98
054036,Paciano,10,Umbria,054,Perugia,PG,3,Centro,G212,ITI,ITI2,ITI21,054036,16.817,43.026611,12.055329,923,54.88
054037,Panicale,10,Umbria,054,Perugia,PG,3,Centro,G308,ITI,ITI2,ITI21,054037,79.142,43.050879,12.148106,5317,67.18
054038,Passignano sul Trasimeno,10,Umbria,054,Perugia,PG,3,Centro,G359,ITI,ITI2,ITI21,054038,81.315,43.187563,12.180281,5686,69.93
054039,Perugia,10,Umbria,054,Perugia,PG,3,Centro,G478,ITI,ITI2,ITI21,054039,448.927,43.139196,12.435193,162384,361.72
054040,Piegaro,10,Umbria,054,Perugia,PG,3,Centro,G601,ITI,ITI2,ITI21,054040,98.928,42.97051,12.143234,3321,33.57
054041,Pietralunga,10,Umbria,054,Perugia,PG,3,Centro,G618,ITI,ITI2,ITI21,054041,139.964,43.444141,12.412669,2010,14.36
054042,Poggiodomo,10,Umbria,054,Perugia,PG,3,Centro,G758,ITI,ITI2,ITI21,054042,39.982,42.725712,12.921902,81,2.03
054043,Preci,10,Umbria,054,Perugia,PG,3,Centro,H015,ITI,ITI2,ITI21,054043,81.636,42.867106,13.029258,678,8.31
054044,San Giustino,10,Umbria,054,Perugia,PG,3,Centro,H935,ITI,ITI2,ITI21,054044,80.041,43.55574,12.196121,11020,137.68
054045,Sant'Anatolia di Narco,10,Umbria,054,Perugia,PG,3,Centro,I263,ITI,ITI2,ITI21,054045,46.451,42.725132,12.848178,490,10.55
054046,Scheggia e Pascelupo,10,Umbria,054,Perugia,PG,3,Centro,I522,ITI,ITI2,ITI21,054046,63.824,43.422641,12.702506,1231,19.29
054047,Scheggino,10,Umbria,054,Perugia,PG,3,Centro,I523,ITI,ITI2,ITI21,054047,36.086,42.682283,12.840708,422,11.69
054048,Sellano,10,Umbria,054,Perugia,PG,3,Centro,I585,ITI,ITI2,ITI21,054048,85.55,42.89212,12.897999,918,10.73
054049,Sigillo,10,Umbria,054,Perugia,PG,3,Centro,I727,ITI,ITI2,ITI21,054049,26.164,43.327854,12.732069,2282,87.22
054050,Spello,10,Umbria,054,Perugia,PG,3,Centro,I888,ITI,ITI2,ITI21,054050,61.707,43.011278,12.665974,8208,133.02
054051,Spoleto,10,Umbria,054,Perugia,PG,3,Centro,I921,ITI,ITI2,ITI21,054051,346.607,42.720104,12.709171,35875,103.5
054052,Todi,10,Umbria,054,Perugia,PG,3,Centro,L188,ITI,ITI2,ITI21,054052,223.387,42.779535,12.395438,15432,69.08
054053,Torgiano,10,Umbria,054,Perugia,PG,3,Centro,L216,ITI,ITI2,ITI21,054053,37.345,43.041967,12.449586,6628,177.48
054054,Trevi,10,Umbria,054,Perugia,PG,3,Centro,L397,ITI,ITI2,ITI21,054054,70.906,42.884125,12.753237,7969,112.39
054055,Tuoro sul Trasimeno,10,Umbria,054,Perugia,PG,3,Centro,L466,ITI,ITI2,ITI21,054055,55.812,43.196939,12.068343,3793,67.96
054056,Umbertide,10,Umbria,054,Perugia,PG,3,Centro,D786,ITI,ITI2,ITI21,054056,199.589,43.281423,12.30792,16207,81.2
054057,Valfabbrica,10,Umbria,054,Perugia,PG,3,Centro,L573,ITI,ITI2,ITI21,054057,92.492,43.182818,12.633272,3225,34.87
054058,Vallo di Nera,10,Umbria,054,Perugia,PG,3,Centro,L627,ITI,ITI2,ITI21,054058,36.26,42.777836,12.858682,317,8.74
054059,Valtopina,10,Umbria,054,Perugia,PG,3,Centro,L653,ITI,ITI2,ITI21,054059,40.362,43.063907,12.754341,1258,31.17
055001,Acquasparta,10,Umbria,055,Terni,TR,3,Centro,A045,ITI,ITI2,ITI22,055001,81.559,42.696693,12.530015,4330,53.09
055002,Allerona,10,Umbria,055,Terni,TR,3,Centro,A207,ITI,ITI2,ITI22,055002,83.001,42.817444,11.969657,1679,20.23
055003,Alviano,10,Umbria,055,Terni,TR,3,Centro,A242,ITI,ITI2,ITI22,055003,23.908,42.591305,12.279822,1318,55.13
055004,Amelia,10,Umbria,055,Terni,TR,3,Centro,A262,ITI,ITI2,ITI22,055004,132.268,42.558925,12.41181,11404,86.22
055005,Arrone,10,Umbria,055,Terni,TR,3,Centro,A439,ITI,ITI2,ITI22,055005,41.382,42.568596,12.794672,2504,60.51
055006,Attigliano,10,Umbria,055,Terni,TR,3,Centro,A490,ITI,ITI2,ITI22,055006,10.704,42.522664,12.297105,1962,183.3
055033,Avigliano Umbro,10,Umbria,055,Terni,TR,3,Centro,M258,ITI,ITI2,ITI22,055033,51.162,42.66703,12.412724,2308,45.11
055007,Baschi,10,Umbria,055,Terni,TR,3,Centro,A691,ITI,ITI2,ITI22,055007,68.532,42.700901,12.297873,2544,37.12
055008,Calvi dell'Umbria,10,Umbria,055,Terni,TR,3,Centro,B446,ITI,ITI2,ITI22,055008,45.639,42.399588,12.554404,1660,36.37
055009,Castel Giorgio,10,Umbria,055,Terni,TR,3,Centro,C117,ITI,ITI2,ITI22,055009,42.33,42.70133,11.978365,1992,47.06
055010,Castel Viscardo,10,Umbria,055,Terni,TR,3,Centro,C289,ITI,ITI2,ITI22,055010,26.321,42.761139,12.013757,2640,100.3
055011,Fabro,10,Umbria,055,Terni,TR,3,Centro,D454,ITI,ITI2,ITI22,055011,34.592,42.867821,12.005558,2570,74.29
055012,Ferentillo,10,Umbria,055,Terni,TR,3,Centro,D538,ITI,ITI2,ITI22,055012,69.247,42.628707,12.814821,1767,25.52
055013,Ficulle,10,Umbria,055,Terni,TR,3,Centro,D570,ITI,ITI2,ITI22,055013,64.079,42.81547,12.080834,1548,24.16
055014,Giove,10,Umbria,055,Terni,TR,3,Centro,E045,ITI,ITI2,ITI22,055014,15.081,42.506665,12.32805,1829,121.28
055015,Guardea,10,Umbria,055,Terni,TR,3,Centro,E241,ITI,ITI2,ITI22,055015,39.515,42.623128,12.297746,1714,43.38
055016,Lugnano in Teverina,10,Umbria,055,Terni,TR,3,Centro,E729,ITI,ITI2,ITI22,055016,29.676,42.575512,12.321116,1390,46.84
055017,Montecastrilli,10,Umbria,055,Terni,TR,3,Centro,F457,ITI,ITI2,ITI22,055017,62.268,42.649903,12.492164,4787,76.88
055018,Montecchio,10,Umbria,055,Terni,TR,3,Centro,F462,ITI,ITI2,ITI22,055018,49.094,42.660685,12.29497,1427,29.07
055019,Montefranco,10,Umbria,055,Terni,TR,3,Centro,F510,ITI,ITI2,ITI22,055019,10.113,42.602871,12.751054,1243,122.91
055020,Montegabbione,10,Umbria,055,Terni,TR,3,Centro,F513,ITI,ITI2,ITI22,055020,50.9,42.907669,12.120047,1095,21.51
055021,Monteleone d'Orvieto,10,Umbria,055,Terni,TR,3,Centro,F543,ITI,ITI2,ITI22,055021,23.816,42.911681,12.043717,1357,56.98
055022,Narni,10,Umbria,055,Terni,TR,3,Centro,F844,ITI,ITI2,ITI22,055022,197.806,42.510079,12.531883,17626,89.11
055023,Orvieto,10,Umbria,055,Terni,TR,3,Centro,G148,ITI,ITI2,ITI22,055023,281.048,42.723554,12.132879,19052,67.79
055024,Otricoli,10,Umbria,055,Terni,TR,3,Centro,G189,ITI,ITI2,ITI22,055024,27.633,42.443305,12.561381,1717,62.14
055025,Parrano,10,Umbria,055,Terni,TR,3,Centro,G344,ITI,ITI2,ITI22,055025,40.107,42.855904,12.14063,492,12.27
055026,Penna in Teverina,10,Umbria,055,Terni,TR,3,Centro,G432,ITI,ITI2,ITI22,055026,10.273,42.49679,12.368003,1024,99.68
055027,Polino,10,Umbria,055,Terni,TR,3,Centro,G790,ITI,ITI2,ITI22,055027,19.517,42.58369,12.858222,233,11.94
055028,Porano,10,Umbria,055,Terni,TR,3,Centro,G881,ITI,ITI2,ITI22,055028,13.478,42.680466,12.097175,1816,134.74
055029,San Gemini,10,Umbria,055,Terni,TR,3,Centro,H857,ITI,ITI2,ITI22,055029,28.049,42.610124,12.536613,4611,164.39
055030,San Venanzo,10,Umbria,055,Terni,TR,3,Centro,I381,ITI,ITI2,ITI22,055030,168.799,42.858842,12.256079,2122,12.57
055031,Stroncone,10,Umbria,055,Terni,TR,3,Centro,I981,ITI,ITI2,ITI22,055031,70.876,42.47727,12.671488,4606,64.99
055032,Terni,10,Umbria,055,Terni,TR,3,Centro,L117,ITI,ITI2,ITI22,055032,211.866,42.588268,12.653915,106272,501.6
007001,Allein,02,Valle d'Aosta/Vallée d'Aoste,007,Valle d'Aosta/Vallée d'Aoste,AO,1,Nord-ovest,A205,ITC,ITC2,ITC20,007001,8.143,45.816358,7.274793,197,24.19
007002,Antey-Saint-André,02,Valle d'Aosta/Vallée d'Aoste,007,Valle d'Aosta/Vallée d'Aoste,AO,1,Nord-ovest,A305,ITC,ITC2,ITC20,007002,11.766,45.806613,7.59858,552,46.91
007003,Aosta,02,Valle d'Aosta/Vallée d'Aoste,007,Valle d'Aosta/Vallée d'Aoste,AO,1,Nord-ovest,A326,ITC,ITC2,ITC20,007003,21.409,45.750287,7.305799,33127,1547.34
007004,Arnad,02,Valle d'Aosta/Vallée d'Aoste,007,Valle d'Aosta/Vallée d'Aoste,AO,1,Nord-ovest,A424,ITC,ITC2,ITC20,007004,28.537,45.644222,7.744609,1215,42.58
007005,Arvier,02,Valle d'Aosta/Vallée d'Aoste,007,Valle d'Aosta/Vallée d'Aoste,AO,1,Nord-ovest,A452,ITC,ITC2,ITC20,007005,33.321,45.668982,7.103955,819,24.58
007006,Avise,02,Valle d'Aosta/Vallée d'Aoste,007,Valle d'Aosta/Vallée d'Aoste,AO,1,Nord-ovest,A521,ITC,ITC2,ITC20,007006,52.645,45.725882,7.116339,294,5.58
007007,Ayas,02,Valle d'Aosta/Vallée d'Aoste,007,Valle d'Aosta/Vallée d'Aoste,AO,1,Nord-ovest,A094,ITC,ITC2,ITC20,007007,129.281,45.863706,7.732161,1370,10.6
007008,Aymavilles,02,Valle d'Aosta/Vallée d'Aoste,007,Valle d'Aosta/Vallée d'Aoste,AO,1,Nord-ovest,A108,ITC,ITC2,ITC20,007008,53.378,45.654157,7.25973,2093,39.21
007009,Bard,02,Valle d'Aosta/Vallée d'Aoste,007,Valle d'Aosta/Vallée d'Aoste,AO,1,Nord-ovest,A643,ITC,ITC2,ITC20,007009,3.139,45.613842,7.748359,99,31.54
007010,Bionaz,02,Valle d'Aosta/Vallée d'Aoste,007,Valle d'Aosta/Vallée d'Aoste,AO,1,Nord-ovest,A877,ITC,ITC2,ITC20,007010,142.43,45.913556,7.498866,212,1.49
007011,Brissogne,02,Valle d'Aosta/Vallée d'Aoste,007,Valle d'Aosta/Vallée d'Aoste,AO,1,Nord-ovest,B192,ITC,ITC2,ITC20,007011,26.024,45.70012,7.405798,979,37.62
007012,Brusson,02,Valle d'Aosta/Vallée d'Aoste,007,Valle d'Aosta/Vallée d'Aoste,AO,1,Nord-ovest,B230,ITC,ITC2,ITC20,007012,55.15,45.754753,7.754634,823,14.92
007013,Challand-Saint-Anselme,02,Valle d'Aosta/Vallée d'Aoste,007,Valle d'Aosta/Vallée d'Aoste,AO,1,Nord-ovest,C593,ITC,ITC2,ITC20,007013,28.054,45.716728,7.761678,755,26.91
007014,Challand-Saint-Victor,02,Valle d'Aosta/Vallée d'Aoste,007,Valle d'Aosta/Vallée d'Aoste,AO,1,Nord-ovest,C594,ITC,ITC2,ITC20,007014,25.11,45.683677,7.73539,577,22.98
007015,Chambave,02,Valle d'Aosta/Vallée d'Aoste,007,Valle d'Aosta/Vallée d'Aoste,AO,1,Nord-ovest,C595,ITC,ITC2,ITC20,007015,21.458,45.710956,7.551021,880,41.01
007016,Chamois,02,Valle d'Aosta/Vallée d'Aoste,007,Valle d'Aosta/Vallée d'Aoste,AO,1,Nord-ovest,B491,ITC,ITC2,ITC20,007016,14.906,45.841114,7.643947,113,7.58
007017,Champdepraz,02,Valle d'Aosta/Vallée d'Aoste,007,Valle d'Aosta/Vallée d'Aoste,AO,1,Nord-ovest,C596,ITC,ITC2,ITC20,007017,48.764,45.668122,7.591815,702,14.4
007018,Champorcher,02,Valle d'Aosta/Vallée d'Aoste,007,Valle d'Aosta/Vallée d'Aoste,AO,1,Nord-ovest,B540,ITC,ITC2,ITC20,007018,68.336,45.603276,7.573575,360,5.27
007019,Charvensod,02,Valle d'Aosta/Vallée d'Aoste,007,Valle d'Aosta/Vallée d'Aoste,AO,1,Nord-ovest,C598,ITC,ITC2,ITC20,007019,25.786,45.69352,7.340933,2411,93.5
007020,Châtillon,02,Valle d'Aosta/Vallée d'Aoste,007,Valle d'Aosta/Vallée d'Aoste,AO,1,Nord-ovest,C294,ITC,ITC2,ITC20,007020,39.36,45.760432,7.62524,4299,109.22
007021,Cogne,02,Valle d'Aosta/Vallée d'Aoste,007,Valle d'Aosta/Vallée d'Aoste,AO,1,Nord-ovest,C821,ITC,ITC2,ITC20,007021,212.949,45.591133,7.380832,1329,6.24
007022,Courmayeur,02,Valle d'Aosta/Vallée d'Aoste,007,Valle d'Aosta/Vallée d'Aoste,AO,1,Nord-ovest,D012,ITC,ITC2,ITC20,007022,209.821,45.833025,6.946726,2494,11.89
007023,Donnas,02,Valle d'Aosta/Vallée d'Aoste,007,Valle d'Aosta/Vallée d'Aoste,AO,1,Nord-ovest,D338,ITC,ITC2,ITC20,007023,34.092,45.587767,7.752676,2394,70.22
007024,Doues,02,Valle d'Aosta/Vallée d'Aoste,007,Valle d'Aosta/Vallée d'Aoste,AO,1,Nord-ovest,D356,ITC,ITC2,ITC20,007024,15.847,45.826679,7.299766,509,32.12
007025,Emarèse,02,Valle d'Aosta/Vallée d'Aoste,007,Valle d'Aosta/Vallée d'Aoste,AO,1,Nord-ovest,D402,ITC,ITC2,ITC20,007025,10.232,45.721936,7.700699,232,22.67
007026,Etroubles,02,Valle d'Aosta/Vallée d'Aoste,007,Valle d'Aosta/Vallée d'Aoste,AO,1,Nord-ovest,D444,ITC,ITC2,ITC20,007026,39.639,45.841862,7.235643,484,12.21
007028,Fontainemore,02,Valle d'Aosta/Vallée d'Aoste,007,Valle d'Aosta/Vallée d'Aoste,AO,1,Nord-ovest,D666,ITC,ITC2,ITC20,007028,31.765,45.641521,7.896766,437,13.76
007027,Fénis,02,Valle d'Aosta/Vallée d'Aoste,007,Valle d'Aosta/Vallée d'Aoste,AO,1,Nord-ovest,D537,ITC,ITC2,ITC20,007027,68.108,45.676194,7.506309,1779,26.12
007029,Gaby,02,Valle d'Aosta/Vallée d'Aoste,007,Valle d'Aosta/Vallée d'Aoste,AO,1,Nord-ovest,D839,ITC,ITC2,ITC20,007029,32.795,45.710346,7.886128,404,12.32
007030,Gignod,02,Valle d'Aosta/Vallée d'Aoste,007,Valle d'Aosta/Vallée d'Aoste,AO,1,Nord-ovest,E029,ITC,ITC2,ITC20,007030,25.921,45.78362,7.248194,1679,64.77
007031,Gressan,02,Valle d'Aosta/Vallée d'Aoste,007,Valle d'Aosta/Vallée d'Aoste,AO,1,Nord-ovest,E165,ITC,ITC2,ITC20,007031,25.374,45.69075,7.303714,3323,130.96
007032,Gressoney-La-Trinité,02,Valle d'Aosta/Vallée d'Aoste,007,Valle d'Aosta/Vallée d'Aoste,AO,1,Nord-ovest,E167,ITC,ITC2,ITC20,007032,66.151,45.871719,7.824967,321,4.85
007033,Gressoney-Saint-Jean,02,Valle d'Aosta/Vallée d'Aoste,007,Valle d'Aosta/Vallée d'Aoste,AO,1,Nord-ovest,E168,ITC,ITC2,ITC20,007033,70.089,45.784971,7.830479,769,10.97
007034,Hône,02,Valle d'Aosta/Vallée d'Aoste,007,Valle d'Aosta/Vallée d'Aoste,AO,1,Nord-ovest,E273,ITC,ITC2,ITC20,007034,12.756,45.610634,7.724713,1164,91.25
007035,Introd,02,Valle d'Aosta/Vallée d'Aoste,007,Valle d'Aosta/Vallée d'Aoste,AO,1,Nord-ovest,E306,ITC,ITC2,ITC20,007035,19.925,45.671411,7.177542,642,32.22
007036,Issime,02,Valle d'Aosta/Vallée d'Aoste,007,Valle d'Aosta/Vallée d'Aoste,AO,1,Nord-ovest,E369,ITC,ITC2,ITC20,007036,34.48,45.688361,7.831362,372,10.79
007037,Issogne,02,Valle d'Aosta/Vallée d'Aoste,007,Valle d'Aosta/Vallée d'Aoste,AO,1,Nord-ovest,E371,ITC,ITC2,ITC20,007037,23.534,45.654746,7.658444,1283,54.52
007038,Jovençan,02,Valle d'Aosta/Vallée d'Aoste,007,Valle d'Aosta/Vallée d'Aoste,AO,1,Nord-ovest,E391,ITC,ITC2,ITC20,007038,6.835,45.692465,7.277519,701,102.56
007039,La Magdeleine,02,Valle d'Aosta/Vallée d'Aoste,007,Valle d'Aosta/Vallée d'Aoste,AO,1,Nord-ovest,A308,ITC,ITC2,ITC20,007039,8.691,45.813637,7.622268,107,12.31
007040,La Salle,02,Valle d'Aosta/Vallée d'Aoste,007,Valle d'Aosta/Vallée d'Aoste,AO,1,Nord-ovest,E458,ITC,ITC2,ITC20,007040,83.61,45.753054,7.086076,2035,24.34
007041,La Thuile,02,Valle d'Aosta/Vallée d'Aoste,007,Valle d'Aosta/Vallée d'Aoste,AO,1,Nord-ovest,E470,ITC,ITC2,ITC20,007041,126.057,45.696069,6.917929,746,5.92
007042,Lillianes,02,Valle d'Aosta/Vallée d'Aoste,007,Valle d'Aosta/Vallée d'Aoste,AO,1,Nord-ovest,E587,ITC,ITC2,ITC20,007042,18.647,45.626564,7.857188,410,21.99
007043,Montjovet,02,Valle d'Aosta/Vallée d'Aoste,007,Valle d'Aosta/Vallée d'Aoste,AO,1,Nord-ovest,F367,ITC,ITC2,ITC20,007043,18.962,45.712027,7.658175,1762,92.92
007044,Morgex,02,Valle d'Aosta/Vallée d'Aoste,007,Valle d'Aosta/Vallée d'Aoste,AO,1,Nord-ovest,F726,ITC,ITC2,ITC20,007044,43.793,45.754026,7.024072,2066,47.18
007045,Nus,02,Valle d'Aosta/Vallée d'Aoste,007,Valle d'Aosta/Vallée d'Aoste,AO,1,Nord-ovest,F987,ITC,ITC2,ITC20,007045,56.869,45.807734,7.504608,2916,51.28
007046,Ollomont,02,Valle d'Aosta/Vallée d'Aoste,007,Valle d'Aosta/Vallée d'Aoste,AO,1,Nord-ovest,G045,ITC,ITC2,ITC20,007046,53.727,45.878739,7.311547,169,3.15
007047,Oyace,02,Valle d'Aosta/Vallée d'Aoste,007,Valle d'Aosta/Vallée d'Aoste,AO,1,Nord-ovest,G012,ITC,ITC2,ITC20,007047,30.355,45.844058,7.402549,207,6.82
007048,Perloz,02,Valle d'Aosta/Vallée d'Aoste,007,Valle d'Aosta/Vallée d'Aoste,AO,1,Nord-ovest,G459,ITC,ITC2,ITC20,007048,23.225,45.630628,7.803056,439,18.9
007049,Pollein,02,Valle d'Aosta/Vallée d'Aoste,007,Valle d'Aosta/Vallée d'Aoste,AO,1,Nord-ovest,G794,ITC,ITC2,ITC20,007049,15.218,45.70927,7.367126,1446,95.02
007052,Pont-Saint-Martin,02,Valle d'Aosta/Vallée d'Aoste,007,Valle d'Aosta/Vallée d'Aoste,AO,1,Nord-ovest,G854,ITC,ITC2,ITC20,007052,6.946,45.598778,7.815723,3517,506.33
007050,Pontboset,02,Valle d'Aosta/Vallée d'Aoste,007,Valle d'Aosta/Vallée d'Aoste,AO,1,Nord-ovest,G545,ITC,ITC2,ITC20,007050,33.421,45.591065,7.669982,177,5.3
007051,Pontey,02,Valle d'Aosta/Vallée d'Aoste,007,Valle d'Aosta/Vallée d'Aoste,AO,1,Nord-ovest,G860,ITC,ITC2,ITC20,007051,16.011,45.717845,7.583632,771,48.15
007053,Pré-Saint-Didier,02,Valle d'Aosta/Vallée d'Aoste,007,Valle d'Aosta/Vallée d'Aoste,AO,1,Nord-ovest,H042,ITC,ITC2,ITC20,007053,33.417,45.755465,6.946122,955,28.58
007054,Quart,02,Valle d'Aosta/Vallée d'Aoste,007,Valle d'Aosta/Vallée d'Aoste,AO,1,Nord-ovest,H110,ITC,ITC2,ITC20,007054,62.129,45.785787,7.418459,4151,66.81
007055,Rhêmes-Notre-Dame,02,Valle d'Aosta/Vallée d'Aoste,007,Valle d'Aosta/Vallée d'Aoste,AO,1,Nord-ovest,H262,ITC,ITC2,ITC20,007055,86.889,45.53143,7.10589,74,0.85
007056,Rhêmes-Saint-Georges,02,Valle d'Aosta/Vallée d'Aoste,007,Valle d'Aosta/Vallée d'Aoste,AO,1,Nord-ovest,H263,ITC,ITC2,ITC20,007056,36.409,45.628115,7.140853,165,4.53
007057,Roisan,02,Valle d'Aosta/Vallée d'Aoste,007,Valle d'Aosta/Vallée d'Aoste,AO,1,Nord-ovest,H497,ITC,ITC2,ITC20,007057,14.715,45.788538,7.328308,984,66.87
007058,Saint-Christophe,02,Valle d'Aosta/Vallée d'Aoste,007,Valle d'Aosta/Vallée d'Aoste,AO,1,Nord-ovest,H669,ITC,ITC2,ITC20,007058,14.522,45.76706,7.354187,3436,236.61
007059,Saint-Denis,02,Valle d'Aosta/Vallée d'Aoste,007,Valle d'Aosta/Vallée d'Aoste,AO,1,Nord-ovest,H670,ITC,ITC2,ITC20,007059,11.392,45.765055,7.570828,372,32.65
007060,Saint-Marcel,02,Valle d'Aosta/Vallée d'Aoste,007,Valle d'Aosta/Vallée d'Aoste,AO,1,Nord-ovest,H671,ITC,ITC2,ITC20,007060,42.507,45.686371,7.449815,1283,30.18
007061,Saint-Nicolas,02,Valle d'Aosta/Vallée d'Aoste,007,Valle d'Aosta/Vallée d'Aoste,AO,1,Nord-ovest,H672,ITC,ITC2,ITC20,007061,15.331,45.729611,7.151442,336,21.92
007062,Saint-Oyen,02,Valle d'Aosta/Vallée d'Aoste,007,Valle d'Aosta/Vallée d'Aoste,AO,1,Nord-ovest,H673,ITC,ITC2,ITC20,007062,9.6,45.825121,7.211009,188,19.58
007063,Saint-Pierre,02,Valle d'Aosta/Vallée d'Aoste,007,Valle d'Aosta/Vallée d'Aoste,AO,1,Nord-ovest,H674,ITC,ITC2,ITC20,007063,26.219,45.740809,7.193895,3242,123.65
007064,Saint-Rhémy-en-Bosses,02,Valle d'Aosta/Vallée d'Aoste,007,Valle d'Aosta/Vallée d'Aoste,AO,1,Nord-ovest,H675,ITC,ITC2,ITC20,007064,64.771,45.827663,7.144281,353,5.45
007065,Saint-Vincent,02,Valle d'Aosta/Vallée d'Aoste,007,Valle d'Aosta/Vallée d'Aoste,AO,1,Nord-ovest,H676,ITC,ITC2,ITC20,007065,20.864,45.761426,7.674298,4432,212.42
007066,Sarre,02,Valle d'Aosta/Vallée d'Aoste,007,Valle d'Aosta/Vallée d'Aoste,AO,1,Nord-ovest,I442,ITC,ITC2,ITC20,007066,28.445,45.744733,7.251361,4826,169.66
007067,Torgnon,02,Valle d'Aosta/Vallée d'Aoste,007,Valle d'Aosta/Vallée d'Aoste,AO,1,Nord-ovest,L217,ITC,ITC2,ITC20,007067,42.505,45.823514,7.565299,577,13.57
007068,Valgrisenche,02,Valle d'Aosta/Vallée d'Aoste,007,Valle d'Aosta/Vallée d'Aoste,AO,1,Nord-ovest,L582,ITC,ITC2,ITC20,007068,113.598,45.578753,7.04046,193,1.7
007069,Valpelline,02,Valle d'Aosta/Vallée d'Aoste,007,Valle d'Aosta/Vallée d'Aoste,AO,1,Nord-ovest,L643,ITC,ITC2,ITC20,007069,31.63,45.83057,7.351713,577,18.24
007070,Valsavarenche,02,Valle d'Aosta/Vallée d'Aoste,007,Valle d'Aosta/Vallée d'Aoste,AO,1,Nord-ovest,L647,ITC,ITC2,ITC20,007070,138.108,45.561886,7.22514,154,1.12
007071,Valtournenche,02,Valle d'Aosta/Vallée d'Aoste,007,Valle d'Aosta/Vallée d'Aoste,AO,1,Nord-ovest,L654,ITC,ITC2,ITC20,007071,116.256,45.911722,7.618419,2225,19.14
007072,Verrayes,02,Valle d'Aosta/Vallée d'Aoste,007,Valle d'Aosta/Vallée d'Aoste,AO,1,Nord-ovest,L783,ITC,ITC2,ITC20,007072,22.556,45.769533,7.524178,1263,55.99
007073,Verrès,02,Valle d'Aosta/Vallée d'Aoste,007,Valle d'Aosta/Vallée d'Aoste,AO,1,Nord-ovest,C282,ITC,ITC2,ITC20,007073,8.468,45.667448,7.701004,2535,299.36
007074,Villeneuve,02,Valle d'Aosta/Vallée d'Aoste,007,Valle d'Aosta/Vallée d'Aoste,AO,1,Nord-ovest,L981,ITC,ITC2,ITC20,007074,8.639,45.680313,7.206866,1272,147.24
025001,Agordo,05,Veneto,025,Belluno,BL,2,Nord-est,A083,ITH,ITH3,ITH33,025001,23.839,46.309286,12.056986,4062,170.39
025003,Alleghe,05,Veneto,025,Belluno,BL,2,Nord-est,A206,ITH,ITH3,ITH33,025003,29.399,46.404924,12.041788,1064,36.19
025072,Alpago,05,Veneto,025,Belluno,BL,2,Nord-est,M375,ITH,ITH3,ITH33,025072,80.108,46.14432,12.360193,6579,82.13
025004,Arsiè,05,Veneto,025,Belluno,BL,2,Nord-est,A443,ITH,ITH3,ITH33,025004,64.953,45.974303,11.753843,2174,33.47
025005,Auronzo di Cadore,05,Veneto,025,Belluno,BL,2,Nord-est,A501,ITH,ITH3,ITH33,025005,220.229,46.561485,12.364532,2982,13.54
025006,Belluno,05,Veneto,025,Belluno,BL,2,Nord-est,A757,ITH,ITH3,ITH33,025006,147.058,46.135563,12.199856,35499,241.39
025007,Borca di Cadore,05,Veneto,025,Belluno,BL,2,Nord-est,A982,ITH,ITH3,ITH33,025007,26.605,46.432928,12.215616,790,29.69
025074,Borgo Valbelluna,05,Veneto,025,Belluno,BL,2,Nord-est,M421,ITH,ITH3,ITH33,025074,167.64,46.02733,12.106266,13620,81.25
025008,Calalzo di Cadore,05,Veneto,025,Belluno,BL,2,Nord-est,B375,ITH,ITH3,ITH33,025008,43.378,46.472075,12.285673,1799,41.47
025023,Canale d'Agordo,05,Veneto,025,Belluno,BL,2,Nord-est,B574,ITH,ITH3,ITH33,025023,45.766,46.334197,11.901143,1045,22.83
025010,Cencenighe Agordino,05,Veneto,025,Belluno,BL,2,Nord-est,C458,ITH,ITH3,ITH33,025010,18.316,46.347518,11.96879,1202,65.63
025011,Cesiomaggiore,05,Veneto,025,Belluno,BL,2,Nord-est,C577,ITH,ITH3,ITH33,025011,81.626,46.105487,11.948818,3954,48.44
025012,Chies d'Alpago,05,Veneto,025,Belluno,BL,2,Nord-est,C630,ITH,ITH3,ITH33,025012,44.834,46.175207,12.413798,1244,27.75
025013,Cibiana di Cadore,05,Veneto,025,Belluno,BL,2,Nord-est,C672,ITH,ITH3,ITH33,025013,21.372,46.379912,12.269708,323,15.11
025014,Colle Santa Lucia,05,Veneto,025,Belluno,BL,2,Nord-est,C872,ITH,ITH3,ITH33,025014,15.354,46.470823,12.017227,339,22.08
025015,Comelico Superiore,05,Veneto,025,Belluno,BL,2,Nord-est,C920,ITH,ITH3,ITH33,025015,95.702,46.618692,12.468421,2050,21.42
025016,Cortina d'Ampezzo,05,Veneto,025,Belluno,BL,2,Nord-est,A266,ITH,ITH3,ITH33,025016,253.006,46.570511,12.134259,5399,21.34
025017,Danta di Cadore,05,Veneto,025,Belluno,BL,2,Nord-est,D247,ITH,ITH3,ITH33,025017,8.049,46.560295,12.508649,421,52.3
025018,Domegge di Cadore,05,Veneto,025,Belluno,BL,2,Nord-est,D330,ITH,ITH3,ITH33,025018,50.038,46.449837,12.424686,2235,44.67
025019,Falcade,05,Veneto,025,Belluno,BL,2,Nord-est,D470,ITH,ITH3,ITH33,025019,53.177,46.358316,11.835514,1734,32.61
025021,Feltre,05,Veneto,025,Belluno,BL,2,Nord-est,D530,ITH,ITH3,ITH33,025021,100.119,46.049058,11.93128,20600,205.76
025022,Fonzaso,05,Veneto,025,Belluno,BL,2,Nord-est,D686,ITH,ITH3,ITH33,025022,27.526,45.997534,11.801869,2966,107.75
025025,Gosaldo,05,Veneto,025,Belluno,BL,2,Nord-est,E113,ITH,ITH3,ITH33,025025,48.505,46.207721,11.959678,511,10.53
025027,La Valle Agordina,05,Veneto,025,Belluno,BL,2,Nord-est,E490,ITH,ITH3,ITH33,025027,48.805,46.286998,12.099268,1040,21.31
025026,Lamon,05,Veneto,025,Belluno,BL,2,Nord-est,E429,ITH,ITH3,ITH33,025026,54.589,46.059789,11.730084,2576,47.19
025029,Limana,05,Veneto,025,Belluno,BL,2,Nord-est,E588,ITH,ITH3,ITH33,025029,39.015,46.066403,12.213078,5455,139.82
025030,Livinallongo del Col di Lana,05,Veneto,025,Belluno,BL,2,Nord-est,E622,ITH,ITH3,ITH33,025030,99.824,46.501003,11.924572,1218,12.2
025071,Longarone,05,Veneto,025,Belluno,BL,2,Nord-est,M342,ITH,ITH3,ITH33,025071,122.583,46.268008,12.23879,4982,40.64
025032,Lorenzago di Cadore,05,Veneto,025,Belluno,BL,2,Nord-est,E687,ITH,ITH3,ITH33,025032,27.315,46.455023,12.49493,527,19.29
025033,Lozzo di Cadore,05,Veneto,025,Belluno,BL,2,Nord-est,E708,ITH,ITH3,ITH33,025033,30.623,46.504218,12.422856,1212,39.58
025035,Ospitale di Cadore,05,Veneto,025,Belluno,BL,2,Nord-est,G169,ITH,ITH3,ITH33,025035,39.291,46.329929,12.299419,259,6.59
025036,Pedavena,05,Veneto,025,Belluno,BL,2,Nord-est,G404,ITH,ITH3,ITH33,025036,25.116,46.043343,11.85906,4321,172.04
025037,Perarolo di Cadore,05,Veneto,025,Belluno,BL,2,Nord-est,G442,ITH,ITH3,ITH33,025037,44.195,46.368253,12.370785,359,8.12
025039,Pieve di Cadore,05,Veneto,025,Belluno,BL,2,Nord-est,G642,ITH,ITH3,ITH33,025039,67.231,46.411493,12.396293,3588,53.37
025040,Ponte nelle Alpi,05,Veneto,025,Belluno,BL,2,Nord-est,B662,ITH,ITH3,ITH33,025040,57.745,46.156881,12.298822,7903,136.86
025043,Rivamonte Agordino,05,Veneto,025,Belluno,BL,2,Nord-est,H327,ITH,ITH3,ITH33,025043,23.044,46.242052,12.040533,592,25.69
025044,Rocca Pietore,05,Veneto,025,Belluno,BL,2,Nord-est,H379,ITH,ITH3,ITH33,025044,73.433,46.437076,11.937694,1119,15.24
025045,San Gregorio nelle Alpi,05,Veneto,025,Belluno,BL,2,Nord-est,H938,ITH,ITH3,ITH33,025045,19.439,46.126849,12.030079,1582,81.38
025046,San Nicolò di Comelico,05,Veneto,025,Belluno,BL,2,Nord-est,I063,ITH,ITH3,ITH33,025046,24.158,46.613956,12.551776,368,15.23
025047,San Pietro di Cadore,05,Veneto,025,Belluno,BL,2,Nord-est,I088,ITH,ITH3,ITH33,025047,52.211,46.615233,12.603444,1412,27.04
025049,San Tomaso Agordino,05,Veneto,025,Belluno,BL,2,Nord-est,I347,ITH,ITH3,ITH33,025049,19.259,46.387421,11.971372,593,30.79
025051,San Vito di Cadore,05,Veneto,025,Belluno,BL,2,Nord-est,I392,ITH,ITH3,ITH33,025051,61.577,46.476131,12.207045,1925,31.26
025048,Santa Giustina,05,Veneto,025,Belluno,BL,2,Nord-est,I206,ITH,ITH3,ITH33,025048,35.497,46.09942,12.062823,6621,186.52
025050,Santo Stefano di Cadore,05,Veneto,025,Belluno,BL,2,Nord-est,C919,ITH,ITH3,ITH33,025050,100.623,46.580305,12.645305,2276,22.62
025053,Sedico,05,Veneto,025,Belluno,BL,2,Nord-est,I563,ITH,ITH3,ITH33,025053,91.174,46.169875,12.133145,10134,111.15
025054,Selva di Cadore,05,Veneto,025,Belluno,BL,2,Nord-est,I592,ITH,ITH3,ITH33,025054,33.219,46.452021,12.071043,504,15.17
025055,Seren del Grappa,05,Veneto,025,Belluno,BL,2,Nord-est,I626,ITH,ITH3,ITH33,025055,61.788,45.944747,11.827586,2323,37.6
025075,Setteville,05,Veneto,025,Belluno,BL,2,Nord-est,M437,ITH,ITH3,ITH33,025075,82.591,45.935622,11.904464,5952,72.07
025056,Sospirolo,05,Veneto,025,Belluno,BL,2,Nord-est,I866,ITH,ITH3,ITH33,025056,66.106,46.166596,12.065398,3130,47.35
025057,Soverzene,05,Veneto,025,Belluno,BL,2,Nord-est,I876,ITH,ITH3,ITH33,025057,15.0,46.210043,12.331205,362,24.13
025058,Sovramonte,05,Veneto,025,Belluno,BL,2,Nord-est,I673,ITH,ITH3,ITH33,025058,50.379,46.066578,11.806253,1287,25.55
025059,Taibon Agordino,05,Veneto,025,Belluno,BL,2,Nord-est,L030,ITH,ITH3,ITH33,025059,90.25,46.315271,11.969913,1710,18.95
025060,Tambre,05,Veneto,025,Belluno,BL,2,Nord-est,L040,ITH,ITH3,ITH33,025060,45.227,46.096231,12.439713,1261,27.88
025073,Val di Zoldo,05,Veneto,025,Belluno,BL,2,Nord-est,M374,ITH,ITH3,ITH33,025073,141.776,46.352866,12.16615,2708,19.1
025062,Vallada Agordina,05,Veneto,025,Belluno,BL,2,Nord-est,L584,ITH,ITH3,ITH33,025062,12.842,46.37222,11.937048,458,35.66
025063,Valle di Cadore,05,Veneto,025,Belluno,BL,2,Nord-est,L590,ITH,ITH3,ITH33,025063,40.953,46.403944,12.301338,1812,44.25
025065,Vigo di Cadore,05,Veneto,025,Belluno,BL,2,Nord-est,L890,ITH,ITH3,ITH33,025065,69.252,46.495334,12.547024,1322,19.09
025066,Vodo Cadore,05,Veneto,025,Belluno,BL,2,Nord-est,M108,ITH,ITH3,ITH33,025066,46.984,46.41537,12.212565,822,17.5
025067,Voltago Agordino,05,Veneto,025,Belluno,BL,2,Nord-est,M124,ITH,ITH3,ITH33,025067,23.096,46.260242,11.976382,785,33.99
025069,Zoppè di Cadore,05,Veneto,025,Belluno,BL,2,Nord-est,M189,ITH,ITH3,ITH33,025069,4.26,46.388044,12.17698,175,41.08
028001,Abano Terme,05,Veneto,028,Padova,PD,2,Nord-est,A001,ITH,ITH3,ITH36,028001,21.3,45.35633,11.796423,20479,961.46
028002,Agna,05,Veneto,028,Padova,PD,2,Nord-est,A075,ITH,ITH3,ITH36,028002,18.812,45.174301,11.954522,3175,168.78
028003,Albignasego,05,Veneto,028,Padova,PD,2,Nord-est,A161,ITH,ITH3,ITH36,028003,21.283,45.355665,11.856057,27601,1296.86
028004,Anguillara Veneta,05,Veneto,028,Padova,PD,2,Nord-est,A296,ITH,ITH3,ITH36,028004,21.686,45.146224,11.903881,4076,187.96
028005,Arquà Petrarca,05,Veneto,028,Padova,PD,2,Nord-est,A434,ITH,ITH3,ITH36,028005,12.819,45.266758,11.721169,1781,138.93
028006,Arre,05,Veneto,028,Padova,PD,2,Nord-est,A438,ITH,ITH3,ITH36,028006,12.484,45.213753,11.931765,2089,167.33
028007,Arzergrande,05,Veneto,028,Padova,PD,2,Nord-est,A458,ITH,ITH3,ITH36,028007,13.694,45.264343,12.061116,4841,353.51
028008,Bagnoli di Sopra,05,Veneto,028,Padova,PD,2,Nord-est,A568,ITH,ITH3,ITH36,028008,34.778,45.180979,11.901145,3361,96.64
028009,Baone,05,Veneto,028,Padova,PD,2,Nord-est,A613,ITH,ITH3,ITH36,028009,24.362,45.252639,11.671817,3024,124.13
028010,Barbona,05,Veneto,028,Padova,PD,2,Nord-est,A637,ITH,ITH3,ITH36,028010,8.929,45.113423,11.676889,567,63.5
028011,Battaglia Terme,05,Veneto,028,Padova,PD,2,Nord-est,A714,ITH,ITH3,ITH36,028011,6.18,45.29265,11.779318,3869,626.05
028012,Boara Pisani,05,Veneto,028,Padova,PD,2,Nord-est,A906,ITH,ITH3,ITH36,028012,16.852,45.124437,11.803415,2362,140.16
028107,Borgo Veneto,05,Veneto,028,Padova,PD,2,Nord-est,M402,ITH,ITH3,ITH36,028107,39.191,45.214785,11.53904,7045,179.76
028013,Borgoricco,05,Veneto,028,Padova,PD,2,Nord-est,B031,ITH,ITH3,ITH36,028013,20.549,45.5338,11.964523,9084,442.07
028014,Bovolenta,05,Veneto,028,Padova,PD,2,Nord-est,B106,ITH,ITH3,ITH36,028014,22.706,45.270983,11.943558,3394,149.48
028015,Brugine,05,Veneto,028,Padova,PD,2,Nord-est,B213,ITH,ITH3,ITH36,028015,19.782,45.293454,11.990361,7178,362.86
028016,Cadoneghe,05,Veneto,028,Padova,PD,2,Nord-est,B345,ITH,ITH3,ITH36,028016,12.851,45.460619,11.914469,15763,1226.6
028020,Campo San Martino,05,Veneto,028,Padova,PD,2,Nord-est,B564,ITH,ITH3,ITH36,028020,13.089,45.55518,11.82784,5547,423.79
028017,Campodarsego,05,Veneto,028,Padova,PD,2,Nord-est,B524,ITH,ITH3,ITH36,028017,25.839,45.499913,11.921997,15128,585.47
028018,Campodoro,05,Veneto,028,Padova,PD,2,Nord-est,B531,ITH,ITH3,ITH36,028018,11.298,45.499329,11.752365,2727,241.37
028019,Camposampiero,05,Veneto,028,Padova,PD,2,Nord-est,B563,ITH,ITH3,ITH36,028019,21.054,45.574554,11.925445,11878,564.17
028021,Candiana,05,Veneto,028,Padova,PD,2,Nord-est,B589,ITH,ITH3,ITH36,028021,21.862,45.223553,11.979975,2142,97.98
028023,Carmignano di Brenta,05,Veneto,028,Padova,PD,2,Nord-est,B795,ITH,ITH3,ITH36,028023,14.613,45.634597,11.698383,7546,516.39
028026,Cartura,05,Veneto,028,Padova,PD,2,Nord-est,B848,ITH,ITH3,ITH36,028026,15.83,45.271205,11.869998,4564,288.31
028027,Casale di Scodosia,05,Veneto,028,Padova,PD,2,Nord-est,B877,ITH,ITH3,ITH36,028027,21.258,45.182336,11.480814,4637,218.13
028028,Casalserugo,05,Veneto,028,Padova,PD,2,Nord-est,B912,ITH,ITH3,ITH36,028028,15.332,45.303225,11.914596,5293,345.23
028029,Castelbaldo,05,Veneto,028,Padova,PD,2,Nord-est,C057,ITH,ITH3,ITH36,028029,15.271,45.130712,11.452525,1443,94.49
028030,Cervarese Santa Croce,05,Veneto,028,Padova,PD,2,Nord-est,C544,ITH,ITH3,ITH36,028030,18.015,45.401729,11.699671,5557,308.47
028031,Cinto Euganeo,05,Veneto,028,Padova,PD,2,Nord-est,C713,ITH,ITH3,ITH36,028031,19.649,45.290326,11.673809,1884,95.88
028032,Cittadella,05,Veneto,028,Padova,PD,2,Nord-est,C743,ITH,ITH3,ITH36,028032,36.342,45.645234,11.782039,20047,551.62
028033,Codevigo,05,Veneto,028,Padova,PD,2,Nord-est,C812,ITH,ITH3,ITH36,028033,70.308,45.258374,12.145302,6280,89.32
028034,Conselve,05,Veneto,028,Padova,PD,2,Nord-est,C964,ITH,ITH3,ITH36,028034,24.352,45.229536,11.880601,9993,410.36
028035,Correzzola,05,Veneto,028,Padova,PD,2,Nord-est,D040,ITH,ITH3,ITH36,028035,42.282,45.216257,12.078005,5273,124.71
028036,Curtarolo,05,Veneto,028,Padova,PD,2,Nord-est,D226,ITH,ITH3,ITH36,028036,14.88,45.520523,11.845568,7150,480.51
028106,Due Carrare,05,Veneto,028,Padova,PD,2,Nord-est,M300,ITH,ITH3,ITH36,028106,26.691,45.300788,11.830708,8974,336.22
028037,Este,05,Veneto,028,Padova,PD,2,Nord-est,D442,ITH,ITH3,ITH36,028037,32.487,45.219876,11.659367,15856,488.07
028038,Fontaniva,05,Veneto,028,Padova,PD,2,Nord-est,D679,ITH,ITH3,ITH36,028038,20.773,45.627573,11.753144,8094,389.64
028039,Galliera Veneta,05,Veneto,028,Padova,PD,2,Nord-est,D879,ITH,ITH3,ITH36,028039,8.983,45.667878,11.824405,7165,797.62
028040,Galzignano Terme,05,Veneto,028,Padova,PD,2,Nord-est,D889,ITH,ITH3,ITH36,028040,18.202,45.300891,11.731027,4271,234.64
028041,Gazzo,05,Veneto,028,Padova,PD,2,Nord-est,D956,ITH,ITH3,ITH36,028041,22.912,45.566537,11.695682,4295,187.46
028042,Grantorto,05,Veneto,028,Padova,PD,2,Nord-est,E145,ITH,ITH3,ITH36,028042,14.518,45.601122,11.733378,4435,305.48
028043,Granze,05,Veneto,028,Padova,PD,2,Nord-est,E146,ITH,ITH3,ITH36,028043,11.75,45.156386,11.722819,1873,159.4
028044,Legnaro,05,Veneto,028,Padova,PD,2,Nord-est,E515,ITH,ITH3,ITH36,028044,15.169,45.342774,11.967798,9564,630.5
028045,Limena,05,Veneto,028,Padova,PD,2,Nord-est,E592,ITH,ITH3,ITH36,028045,14.902,45.475971,11.829642,8237,552.74
028046,Loreggia,05,Veneto,028,Padova,PD,2,Nord-est,E684,ITH,ITH3,ITH36,028046,19.001,45.59936,11.944462,7725,406.56
028047,Lozzo Atestino,05,Veneto,028,Padova,PD,2,Nord-est,E709,ITH,ITH3,ITH36,028047,24.342,45.287388,11.609931,3076,126.37
028048,Maserà di Padova,05,Veneto,028,Padova,PD,2,Nord-est,F011,ITH,ITH3,ITH36,028048,17.59,45.307689,11.881736,9261,526.49
028049,Masi,05,Veneto,028,Padova,PD,2,Nord-est,F013,ITH,ITH3,ITH36,028049,13.634,45.123127,11.502938,1823,133.71
028050,Massanzago,05,Veneto,028,Padova,PD,2,Nord-est,F033,ITH,ITH3,ITH36,028050,13.052,45.54535,12.01978,6112,468.28
028052,Megliadino San Vitale,05,Veneto,028,Padova,PD,2,Nord-est,F092,ITH,ITH3,ITH36,028052,15.38,45.176798,11.527852,1821,118.4
028053,Merlara,05,Veneto,028,Padova,PD,2,Nord-est,F148,ITH,ITH3,ITH36,028053,21.398,45.162552,11.454429,2521,117.81
028054,Mestrino,05,Veneto,028,Padova,PD,2,Nord-est,F161,ITH,ITH3,ITH36,028054,18.671,45.452862,11.748112,11953,640.19
028055,Monselice,05,Veneto,028,Padova,PD,2,Nord-est,F382,ITH,ITH3,ITH36,028055,49.899,45.236977,11.75836,17042,341.53
028056,Montagnana,05,Veneto,028,Padova,PD,2,Nord-est,F394,ITH,ITH3,ITH36,028056,45.045,45.233303,11.453146,9193,204.08
028057,Montegrotto Terme,05,Veneto,028,Padova,PD,2,Nord-est,F529,ITH,ITH3,ITH36,028057,15.593,45.323374,11.78491,11628,745.72
028058,Noventa Padovana,05,Veneto,028,Padova,PD,2,Nord-est,F962,ITH,ITH3,ITH36,028058,6.949,45.411546,11.967117,11268,1621.53
028059,Ospedaletto Euganeo,05,Veneto,028,Padova,PD,2,Nord-est,G167,ITH,ITH3,ITH36,028059,21.423,45.2263,11.596751,5578,260.37
028060,Padova,05,Veneto,028,Padova,PD,2,Nord-est,G224,ITH,ITH3,ITH36,028060,92.77,45.396515,11.890655,208202,2244.28
028061,Pernumia,05,Veneto,028,Padova,PD,2,Nord-est,G461,ITH,ITH3,ITH36,028061,13.533,45.263582,11.796988,3754,277.4
028062,Piacenza d'Adige,05,Veneto,028,Padova,PD,2,Nord-est,G534,ITH,ITH3,ITH36,028062,18.191,45.148903,11.550042,1285,70.64
028063,Piazzola sul Brenta,05,Veneto,028,Padova,PD,2,Nord-est,G587,ITH,ITH3,ITH36,028063,40.532,45.541979,11.769887,11074,273.22
028064,Piombino Dese,05,Veneto,028,Padova,PD,2,Nord-est,G688,ITH,ITH3,ITH36,028064,29.484,45.616555,11.998603,9550,323.9
028065,Piove di Sacco,05,Veneto,028,Padova,PD,2,Nord-est,G693,ITH,ITH3,ITH36,028065,35.558,45.293418,12.041209,20291,570.65
028066,Polverara,05,Veneto,028,Padova,PD,2,Nord-est,G802,ITH,ITH3,ITH36,028066,9.824,45.316058,11.950818,3428,348.94
028067,Ponso,05,Veneto,028,Padova,PD,2,Nord-est,G823,ITH,ITH3,ITH36,028067,10.929,45.194235,11.58216,2415,220.97
028069,Ponte San Nicolò,05,Veneto,028,Padova,PD,2,Nord-est,G855,ITH,ITH3,ITH36,028069,13.617,45.353188,11.928509,13150,965.7
028068,Pontelongo,05,Veneto,028,Padova,PD,2,Nord-est,G850,ITH,ITH3,ITH36,028068,10.74,45.245835,12.034955,3698,344.32
028070,Pozzonovo,05,Veneto,028,Padova,PD,2,Nord-est,G963,ITH,ITH3,ITH36,028070,24.599,45.17567,11.806945,3455,140.45
028071,Rovolon,05,Veneto,028,Padova,PD,2,Nord-est,H622,ITH,ITH3,ITH36,028071,27.692,45.380046,11.649867,4863,175.61
028072,Rubano,05,Veneto,028,Padova,PD,2,Nord-est,H625,ITH,ITH3,ITH36,028072,14.34,45.435616,11.802412,17243,1202.44
028073,Saccolongo,05,Veneto,028,Padova,PD,2,Nord-est,H655,ITH,ITH3,ITH36,028073,13.874,45.409939,11.744998,5029,362.48
028075,San Giorgio delle Pertiche,05,Veneto,028,Padova,PD,2,Nord-est,H893,ITH,ITH3,ITH36,028075,18.836,45.5358,11.893872,10092,535.78
028076,San Giorgio in Bosco,05,Veneto,028,Padova,PD,2,Nord-est,H897,ITH,ITH3,ITH36,028076,28.349,45.58894,11.797812,6307,222.48
028077,San Martino di Lupari,05,Veneto,028,Padova,PD,2,Nord-est,I008,ITH,ITH3,ITH36,028077,24.116,45.64421,11.86548,13319,552.29
028079,San Pietro Viminario,05,Veneto,028,Padova,PD,2,Nord-est,I120,ITH,ITH3,ITH36,028079,13.431,45.240895,11.816111,2982,222.02
028078,San Pietro in Gu,05,Veneto,028,Padova,PD,2,Nord-est,I107,ITH,ITH3,ITH36,028078,17.583,45.615838,11.666813,4107,233.58
028082,Sant'Angelo di Piove di Sacco,05,Veneto,028,Padova,PD,2,Nord-est,I275,ITH,ITH3,ITH36,028082,13.841,45.341238,11.998558,7347,530.81
028083,Sant'Elena,05,Veneto,028,Padova,PD,2,Nord-est,I319,ITH,ITH3,ITH36,028083,9.023,45.186183,11.705152,2514,278.62
028084,Sant'Urbano,05,Veneto,028,Padova,PD,2,Nord-est,I375,ITH,ITH3,ITH36,028084,31.443,45.135737,11.629917,1914,60.87
028108,Santa Caterina d'Este,05,Veneto,028,Padova,PD,2,Nord-est,M438,ITH,ITH3,ITH36,028108,26.727,45.175058,11.624227,2319,86.77
028080,Santa Giustina in Colle,05,Veneto,028,Padova,PD,2,Nord-est,I207,ITH,ITH3,ITH36,028080,17.749,45.580978,11.89869,7139,402.22
028085,Saonara,05,Veneto,028,Padova,PD,2,Nord-est,I418,ITH,ITH3,ITH36,028085,13.188,45.375724,11.981361,10877,824.76
028086,Selvazzano Dentro,05,Veneto,028,Padova,PD,2,Nord-est,I595,ITH,ITH3,ITH36,028086,19.77,45.399868,11.792612,22931,1159.89
028087,Solesino,05,Veneto,028,Padova,PD,2,Nord-est,I799,ITH,ITH3,ITH36,028087,10.004,45.177128,11.742834,6712,670.93
028088,Stanghella,05,Veneto,028,Padova,PD,2,Nord-est,I938,ITH,ITH3,ITH36,028088,19.803,45.147043,11.773131,4165,210.32
028089,Teolo,05,Veneto,028,Padova,PD,2,Nord-est,L100,ITH,ITH3,ITH36,028089,31.005,45.355751,11.676825,8930,288.02
028090,Terrassa Padovana,05,Veneto,028,Padova,PD,2,Nord-est,L132,ITH,ITH3,ITH36,028090,15.049,45.248521,11.924624,2716,180.48
028091,Tombolo,05,Veneto,028,Padova,PD,2,Nord-est,L199,ITH,ITH3,ITH36,028091,11.005,45.632967,11.821668,8184,743.66
028092,Torreglia,05,Veneto,028,Padova,PD,2,Nord-est,L270,ITH,ITH3,ITH36,028092,18.953,45.343231,11.730288,6029,318.1
028093,Trebaseleghe,05,Veneto,028,Padova,PD,2,Nord-est,L349,ITH,ITH3,ITH36,028093,30.751,45.592836,12.056784,12968,421.71
028094,Tribano,05,Veneto,028,Padova,PD,2,Nord-est,L414,ITH,ITH3,ITH36,028094,19.171,45.191998,11.835454,4219,220.07
028095,Urbana,05,Veneto,028,Padova,PD,2,Nord-est,L497,ITH,ITH3,ITH36,028095,17.045,45.201265,11.430899,2016,118.28
028096,Veggiano,05,Veneto,028,Padova,PD,2,Nord-est,L710,ITH,ITH3,ITH36,028096,16.524,45.430186,11.710339,4812,291.21
028097,Vescovana,05,Veneto,028,Padova,PD,2,Nord-est,L805,ITH,ITH3,ITH36,028097,22.16,45.118988,11.722914,1646,74.28
028099,Vigodarzere,05,Veneto,028,Padova,PD,2,Nord-est,L892,ITH,ITH3,ITH36,028099,19.994,45.483812,11.872764,13281,664.25
028100,Vigonza,05,Veneto,028,Padova,PD,2,Nord-est,L900,ITH,ITH3,ITH36,028100,33.284,45.454376,11.964856,23465,704.99
028102,Villa Estense,05,Veneto,028,Padova,PD,2,Nord-est,L937,ITH,ITH3,ITH36,028102,16.121,45.169647,11.669077,2021,125.36
028101,Villa del Conte,05,Veneto,028,Padova,PD,2,Nord-est,L934,ITH,ITH3,ITH36,028101,17.343,45.595135,11.863154,5617,323.88
028103,Villafranca Padovana,05,Veneto,028,Padova,PD,2,Nord-est,L947,ITH,ITH3,ITH36,028103,24.309,45.484328,11.790243,10580,435.23
028104,Villanova di Camposampiero,05,Veneto,028,Padova,PD,2,Nord-est,L979,ITH,ITH3,ITH36,028104,12.032,45.497014,11.979354,6140,510.31
028105,Vo',05,Veneto,028,Padova,PD,2,Nord-est,M103,ITH,ITH3,ITH36,028105,19.98,45.327786,11.643489,3211,160.71
029001,Adria,05,Veneto,029,Rovigo,RO,2,Nord-est,A059,ITH,ITH3,ITH37,029001,112.85,45.057085,12.053438,18878,167.28
029002,Ariano nel Polesine,05,Veneto,029,Rovigo,RO,2,Nord-est,A400,ITH,ITH3,ITH37,029002,81.439,44.892758,12.286673,3757,46.13
029003,Arquà Polesine,05,Veneto,029,Rovigo,RO,2,Nord-est,A435,ITH,ITH3,ITH37,029003,19.646,45.018285,11.736831,2578,131.22
029004,Badia Polesine,05,Veneto,029,Rovigo,RO,2,Nord-est,A539,ITH,ITH3,ITH37,029004,44.268,45.092708,11.495362,10378,234.44
029005,Bagnolo di Po,05,Veneto,029,Rovigo,RO,2,Nord-est,A574,ITH,ITH3,ITH37,029005,21.193,45.007757,11.504504,1203,56.76
029006,Bergantino,05,Veneto,029,Rovigo,RO,2,Nord-est,A795,ITH,ITH3,ITH37,029006,17.911,45.064636,11.251974,2340,130.65
029007,Bosaro,05,Veneto,029,Rovigo,RO,2,Nord-est,B069,ITH,ITH3,ITH37,029007,6.269,45.008729,11.778739,1412,225.24
029008,Calto,05,Veneto,029,Rovigo,RO,2,Nord-est,B432,ITH,ITH3,ITH37,029008,10.77,44.999741,11.349488,699,64.9
029009,Canaro,05,Veneto,029,Rovigo,RO,2,Nord-est,B578,ITH,ITH3,ITH37,029009,32.751,44.940079,11.687667,2569,78.44
029010,Canda,05,Veneto,029,Rovigo,RO,2,Nord-est,B582,ITH,ITH3,ITH37,029010,14.418,45.049458,11.52219,812,56.32
029011,Castelguglielmo,05,Veneto,029,Rovigo,RO,2,Nord-est,C122,ITH,ITH3,ITH37,029011,22.208,45.010521,11.546408,1510,67.99
029012,Castelmassa,05,Veneto,029,Rovigo,RO,2,Nord-est,C207,ITH,ITH3,ITH37,029012,11.794,45.02051,11.325325,4026,341.36
029013,Castelnovo Bariano,05,Veneto,029,Rovigo,RO,2,Nord-est,C215,ITH,ITH3,ITH37,029013,38.156,45.053284,11.317125,2588,67.83
029014,Ceneselli,05,Veneto,029,Rovigo,RO,2,Nord-est,C461,ITH,ITH3,ITH37,029014,28.61,45.023042,11.368976,1573,54.98
029015,Ceregnano,05,Veneto,029,Rovigo,RO,2,Nord-est,C500,ITH,ITH3,ITH37,029015,30.09,45.044164,11.914565,3377,112.23
029017,Corbola,05,Veneto,029,Rovigo,RO,2,Nord-est,C987,ITH,ITH3,ITH37,029017,18.559,44.999369,12.111619,2246,121.02
029018,Costa di Rovigo,05,Veneto,029,Rovigo,RO,2,Nord-est,D105,ITH,ITH3,ITH37,029018,16.053,45.052422,11.701935,2420,150.75
029019,Crespino,05,Veneto,029,Rovigo,RO,2,Nord-est,D161,ITH,ITH3,ITH37,029019,31.845,45.001086,11.885746,1787,56.12
029021,Ficarolo,05,Veneto,029,Rovigo,RO,2,Nord-est,D568,ITH,ITH3,ITH37,029021,17.967,44.955642,11.445113,2199,122.39
029022,Fiesso Umbertiano,05,Veneto,029,Rovigo,RO,2,Nord-est,D577,ITH,ITH3,ITH37,029022,27.463,44.962043,11.6054,3882,141.35
029023,Frassinelle Polesine,05,Veneto,029,Rovigo,RO,2,Nord-est,D776,ITH,ITH3,ITH37,029023,21.547,44.980411,11.69202,1326,61.54
029024,Fratta Polesine,05,Veneto,029,Rovigo,RO,2,Nord-est,D788,ITH,ITH3,ITH37,029024,20.794,45.024055,11.642204,2445,117.58
029025,Gaiba,05,Veneto,029,Rovigo,RO,2,Nord-est,D855,ITH,ITH3,ITH37,029025,12.126,44.958382,11.482242,932,76.86
029026,Gavello,05,Veneto,029,Rovigo,RO,2,Nord-est,D942,ITH,ITH3,ITH37,029026,24.463,45.025331,11.941248,1418,57.97
029027,Giacciano con Baruchella,05,Veneto,029,Rovigo,RO,2,Nord-est,E008,ITH,ITH3,ITH37,029027,18.495,45.067786,11.446342,2083,112.63
029028,Guarda Veneta,05,Veneto,029,Rovigo,RO,2,Nord-est,E240,ITH,ITH3,ITH37,029028,17.171,44.98076,11.802981,1100,64.06
029029,Lendinara,05,Veneto,029,Rovigo,RO,2,Nord-est,E522,ITH,ITH3,ITH37,029029,55.43,45.078982,11.582568,11538,208.15
029030,Loreo,05,Veneto,029,Rovigo,RO,2,Nord-est,E689,ITH,ITH3,ITH37,029030,40.052,45.065826,12.184035,3177,79.32
029031,Lusia,05,Veneto,029,Rovigo,RO,2,Nord-est,E761,ITH,ITH3,ITH37,029031,17.922,45.09367,11.660064,3196,178.33
029032,Melara,05,Veneto,029,Rovigo,RO,2,Nord-est,F095,ITH,ITH3,ITH37,029032,17.556,45.080405,11.209709,1704,97.06
029033,Occhiobello,05,Veneto,029,Rovigo,RO,2,Nord-est,F994,ITH,ITH3,ITH37,029033,32.117,44.919009,11.601833,12022,374.32
029034,Papozze,05,Veneto,029,Rovigo,RO,2,Nord-est,G323,ITH,ITH3,ITH37,029034,21.582,44.998499,12.044912,1408,65.24
029035,Pettorazza Grimani,05,Veneto,029,Rovigo,RO,2,Nord-est,G525,ITH,ITH3,ITH37,029035,21.501,45.118145,11.992062,1392,64.74
029036,Pincara,05,Veneto,029,Rovigo,RO,2,Nord-est,G673,ITH,ITH3,ITH37,029036,17.754,44.990658,11.628608,1062,59.82
029037,Polesella,05,Veneto,029,Rovigo,RO,2,Nord-est,G782,ITH,ITH3,ITH37,029037,16.513,44.971937,11.744852,3676,222.61
029038,Pontecchio Polesine,05,Veneto,029,Rovigo,RO,2,Nord-est,G836,ITH,ITH3,ITH37,029038,11.572,45.015782,11.81488,2222,192.02
029039,Porto Tolle,05,Veneto,029,Rovigo,RO,2,Nord-est,G923,ITH,ITH3,ITH37,029039,259.558,44.918933,12.412867,8607,33.16
029052,Porto Viro,05,Veneto,029,Rovigo,RO,2,Nord-est,G926,ITH,ITH3,ITH37,029052,134.136,45.014432,12.306085,13675,101.95
029040,Rosolina,05,Veneto,029,Rovigo,RO,2,Nord-est,H573,ITH,ITH3,ITH37,029040,75.283,45.104784,12.2909,6043,80.27
029041,Rovigo,05,Veneto,029,Rovigo,RO,2,Nord-est,H620,ITH,ITH3,ITH37,029041,108.701,45.0718,11.789691,49994,459.92
029042,Salara,05,Veneto,029,Rovigo,RO,2,Nord-est,H689,ITH,ITH3,ITH37,029042,14.389,44.985492,11.424899,1027,71.37
029043,San Bellino,05,Veneto,029,Rovigo,RO,2,Nord-est,H768,ITH,ITH3,ITH37,029043,16.049,45.020317,11.575694,1075,66.98
029044,San Martino di Venezze,05,Veneto,029,Rovigo,RO,2,Nord-est,H996,ITH,ITH3,ITH37,029044,31.154,45.11687,11.902546,3806,122.17
029045,Stienta,05,Veneto,029,Rovigo,RO,2,Nord-est,I953,ITH,ITH3,ITH37,029045,23.947,44.957692,11.530283,3019,126.07
029046,Taglio di Po,05,Veneto,029,Rovigo,RO,2,Nord-est,L026,ITH,ITH3,ITH37,029046,78.583,44.922139,12.308788,7836,99.72
029047,Trecenta,05,Veneto,029,Rovigo,RO,2,Nord-est,L359,ITH,ITH3,ITH37,029047,34.863,45.02341,11.437654,2605,74.72
029048,Villadose,05,Veneto,029,Rovigo,RO,2,Nord-est,L939,ITH,ITH3,ITH37,029048,31.963,45.082014,11.908478,4640,145.17
029049,Villamarzana,05,Veneto,029,Rovigo,RO,2,Nord-est,L967,ITH,ITH3,ITH37,029049,14.445,45.016822,11.686071,1112,76.98
029051,Villanova Marchesana,05,Veneto,029,Rovigo,RO,2,Nord-est,L988,ITH,ITH3,ITH37,029051,18.086,45.002839,11.972916,876,48.44
029050,Villanova del Ghebbo,05,Veneto,029,Rovigo,RO,2,Nord-est,L985,ITH,ITH3,ITH37,029050,11.587,45.066568,11.666905,1933,166.82
026001,Altivole,05,Veneto,026,Treviso,TV,2,Nord-est,A237,ITH,ITH3,ITH34,026001,21.855,45.749916,11.944236,7088,324.32
026002,Arcade,05,Veneto,026,Treviso,TV,2,Nord-est,A360,ITH,ITH3,ITH34,026002,8.085,45.780578,12.221603,4476,553.62
026003,Asolo,05,Veneto,026,Treviso,TV,2,Nord-est,A471,ITH,ITH3,ITH34,026003,25.485,45.789025,11.915964,8917,349.89
026004,Borso del Grappa,05,Veneto,026,Treviso,TV,2,Nord-est,B061,ITH,ITH3,ITH34,026004,33.132,45.832335,11.786644,5971,180.22
026005,Breda di Piave,05,Veneto,026,Treviso,TV,2,Nord-est,B128,ITH,ITH3,ITH34,026005,25.778,45.717151,12.359231,7642,296.45
026006,Caerano di San Marco,05,Veneto,026,Treviso,TV,2,Nord-est,B349,ITH,ITH3,ITH34,026006,12.111,45.779907,11.997477,7819,645.61
026007,Cappella Maggiore,05,Veneto,026,Treviso,TV,2,Nord-est,B678,ITH,ITH3,ITH34,026007,11.221,45.980377,12.348339,4662,415.47
026008,Carbonera,05,Veneto,026,Treviso,TV,2,Nord-est,B744,ITH,ITH3,ITH34,026008,20.16,45.709056,12.295576,11239,557.49
026009,Casale sul Sile,05,Veneto,026,Treviso,TV,2,Nord-est,B879,ITH,ITH3,ITH34,026009,26.952,45.605431,12.312596,13067,484.82
026010,Casier,05,Veneto,026,Treviso,TV,2,Nord-est,B965,ITH,ITH3,ITH34,026010,13.606,45.627693,12.257978,11425,839.7
026011,Castelcucco,05,Veneto,026,Treviso,TV,2,Nord-est,C073,ITH,ITH3,ITH34,026011,8.967,45.829963,11.888564,2317,258.39
026012,Castelfranco Veneto,05,Veneto,026,Treviso,TV,2,Nord-est,C111,ITH,ITH3,ITH34,026012,51.636,45.660634,11.927854,33241,643.76
026013,Castello di Godego,05,Veneto,026,Treviso,TV,2,Nord-est,C190,ITH,ITH3,ITH34,026013,18.034,45.69176,11.87306,6898,382.5
026014,Cavaso del Tomba,05,Veneto,026,Treviso,TV,2,Nord-est,C384,ITH,ITH3,ITH34,026014,18.701,45.863511,11.906221,2941,157.26
026015,Cessalto,05,Veneto,026,Treviso,TV,2,Nord-est,C580,ITH,ITH3,ITH34,026015,28.179,45.70959,12.641851,3835,136.09
026016,Chiarano,05,Veneto,026,Treviso,TV,2,Nord-est,C614,ITH,ITH3,ITH34,026016,19.625,45.733921,12.567646,3337,170.04
026017,Cimadolmo,05,Veneto,026,Treviso,TV,2,Nord-est,C689,ITH,ITH3,ITH34,026017,17.978,45.777149,12.354844,3364,187.12
026018,Cison di Valmarino,05,Veneto,026,Treviso,TV,2,Nord-est,C735,ITH,ITH3,ITH34,026018,28.946,45.976105,12.167242,2411,83.29
026019,Codognè,05,Veneto,026,Treviso,TV,2,Nord-est,C815,ITH,ITH3,ITH34,026019,21.765,45.871735,12.440812,5246,241.03
026020,Colle Umberto,05,Veneto,026,Treviso,TV,2,Nord-est,C848,ITH,ITH3,ITH34,026020,13.239,45.944044,12.347824,4972,375.56
026021,Conegliano,05,Veneto,026,Treviso,TV,2,Nord-est,C957,ITH,ITH3,ITH34,026021,36.739,45.904794,12.267557,34675,943.82
026022,Cordignano,05,Veneto,026,Treviso,TV,2,Nord-est,C992,ITH,ITH3,ITH34,026022,26.081,45.970187,12.414906,6784,260.11
026023,Cornuda,05,Veneto,026,Treviso,TV,2,Nord-est,D030,ITH,ITH3,ITH34,026023,12.765,45.828519,11.996545,6017,471.37
026025,Crocetta del Montello,05,Veneto,026,Treviso,TV,2,Nord-est,C670,ITH,ITH3,ITH34,026025,26.455,45.829202,12.061199,6074,229.6
026026,Farra di Soligo,05,Veneto,026,Treviso,TV,2,Nord-est,D505,ITH,ITH3,ITH34,026026,28.265,45.903723,12.119274,8497,300.62
026027,Follina,05,Veneto,026,Treviso,TV,2,Nord-est,D654,ITH,ITH3,ITH34,026027,24.457,45.961899,12.121326,3614,147.77
026028,Fontanelle,05,Veneto,026,Treviso,TV,2,Nord-est,D674,ITH,ITH3,ITH34,026028,35.371,45.823755,12.450642,5559,157.16
026029,Fonte,05,Veneto,026,Treviso,TV,2,Nord-est,D680,ITH,ITH3,ITH34,026029,14.715,45.784165,11.87596,6063,412.03
026030,Fregona,05,Veneto,026,Treviso,TV,2,Nord-est,D794,ITH,ITH3,ITH34,026030,42.483,46.028268,12.369706,2738,64.45
026031,Gaiarine,05,Veneto,026,Treviso,TV,2,Nord-est,D854,ITH,ITH3,ITH34,026031,28.677,45.890852,12.489988,5826,203.16
026032,Giavera del Montello,05,Veneto,026,Treviso,TV,2,Nord-est,E021,ITH,ITH3,ITH34,026032,19.868,45.804033,12.160496,5110,257.2
026033,Godega di Sant'Urbano,05,Veneto,026,Treviso,TV,2,Nord-est,E071,ITH,ITH3,ITH34,026033,24.22,45.909269,12.413201,6014,248.31
026034,Gorgo al Monticano,05,Veneto,026,Treviso,TV,2,Nord-est,E092,ITH,ITH3,ITH34,026034,27.373,45.782856,12.558494,3976,145.25
026035,Istrana,05,Veneto,026,Treviso,TV,2,Nord-est,E373,ITH,ITH3,ITH34,026035,26.767,45.680912,12.095472,9088,339.52
026036,Loria,05,Veneto,026,Treviso,TV,2,Nord-est,E692,ITH,ITH3,ITH34,026036,23.31,45.711789,11.851305,9221,395.58
026037,Mansuè,05,Veneto,026,Treviso,TV,2,Nord-est,E893,ITH,ITH3,ITH34,026037,26.974,45.827142,12.523953,4850,179.8
026038,Mareno di Piave,05,Veneto,026,Treviso,TV,2,Nord-est,E940,ITH,ITH3,ITH34,026038,27.542,45.829194,12.326868,9353,339.59
026039,Maser,05,Veneto,026,Treviso,TV,2,Nord-est,F009,ITH,ITH3,ITH34,026039,25.759,45.79987,11.958003,5094,197.76
026040,Maserada sul Piave,05,Veneto,026,Treviso,TV,2,Nord-est,F012,ITH,ITH3,ITH34,026040,28.567,45.752504,12.340912,9149,320.26
026041,Meduna di Livenza,05,Veneto,026,Treviso,TV,2,Nord-est,F088,ITH,ITH3,ITH34,026041,15.204,45.811178,12.627013,2972,195.47
026042,Miane,05,Veneto,026,Treviso,TV,2,Nord-est,F190,ITH,ITH3,ITH34,026042,30.728,45.943786,12.083998,2978,96.91
026043,Mogliano Veneto,05,Veneto,026,Treviso,TV,2,Nord-est,F269,ITH,ITH3,ITH34,026043,46.058,45.565993,12.244649,28145,611.08
026044,Monastier di Treviso,05,Veneto,026,Treviso,TV,2,Nord-est,F332,ITH,ITH3,ITH34,026044,25.498,45.66456,12.435499,4432,173.82
026045,Monfumo,05,Veneto,026,Treviso,TV,2,Nord-est,F360,ITH,ITH3,ITH34,026045,11.563,45.836478,11.933582,1300,112.43
026046,Montebelluna,05,Veneto,026,Treviso,TV,2,Nord-est,F443,ITH,ITH3,ITH34,026046,48.624,45.769566,12.045804,31144,640.51
026047,Morgano,05,Veneto,026,Treviso,TV,2,Nord-est,F725,ITH,ITH3,ITH34,026047,11.637,45.64801,12.110087,4513,387.81
026048,Moriago della Battaglia,05,Veneto,026,Treviso,TV,2,Nord-est,F729,ITH,ITH3,ITH34,026048,13.657,45.858879,12.093223,2857,209.2
026049,Motta di Livenza,05,Veneto,026,Treviso,TV,2,Nord-est,F770,ITH,ITH3,ITH34,026049,37.39,45.766211,12.62461,10522,281.41
026050,Nervesa della Battaglia,05,Veneto,026,Treviso,TV,2,Nord-est,F872,ITH,ITH3,ITH34,026050,35.237,45.822148,12.191976,6595,187.16
026051,Oderzo,05,Veneto,026,Treviso,TV,2,Nord-est,F999,ITH,ITH3,ITH34,026051,42.314,45.77675,12.497584,20348,480.88
026052,Ormelle,05,Veneto,026,Treviso,TV,2,Nord-est,G115,ITH,ITH3,ITH34,026052,18.917,45.770353,12.428557,4480,236.82
026053,Orsago,05,Veneto,026,Treviso,TV,2,Nord-est,G123,ITH,ITH3,ITH34,026053,10.808,45.919913,12.442318,3720,344.19
026055,Paese,05,Veneto,026,Treviso,TV,2,Nord-est,G229,ITH,ITH3,ITH34,026055,37.855,45.701585,12.14833,22184,586.03
026056,Pederobba,05,Veneto,026,Treviso,TV,2,Nord-est,G408,ITH,ITH3,ITH34,026056,26.731,45.867537,11.966302,7257,271.48
026096,Pieve del Grappa,05,Veneto,026,Treviso,TV,2,Nord-est,M422,ITH,ITH3,ITH34,026096,37.378,45.856702,11.830402,6576,175.93
026057,Pieve di Soligo,05,Veneto,026,Treviso,TV,2,Nord-est,G645,ITH,ITH3,ITH34,026057,19.035,45.901188,12.178415,11452,601.63
026058,Ponte di Piave,05,Veneto,026,Treviso,TV,2,Nord-est,G846,ITH,ITH3,ITH34,026058,32.155,45.732846,12.472299,8331,259.09
026059,Ponzano Veneto,05,Veneto,026,Treviso,TV,2,Nord-est,G875,ITH,ITH3,ITH34,026059,22.326,45.720487,12.201706,13027,583.49
026060,Portobuffolè,05,Veneto,026,Treviso,TV,2,Nord-est,G909,ITH,ITH3,ITH34,026060,5.32,45.851756,12.529383,747,140.41
026061,Possagno,05,Veneto,026,Treviso,TV,2,Nord-est,G933,ITH,ITH3,ITH34,026061,12.146,45.869941,11.860934,2299,189.28
026062,Povegliano,05,Veneto,026,Treviso,TV,2,Nord-est,G944,ITH,ITH3,ITH34,026062,13.282,45.755054,12.184334,5143,387.22
026063,Preganziol,05,Veneto,026,Treviso,TV,2,Nord-est,H022,ITH,ITH3,ITH34,026063,22.72,45.61045,12.221527,16738,736.71
026064,Quinto di Treviso,05,Veneto,026,Treviso,TV,2,Nord-est,H131,ITH,ITH3,ITH34,026064,18.811,45.642489,12.148937,10093,536.55
026065,Refrontolo,05,Veneto,026,Treviso,TV,2,Nord-est,H220,ITH,ITH3,ITH34,026065,12.71,45.913369,12.210736,1697,133.52
026066,Resana,05,Veneto,026,Treviso,TV,2,Nord-est,H238,ITH,ITH3,ITH34,026066,24.801,45.635542,11.965832,9340,376.6
026067,Revine Lago,05,Veneto,026,Treviso,TV,2,Nord-est,H253,ITH,ITH3,ITH34,026067,18.843,46.001939,12.226738,2099,111.39
026068,Riese Pio X,05,Veneto,026,Treviso,TV,2,Nord-est,H280,ITH,ITH3,ITH34,026068,30.65,45.723849,11.915055,10921,356.31
026069,Roncade,05,Veneto,026,Treviso,TV,2,Nord-est,H523,ITH,ITH3,ITH34,026069,61.814,45.613757,12.396,14592,236.06
026070,Salgareda,05,Veneto,026,Treviso,TV,2,Nord-est,H706,ITH,ITH3,ITH34,026070,27.633,45.700815,12.521575,6523,236.06
026071,San Biagio di Callalta,05,Veneto,026,Treviso,TV,2,Nord-est,H781,ITH,ITH3,ITH34,026071,48.016,45.681691,12.383104,12631,263.06
026072,San Fior,05,Veneto,026,Treviso,TV,2,Nord-est,H843,ITH,ITH3,ITH34,026072,17.787,45.902505,12.346966,6843,384.72
026073,San Pietro di Feletto,05,Veneto,026,Treviso,TV,2,Nord-est,I103,ITH,ITH3,ITH34,026073,19.004,45.903839,12.236266,5132,270.05
026074,San Polo di Piave,05,Veneto,026,Treviso,TV,2,Nord-est,I124,ITH,ITH3,ITH34,026074,20.642,45.7878,12.393406,4795,232.29
026076,San Vendemiano,05,Veneto,026,Treviso,TV,2,Nord-est,I382,ITH,ITH3,ITH34,026076,18.324,45.885735,12.349005,9680,528.27
026077,San Zenone degli Ezzelini,05,Veneto,026,Treviso,TV,2,Nord-est,I417,ITH,ITH3,ITH34,026077,19.967,45.776557,11.841787,7318,366.5
026075,Santa Lucia di Piave,05,Veneto,026,Treviso,TV,2,Nord-est,I221,ITH,ITH3,ITH34,026075,20.047,45.827595,12.288325,9056,451.74
026078,Sarmede,05,Veneto,026,Treviso,TV,2,Nord-est,I435,ITH,ITH3,ITH34,026078,18.053,45.990532,12.388541,2960,163.96
026079,Segusino,05,Veneto,026,Treviso,TV,2,Nord-est,I578,ITH,ITH3,ITH34,026079,18.05,45.931437,11.96498,1804,99.94
026080,Sernaglia della Battaglia,05,Veneto,026,Treviso,TV,2,Nord-est,I635,ITH,ITH3,ITH34,026080,20.014,45.863028,12.148302,6145,307.04
026081,Silea,05,Veneto,026,Treviso,TV,2,Nord-est,F116,ITH,ITH3,ITH34,026081,18.578,45.640944,12.322685,10459,562.98
026082,Spresiano,05,Veneto,026,Treviso,TV,2,Nord-est,I927,ITH,ITH3,ITH34,026082,25.932,45.778612,12.278358,12400,478.17
026083,Susegana,05,Veneto,026,Treviso,TV,2,Nord-est,L014,ITH,ITH3,ITH34,026083,44.185,45.853092,12.223364,11698,264.75
026084,Tarzo,05,Veneto,026,Treviso,TV,2,Nord-est,L058,ITH,ITH3,ITH34,026084,23.81,45.96504,12.223837,4119,172.99
026085,Trevignano,05,Veneto,026,Treviso,TV,2,Nord-est,L402,ITH,ITH3,ITH34,026085,26.65,45.73287,12.090695,10676,400.6
026086,Treviso,05,Veneto,026,Treviso,TV,2,Nord-est,L407,ITH,ITH3,ITH34,026086,55.843,45.659006,12.237095,86113,1542.06
026087,Valdobbiadene,05,Veneto,026,Treviso,TV,2,Nord-est,L565,ITH,ITH3,ITH34,026087,63.295,45.917105,12.027019,9872,155.97
026088,Vazzola,05,Veneto,026,Treviso,TV,2,Nord-est,L700,ITH,ITH3,ITH34,026088,26.417,45.829147,12.386656,6674,252.64
026089,Vedelago,05,Veneto,026,Treviso,TV,2,Nord-est,L706,ITH,ITH3,ITH34,026089,61.939,45.686257,12.032045,16558,267.33
026090,Vidor,05,Veneto,026,Treviso,TV,2,Nord-est,L856,ITH,ITH3,ITH34,026090,13.349,45.869348,12.051193,3559,266.61
026091,Villorba,05,Veneto,026,Treviso,TV,2,Nord-est,M048,ITH,ITH3,ITH34,026091,30.358,45.726072,12.258399,17563,578.53
026092,Vittorio Veneto,05,Veneto,026,Treviso,TV,2,Nord-est,M089,ITH,ITH3,ITH34,026092,82.976,45.997564,12.296925,27242,328.31
026093,Volpago del Montello,05,Veneto,026,Treviso,TV,2,Nord-est,M118,ITH,ITH3,ITH34,026093,44.667,45.791255,12.118533,9989,223.63
026094,Zenson di Piave,05,Veneto,026,Treviso,TV,2,Nord-est,M163,ITH,ITH3,ITH34,026094,9.314,45.677508,12.479026,1765,189.5
026095,Zero Branco,05,Veneto,026,Treviso,TV,2,Nord-est,M171,ITH,ITH3,ITH34,026095,26.184,45.603091,12.152825,11695,446.65
027001,Annone Veneto,05,Veneto,027,Venezia,VE,2,Nord-est,A302,ITH,ITH3,ITH35,027001,26.362,45.764391,12.696725,3917,148.59
027002,Campagna Lupia,05,Veneto,027,Venezia,VE,2,Nord-est,B493,ITH,ITH3,ITH35,027002,87.605,45.34853,12.165058,7116,81.23
027003,Campolongo Maggiore,05,Veneto,027,Venezia,VE,2,Nord-est,B546,ITH,ITH3,ITH35,027003,23.67,45.335139,12.066401,10698,451.96
027004,Camponogara,05,Veneto,027,Venezia,VE,2,Nord-est,B554,ITH,ITH3,ITH35,027004,21.294,45.376432,12.09272,12979,609.51
027005,Caorle,05,Veneto,027,Venezia,VE,2,Nord-est,B642,ITH,ITH3,ITH35,027005,153.579,45.638659,12.896412,10978,71.48
027044,Cavallino-Treporti,05,Veneto,027,Venezia,VE,2,Nord-est,M308,ITH,ITH3,ITH35,027044,45.133,45.46237,12.483853,13105,290.36
027006,Cavarzere,05,Veneto,027,Venezia,VE,2,Nord-est,C383,ITH,ITH3,ITH35,027006,139.903,45.114301,12.129559,12730,90.99
027007,Ceggia,05,Veneto,027,Venezia,VE,2,Nord-est,C422,ITH,ITH3,ITH35,027007,22.406,45.684131,12.642722,6250,278.94
027008,Chioggia,05,Veneto,027,Venezia,VE,2,Nord-est,C638,ITH,ITH3,ITH35,027008,188.187,45.219224,12.227467,46951,249.49
027009,Cinto Caomaggiore,05,Veneto,027,Venezia,VE,2,Nord-est,C714,ITH,ITH3,ITH35,027009,21.446,45.822568,12.781604,3172,147.91
027010,Cona,05,Veneto,027,Venezia,VE,2,Nord-est,C938,ITH,ITH3,ITH35,027010,65.411,45.18028,12.069606,2767,42.3
027011,Concordia Sagittaria,05,Veneto,027,Venezia,VE,2,Nord-est,C950,ITH,ITH3,ITH35,027011,67.13,45.721239,12.822356,10212,152.12
027012,Dolo,05,Veneto,027,Venezia,VE,2,Nord-est,D325,ITH,ITH3,ITH35,027012,24.331,45.421787,12.093342,14993,616.21
027013,Eraclea,05,Veneto,027,Venezia,VE,2,Nord-est,D415,ITH,ITH3,ITH35,027013,95.638,45.592158,12.692783,11820,123.59
027014,Fiesso d'Artico,05,Veneto,027,Venezia,VE,2,Nord-est,D578,ITH,ITH3,ITH35,027014,6.58,45.423152,12.036987,8702,1322.49
027015,Fossalta di Piave,05,Veneto,027,Venezia,VE,2,Nord-est,D740,ITH,ITH3,ITH35,027015,9.818,45.644852,12.511629,4251,432.98
027016,Fossalta di Portogruaro,05,Veneto,027,Venezia,VE,2,Nord-est,D741,ITH,ITH3,ITH35,027016,30.832,45.77741,12.913366,5747,186.4
027017,Fossò,05,Veneto,027,Venezia,VE,2,Nord-est,D748,ITH,ITH3,ITH35,027017,10.135,45.37974,12.047424,7118,702.32
027018,Gruaro,05,Veneto,027,Venezia,VE,2,Nord-est,E215,ITH,ITH3,ITH35,027018,17.478,45.819921,12.83432,2700,154.48
027019,Jesolo,05,Veneto,027,Venezia,VE,2,Nord-est,C388,ITH,ITH3,ITH35,027019,96.909,45.532638,12.658393,27120,279.85
027020,Marcon,05,Veneto,027,Venezia,VE,2,Nord-est,E936,ITH,ITH3,ITH35,027020,26.014,45.55272,12.33173,17664,679.02
027021,Martellago,05,Veneto,027,Venezia,VE,2,Nord-est,E980,ITH,ITH3,ITH35,027021,20.039,45.538133,12.158079,21184,1057.14
027022,Meolo,05,Veneto,027,Venezia,VE,2,Nord-est,F130,ITH,ITH3,ITH35,027022,26.621,45.606166,12.462985,6155,231.21
027023,Mira,05,Veneto,027,Venezia,VE,2,Nord-est,F229,ITH,ITH3,ITH35,027023,98.74,45.409738,12.192495,37465,379.43
027024,Mirano,05,Veneto,027,Venezia,VE,2,Nord-est,F241,ITH,ITH3,ITH35,027024,45.779,45.487934,12.083844,27114,592.28
027025,Musile di Piave,05,Veneto,027,Venezia,VE,2,Nord-est,F826,ITH,ITH3,ITH35,027025,45.074,45.593829,12.523267,11407,253.07
027026,Noale,05,Veneto,027,Venezia,VE,2,Nord-est,F904,ITH,ITH3,ITH35,027026,24.814,45.553906,12.072536,16225,653.86
027027,Noventa di Piave,05,Veneto,027,Venezia,VE,2,Nord-est,F963,ITH,ITH3,ITH35,027027,18.001,45.668815,12.529139,7015,389.7
027028,Pianiga,05,Veneto,027,Venezia,VE,2,Nord-est,G565,ITH,ITH3,ITH35,027028,19.977,45.451733,12.025058,12305,615.96
027029,Portogruaro,05,Veneto,027,Venezia,VE,2,Nord-est,G914,ITH,ITH3,ITH35,027029,102.408,45.758004,12.766389,24301,237.3
027030,Pramaggiore,05,Veneto,027,Venezia,VE,2,Nord-est,G981,ITH,ITH3,ITH35,027030,24.241,45.798921,12.728209,4721,194.75
027031,Quarto d'Altino,05,Veneto,027,Venezia,VE,2,Nord-est,H117,ITH,ITH3,ITH35,027031,28.199,45.561692,12.402867,8012,284.12
027032,Salzano,05,Veneto,027,Venezia,VE,2,Nord-est,H735,ITH,ITH3,ITH35,027032,17.292,45.534742,12.112192,12768,738.38
027033,San Donà di Piave,05,Veneto,027,Venezia,VE,2,Nord-est,H823,ITH,ITH3,ITH35,027033,78.184,45.625198,12.603497,42261,540.53
027034,San Michele al Tagliamento,05,Veneto,027,Venezia,VE,2,Nord-est,I040,ITH,ITH3,ITH35,027034,115.01,45.734409,12.992104,11329,98.5
027036,San Stino di Livenza,05,Veneto,027,Venezia,VE,2,Nord-est,I373,ITH,ITH3,ITH35,027036,67.97,45.676722,12.775971,12726,187.23
027035,Santa Maria di Sala,05,Veneto,027,Venezia,VE,2,Nord-est,I242,ITH,ITH3,ITH35,027035,27.887,45.502097,12.021472,17488,627.1
027037,Scorzè,05,Veneto,027,Venezia,VE,2,Nord-est,I551,ITH,ITH3,ITH35,027037,33.582,45.580855,12.118335,18996,565.66
027038,Spinea,05,Veneto,027,Venezia,VE,2,Nord-est,I908,ITH,ITH3,ITH35,027038,14.77,45.492142,12.155633,27933,1891.2
027039,Stra,05,Veneto,027,Venezia,VE,2,Nord-est,I965,ITH,ITH3,ITH35,027039,8.97,45.409984,12.032397,7506,836.79
027040,Teglio Veneto,05,Veneto,027,Venezia,VE,2,Nord-est,L085,ITH,ITH3,ITH35,027040,11.399,45.816886,12.894456,2224,195.1
027041,Torre di Mosto,05,Veneto,027,Venezia,VE,2,Nord-est,L267,ITH,ITH3,ITH35,027041,37.943,45.654148,12.711139,4753,125.27
027042,Venezia,05,Veneto,027,Venezia,VE,2,Nord-est,L736,ITH,ITH3,ITH35,027042,418.185,45.40462,12.310938,249385,596.35
027043,Vigonovo,05,Veneto,027,Venezia,VE,2,Nord-est,L899,ITH,ITH3,ITH35,027043,12.935,45.386572,12.013917,9814,758.72
023001,Affi,05,Veneto,023,Verona,VR,2,Nord-est,A061,ITH,ITH3,ITH31,023001,9.933,45.559202,10.777825,2504,252.09
023002,Albaredo d'Adige,05,Veneto,023,Verona,VR,2,Nord-est,A137,ITH,ITH3,ITH31,023002,28.205,45.298982,11.300089,5298,187.84
023003,Angiari,05,Veneto,023,Verona,VR,2,Nord-est,A292,ITH,ITH3,ITH31,023003,13.568,45.224692,11.259844,2544,187.5
023004,Arcole,05,Veneto,023,Verona,VR,2,Nord-est,A374,ITH,ITH3,ITH31,023004,18.668,45.364994,11.292995,6419,343.85
023005,Badia Calavena,05,Veneto,023,Verona,VR,2,Nord-est,A540,ITH,ITH3,ITH31,023005,26.733,45.574633,11.156887,2707,101.26
023006,Bardolino,05,Veneto,023,Verona,VR,2,Nord-est,A650,ITH,ITH3,ITH31,023006,57.497,45.532085,10.693007,6816,118.55
023007,Belfiore,05,Veneto,023,Verona,VR,2,Nord-est,A737,ITH,ITH3,ITH31,023007,26.303,45.36471,11.229164,3408,129.57
023008,Bevilacqua,05,Veneto,023,Verona,VR,2,Nord-est,A837,ITH,ITH3,ITH31,023008,12.239,45.216915,11.393754,1817,148.46
023009,Bonavigo,05,Veneto,023,Verona,VR,2,Nord-est,A964,ITH,ITH3,ITH31,023009,18.03,45.244632,11.28823,1990,110.37
023010,Boschi Sant'Anna,05,Veneto,023,Verona,VR,2,Nord-est,B070,ITH,ITH3,ITH31,023010,9.399,45.204345,11.370578,1385,147.36
023011,Bosco Chiesanuova,05,Veneto,023,Verona,VR,2,Nord-est,B073,ITH,ITH3,ITH31,023011,64.999,45.651355,11.039244,3593,55.28
023012,Bovolone,05,Veneto,023,Verona,VR,2,Nord-est,B107,ITH,ITH3,ITH31,023012,41.525,45.269901,11.120456,16392,394.75
023013,Brentino Belluno,05,Veneto,023,Verona,VR,2,Nord-est,B152,ITH,ITH3,ITH31,023013,25.831,45.661311,10.883826,1368,52.96
023014,Brenzone sul Garda,05,Veneto,023,Verona,VR,2,Nord-est,B154,ITH,ITH3,ITH31,023014,51.695,45.697331,10.776292,2436,47.12
023015,Bussolengo,05,Veneto,023,Verona,VR,2,Nord-est,B296,ITH,ITH3,ITH31,023015,24.16,45.469019,10.847962,21037,870.74
023016,Buttapietra,05,Veneto,023,Verona,VR,2,Nord-est,B304,ITH,ITH3,ITH31,023016,17.461,45.343511,10.996307,7031,402.67
023017,Caldiero,05,Veneto,023,Verona,VR,2,Nord-est,B402,ITH,ITH3,ITH31,023017,10.485,45.402712,11.1925,8160,778.25
023018,Caprino Veronese,05,Veneto,023,Verona,VR,2,Nord-est,B709,ITH,ITH3,ITH31,023018,47.872,45.627028,10.808237,8775,183.3
023019,Casaleone,05,Veneto,023,Verona,VR,2,Nord-est,B886,ITH,ITH3,ITH31,023019,38.143,45.150439,11.198098,5672,148.7
023020,Castagnaro,05,Veneto,023,Verona,VR,2,Nord-est,C041,ITH,ITH3,ITH31,023020,35.046,45.094221,11.407154,3497,99.78
023021,Castel d'Azzano,05,Veneto,023,Verona,VR,2,Nord-est,C078,ITH,ITH3,ITH31,023021,9.76,45.358603,10.945934,12333,1263.63
023022,Castelnuovo del Garda,05,Veneto,023,Verona,VR,2,Nord-est,C225,ITH,ITH3,ITH31,023022,34.5,45.439645,10.759356,13306,385.68
023023,Cavaion Veronese,05,Veneto,023,Verona,VR,2,Nord-est,C370,ITH,ITH3,ITH31,023023,12.778,45.531512,10.77547,5995,469.17
023024,Cazzano di Tramigna,05,Veneto,023,Verona,VR,2,Nord-est,C412,ITH,ITH3,ITH31,023024,12.381,45.475048,11.212789,1466,118.41
023025,Cerea,05,Veneto,023,Verona,VR,2,Nord-est,C498,ITH,ITH3,ITH31,023025,70.228,45.161076,11.248294,17304,246.4
023026,Cerro Veronese,05,Veneto,023,Verona,VR,2,Nord-est,C538,ITH,ITH3,ITH31,023026,10.234,45.567922,11.036421,2698,263.63
023027,Cologna Veneta,05,Veneto,023,Verona,VR,2,Nord-est,C890,ITH,ITH3,ITH31,023027,43.029,45.310955,11.384902,8543,198.54
023028,Colognola ai Colli,05,Veneto,023,Verona,VR,2,Nord-est,C897,ITH,ITH3,ITH31,023028,20.668,45.422874,11.182041,8801,425.83
023029,Concamarise,05,Veneto,023,Verona,VR,2,Nord-est,C943,ITH,ITH3,ITH31,023029,7.89,45.204289,11.147856,1060,134.35
023030,Costermano sul Garda,05,Veneto,023,Verona,VR,2,Nord-est,D118,ITH,ITH3,ITH31,023030,16.594,45.589773,10.733142,3996,240.81
023031,Dolcè,05,Veneto,023,Verona,VR,2,Nord-est,D317,ITH,ITH3,ITH31,023031,31.043,45.607493,10.86785,2536,81.69
023033,Erbezzo,05,Veneto,023,Verona,VR,2,Nord-est,D420,ITH,ITH3,ITH31,023033,31.492,45.659088,10.996706,850,26.99
023032,Erbè,05,Veneto,023,Verona,VR,2,Nord-est,D419,ITH,ITH3,ITH31,023032,16.37,45.240273,10.964927,1922,117.41
023034,Ferrara di Monte Baldo,05,Veneto,023,Verona,VR,2,Nord-est,D549,ITH,ITH3,ITH31,023034,26.563,45.683773,10.846413,302,11.37
023035,Fumane,05,Veneto,023,Verona,VR,2,Nord-est,D818,ITH,ITH3,ITH31,023035,34.297,45.581035,10.883523,4193,122.26
023036,Garda,05,Veneto,023,Verona,VR,2,Nord-est,D915,ITH,ITH3,ITH31,023036,14.332,45.578187,10.683653,4044,282.17
023037,Gazzo Veronese,05,Veneto,023,Verona,VR,2,Nord-est,D957,ITH,ITH3,ITH31,023037,57.109,45.133104,11.102235,5226,91.51
023038,Grezzana,05,Veneto,023,Verona,VR,2,Nord-est,E171,ITH,ITH3,ITH31,023038,49.709,45.560961,11.053098,10775,216.76
023039,Illasi,05,Veneto,023,Verona,VR,2,Nord-est,E284,ITH,ITH3,ITH31,023039,25.135,45.471444,11.176142,5149,204.85
023041,Isola Rizza,05,Veneto,023,Verona,VR,2,Nord-est,E358,ITH,ITH3,ITH31,023041,17.005,45.277577,11.190899,3317,195.06
023040,Isola della Scala,05,Veneto,023,Verona,VR,2,Nord-est,E349,ITH,ITH3,ITH31,023040,69.587,45.279397,11.027251,11825,169.93
023042,Lavagno,05,Veneto,023,Verona,VR,2,Nord-est,E489,ITH,ITH3,ITH31,023042,14.463,45.438482,11.133619,8730,603.61
023043,Lazise,05,Veneto,023,Verona,VR,2,Nord-est,E502,ITH,ITH3,ITH31,023043,63.183,45.479097,10.709273,6771,107.16
023044,Legnago,05,Veneto,023,Verona,VR,2,Nord-est,E512,ITH,ITH3,ITH31,023044,78.688,45.154122,11.30022,26084,331.49
023045,Malcesine,05,Veneto,023,Verona,VR,2,Nord-est,E848,ITH,ITH3,ITH31,023045,68.985,45.770818,10.833585,3472,50.33
023046,Marano di Valpolicella,05,Veneto,023,Verona,VR,2,Nord-est,E911,ITH,ITH3,ITH31,023046,18.75,45.556106,10.911152,3085,164.53
023047,Mezzane di Sotto,05,Veneto,023,Verona,VR,2,Nord-est,F172,ITH,ITH3,ITH31,023047,19.817,45.489876,11.120449,2502,126.26
023048,Minerbe,05,Veneto,023,Verona,VR,2,Nord-est,F218,ITH,ITH3,ITH31,023048,29.759,45.246282,11.347536,4644,156.05
023049,Montecchia di Crosara,05,Veneto,023,Verona,VR,2,Nord-est,F461,ITH,ITH3,ITH31,023049,20.838,45.475267,11.251425,4323,207.46
023050,Monteforte d'Alpone,05,Veneto,023,Verona,VR,2,Nord-est,F508,ITH,ITH3,ITH31,023050,20.344,45.43691,11.2904,8953,440.08
023051,Mozzecane,05,Veneto,023,Verona,VR,2,Nord-est,F789,ITH,ITH3,ITH31,023051,24.867,45.304114,10.839861,8200,329.75
023052,Negrar di Valpolicella,05,Veneto,023,Verona,VR,2,Nord-est,F861,ITH,ITH3,ITH31,023052,40.369,45.540568,10.95231,16378,405.71
023053,Nogara,05,Veneto,023,Verona,VR,2,Nord-est,F918,ITH,ITH3,ITH31,023053,38.556,45.189826,11.065034,8488,220.15
023054,Nogarole Rocca,05,Veneto,023,Verona,VR,2,Nord-est,F921,ITH,ITH3,ITH31,023054,29.667,45.27964,10.876402,3888,131.05
023055,Oppeano,05,Veneto,023,Verona,VR,2,Nord-est,G080,ITH,ITH3,ITH31,023055,46.388,45.311362,11.142841,10383,223.83
023056,Palù,05,Veneto,023,Verona,VR,2,Nord-est,G297,ITH,ITH3,ITH31,023056,13.82,45.329526,11.119011,1196,86.54
023057,Pastrengo,05,Veneto,023,Verona,VR,2,Nord-est,G365,ITH,ITH3,ITH31,023057,8.908,45.497317,10.801638,3089,346.77
023058,Pescantina,05,Veneto,023,Verona,VR,2,Nord-est,G481,ITH,ITH3,ITH31,023058,19.731,45.490892,10.856135,17630,893.52
023059,Peschiera del Garda,05,Veneto,023,Verona,VR,2,Nord-est,G489,ITH,ITH3,ITH31,023059,18.075,45.438987,10.680075,10905,603.32
023060,Povegliano Veronese,05,Veneto,023,Verona,VR,2,Nord-est,G945,ITH,ITH3,ITH31,023060,18.137,45.338278,10.884421,7401,408.06
023061,Pressana,05,Veneto,023,Verona,VR,2,Nord-est,H048,ITH,ITH3,ITH31,023061,17.288,45.2727,11.41189,2511,145.25
023062,Rivoli Veronese,05,Veneto,023,Verona,VR,2,Nord-est,H356,ITH,ITH3,ITH31,023062,18.28,45.571318,10.80407,2368,129.54
023064,Ronco all'Adige,05,Veneto,023,Verona,VR,2,Nord-est,H540,ITH,ITH3,ITH31,023064,42.853,45.326264,11.227187,6195,144.56
023063,Roncà,05,Veneto,023,Verona,VR,2,Nord-est,H522,ITH,ITH3,ITH31,023063,18.178,45.484238,11.299489,3755,206.57
023065,Roverchiara,05,Veneto,023,Verona,VR,2,Nord-est,H606,ITH,ITH3,ITH31,023065,19.608,45.261912,11.237089,2596,132.39
023066,Roveredo di Guà,05,Veneto,023,Verona,VR,2,Nord-est,H610,ITH,ITH3,ITH31,023066,10.131,45.273263,11.462753,1657,163.56
023067,Roverè Veronese,05,Veneto,023,Verona,VR,2,Nord-est,H608,ITH,ITH3,ITH31,023067,36.372,45.603692,11.062792,2169,59.63
023068,Salizzole,05,Veneto,023,Verona,VR,2,Nord-est,H714,ITH,ITH3,ITH31,023068,30.675,45.223072,11.092223,3758,122.51
023069,San Bonifacio,05,Veneto,023,Verona,VR,2,Nord-est,H783,ITH,ITH3,ITH31,023069,33.985,45.393782,11.279724,21399,629.66
023070,San Giovanni Ilarione,05,Veneto,023,Verona,VR,2,Nord-est,H916,ITH,ITH3,ITH31,023070,25.402,45.52595,11.240262,4848,190.85
023071,San Giovanni Lupatoto,05,Veneto,023,Verona,VR,2,Nord-est,H924,ITH,ITH3,ITH31,023071,19.172,45.366405,11.030884,25427,1326.26
023073,San Martino Buon Albergo,05,Veneto,023,Verona,VR,2,Nord-est,I003,ITH,ITH3,ITH31,023073,34.86,45.427786,11.095734,16797,481.84
023074,San Mauro di Saline,05,Veneto,023,Verona,VR,2,Nord-est,H712,ITH,ITH3,ITH31,023074,11.372,45.560942,11.105694,606,53.29
023075,San Pietro di Morubio,05,Veneto,023,Verona,VR,2,Nord-est,I105,ITH,ITH3,ITH31,023075,16.011,45.238109,11.200156,3145,196.43
023076,San Pietro in Cariano,05,Veneto,023,Verona,VR,2,Nord-est,I109,ITH,ITH3,ITH31,023076,20.358,45.50926,10.893732,12996,638.37
023079,San Zeno di Montagna,05,Veneto,023,Verona,VR,2,Nord-est,I414,ITH,ITH3,ITH31,023079,28.566,45.648822,10.766817,1544,54.05
023072,Sanguinetto,05,Veneto,023,Verona,VR,2,Nord-est,H944,ITH,ITH3,ITH31,023072,13.606,45.17167,11.153584,4318,317.36
023077,Sant'Ambrogio di Valpolicella,05,Veneto,023,Verona,VR,2,Nord-est,I259,ITH,ITH3,ITH31,023077,23.421,45.543847,10.847815,11870,506.81
023078,Sant'Anna d'Alfaedo,05,Veneto,023,Verona,VR,2,Nord-est,I292,ITH,ITH3,ITH31,023078,43.503,45.640905,10.93928,2660,61.15
023080,Selva di Progno,05,Veneto,023,Verona,VR,2,Nord-est,I594,ITH,ITH3,ITH31,023080,41.209,45.644642,11.133774,921,22.35
023081,Soave,05,Veneto,023,Verona,VR,2,Nord-est,I775,ITH,ITH3,ITH31,023081,23.135,45.436463,11.243467,7126,308.02
023082,Sommacampagna,05,Veneto,023,Verona,VR,2,Nord-est,I821,ITH,ITH3,ITH31,023082,41.053,45.396793,10.843616,14480,352.71
023083,Sona,05,Veneto,023,Verona,VR,2,Nord-est,I826,ITH,ITH3,ITH31,023083,41.152,45.428051,10.806679,17761,431.6
023084,Sorgà,05,Veneto,023,Verona,VR,2,Nord-est,I850,ITH,ITH3,ITH31,023084,31.318,45.189982,11.004119,2979,95.12
023085,Terrazzo,05,Veneto,023,Verona,VR,2,Nord-est,L136,ITH,ITH3,ITH31,023085,20.557,45.159938,11.393593,2143,104.25
023086,Torri del Benaco,05,Veneto,023,Verona,VR,2,Nord-est,L287,ITH,ITH3,ITH31,023086,45.93,45.621159,10.680957,2856,62.18
023087,Tregnago,05,Veneto,023,Verona,VR,2,Nord-est,L364,ITH,ITH3,ITH31,023087,37.132,45.530783,11.162643,5065,136.41
023088,Trevenzuolo,05,Veneto,023,Verona,VR,2,Nord-est,L396,ITH,ITH3,ITH31,023088,26.76,45.265827,10.939032,2801,104.67
023089,Valeggio sul Mincio,05,Veneto,023,Verona,VR,2,Nord-est,L567,ITH,ITH3,ITH31,023089,63.806,45.352122,10.737678,16040,251.39
023090,Velo Veronese,05,Veneto,023,Verona,VR,2,Nord-est,L722,ITH,ITH3,ITH31,023090,19.044,45.611536,11.102905,772,40.54
023091,Verona,05,Veneto,023,Verona,VR,2,Nord-est,L781,ITH,ITH3,ITH31,023091,198.815,45.446255,10.980546,255139,1283.3
023092,Veronella,05,Veneto,023,Verona,VR,2,Nord-est,D193,ITH,ITH3,ITH31,023092,20.68,45.310136,11.32951,5189,250.92
023093,Vestenanova,05,Veneto,023,Verona,VR,2,Nord-est,L810,ITH,ITH3,ITH31,023093,24.329,45.587543,11.215001,2499,102.72
023094,Vigasio,05,Veneto,023,Verona,VR,2,Nord-est,L869,ITH,ITH3,ITH31,023094,30.794,45.327087,10.940113,10342,335.84
023095,Villa Bartolomea,05,Veneto,023,Verona,VR,2,Nord-est,L912,ITH,ITH3,ITH31,023095,52.719,45.111238,11.339922,5895,111.82
023096,Villafranca di Verona,05,Veneto,023,Verona,VR,2,Nord-est,L949,ITH,ITH3,ITH31,023096,57.362,45.362321,10.831201,32785,571.55
023097,Zevio,05,Veneto,023,Verona,VR,2,Nord-est,M172,ITH,ITH3,ITH31,023097,54.929,45.364115,11.115056,15937,290.14
023098,Zimella,05,Veneto,023,Verona,VR,2,Nord-est,M178,ITH,ITH3,ITH31,023098,20.343,45.355398,11.33986,4881,239.94
024001,Agugliaro,05,Veneto,024,Vicenza,VI,2,Nord-est,A093,ITH,ITH3,ITH32,024001,14.965,45.322223,11.58468,1406,93.95
024002,Albettone,05,Veneto,024,Vicenza,VI,2,Nord-est,A154,ITH,ITH3,ITH32,024002,20.362,45.358401,11.595219,1959,96.21
024003,Alonte,05,Veneto,024,Vicenza,VI,2,Nord-est,A220,ITH,ITH3,ITH32,024003,11.439,45.359354,11.433386,1558,136.2
024004,Altavilla Vicentina,05,Veneto,024,Vicenza,VI,2,Nord-est,A231,ITH,ITH3,ITH32,024004,16.557,45.503546,11.475599,11760,710.27
024005,Altissimo,05,Veneto,024,Vicenza,VI,2,Nord-est,A236,ITH,ITH3,ITH32,024005,15.232,45.625024,11.242015,2157,141.61
024006,Arcugnano,05,Veneto,024,Vicenza,VI,2,Nord-est,A377,ITH,ITH3,ITH32,024006,41.58,45.478908,11.538217,7595,182.66
024007,Arsiero,05,Veneto,024,Vicenza,VI,2,Nord-est,A444,ITH,ITH3,ITH32,024007,41.551,45.845365,11.304021,3065,73.76
024008,Arzignano,05,Veneto,024,Vicenza,VI,2,Nord-est,A459,ITH,ITH3,ITH32,024008,34.15,45.530023,11.343509,25894,758.24
024009,Asiago,05,Veneto,024,Vicenza,VI,2,Nord-est,A465,ITH,ITH3,ITH32,024009,162.204,45.913991,11.50206,6203,38.24
024010,Asigliano Veneto,05,Veneto,024,Vicenza,VI,2,Nord-est,A467,ITH,ITH3,ITH32,024010,8.164,45.310068,11.454716,841,103.01
024124,Barbarano Mossano,05,Veneto,024,Vicenza,VI,2,Nord-est,M401,ITH,ITH3,ITH32,024124,33.44,45.408091,11.575105,6188,185.05
024012,Bassano del Grappa,05,Veneto,024,Vicenza,VI,2,Nord-est,A703,ITH,ITH3,ITH32,024012,46.92,45.773048,11.719349,42279,901.09
024013,Bolzano Vicentino,05,Veneto,024,Vicenza,VI,2,Nord-est,A954,ITH,ITH3,ITH32,024013,19.735,45.594924,11.620453,6505,329.62
024014,Breganze,05,Veneto,024,Vicenza,VI,2,Nord-est,B132,ITH,ITH3,ITH32,024014,21.561,45.702046,11.578215,8304,385.14
024015,Brendola,05,Veneto,024,Vicenza,VI,2,Nord-est,B143,ITH,ITH3,ITH32,024015,25.225,45.461787,11.45355,6609,262.0
024016,Bressanvido,05,Veneto,024,Vicenza,VI,2,Nord-est,B161,ITH,ITH3,ITH32,024016,8.547,45.637889,11.634673,3083,360.71
024017,Brogliano,05,Veneto,024,Vicenza,VI,2,Nord-est,B196,ITH,ITH3,ITH32,024017,12.209,45.589888,11.331005,4011,328.53
024018,Caldogno,05,Veneto,024,Vicenza,VI,2,Nord-est,B403,ITH,ITH3,ITH32,024018,16.114,45.611691,11.510957,11304,701.5
024019,Caltrano,05,Veneto,024,Vicenza,VI,2,Nord-est,B433,ITH,ITH3,ITH32,024019,22.512,45.791903,11.47614,2544,113.01
024020,Calvene,05,Veneto,024,Vicenza,VI,2,Nord-est,B441,ITH,ITH3,ITH32,024020,11.618,45.786559,11.513876,1270,109.31
024021,Camisano Vicentino,05,Veneto,024,Vicenza,VI,2,Nord-est,B485,ITH,ITH3,ITH32,024021,29.55,45.526521,11.715297,11085,375.13
024022,Campiglia dei Berici,05,Veneto,024,Vicenza,VI,2,Nord-est,B511,ITH,ITH3,ITH32,024022,11.083,45.333328,11.543912,1669,150.59
024024,Carrè,05,Veneto,024,Vicenza,VI,2,Nord-est,B835,ITH,ITH3,ITH32,024024,8.549,45.742686,11.462633,3446,403.09
024025,Cartigliano,05,Veneto,024,Vicenza,VI,2,Nord-est,B844,ITH,ITH3,ITH32,024025,7.444,45.706557,11.696181,3637,488.58
024026,Cassola,05,Veneto,024,Vicenza,VI,2,Nord-est,C037,ITH,ITH3,ITH32,024026,12.745,45.748829,11.765386,15415,1209.49
024027,Castegnero,05,Veneto,024,Vicenza,VI,2,Nord-est,C056,ITH,ITH3,ITH32,024027,11.271,45.436297,11.608498,2801,248.51
024028,Castelgomberto,05,Veneto,024,Vicenza,VI,2,Nord-est,C119,ITH,ITH3,ITH32,024028,17.253,45.588121,11.402735,6145,356.17
024029,Chiampo,05,Veneto,024,Vicenza,VI,2,Nord-est,C605,ITH,ITH3,ITH32,024029,22.697,45.548954,11.278655,12566,553.64
024030,Chiuppano,05,Veneto,024,Vicenza,VI,2,Nord-est,C650,ITH,ITH3,ITH32,024030,4.696,45.760088,11.473288,2560,545.14
024032,Cogollo del Cengio,05,Veneto,024,Vicenza,VI,2,Nord-est,C824,ITH,ITH3,ITH32,024032,36.523,45.811487,11.412156,3127,85.62
024126,Colceresa,05,Veneto,024,Vicenza,VI,2,Nord-est,M426,ITH,ITH3,ITH32,024126,19.282,45.720303,11.614426,5957,308.94
024034,Cornedo Vicentino,05,Veneto,024,Vicenza,VI,2,Nord-est,D020,ITH,ITH3,ITH32,024034,23.583,45.617958,11.357459,11740,497.82
024035,Costabissara,05,Veneto,024,Vicenza,VI,2,Nord-est,D107,ITH,ITH3,ITH32,024035,13.287,45.591006,11.486251,7648,575.6
024036,Creazzo,05,Veneto,024,Vicenza,VI,2,Nord-est,D136,ITH,ITH3,ITH32,024036,10.657,45.535751,11.471834,11219,1052.74
024037,Crespadoro,05,Veneto,024,Vicenza,VI,2,Nord-est,D156,ITH,ITH3,ITH32,024037,30.287,45.651094,11.190283,1257,41.5
024038,Dueville,05,Veneto,024,Vicenza,VI,2,Nord-est,D379,ITH,ITH3,ITH32,024038,19.73,45.625831,11.559796,13578,688.19
024039,Enego,05,Veneto,024,Vicenza,VI,2,Nord-est,D407,ITH,ITH3,ITH32,024039,52.751,45.928987,11.682745,1497,28.38
024040,Fara Vicentino,05,Veneto,024,Vicenza,VI,2,Nord-est,D496,ITH,ITH3,ITH32,024040,15.371,45.734245,11.579955,3715,241.69
024041,Foza,05,Veneto,024,Vicenza,VI,2,Nord-est,D750,ITH,ITH3,ITH32,024041,35.135,45.904309,11.631283,674,19.18
024042,Gallio,05,Veneto,024,Vicenza,VI,2,Nord-est,D882,ITH,ITH3,ITH32,024042,48.288,45.906876,11.560148,2354,48.75
024043,Gambellara,05,Veneto,024,Vicenza,VI,2,Nord-est,D897,ITH,ITH3,ITH32,024043,12.801,45.450406,11.341161,3454,269.82
024046,Grisignano di Zocco,05,Veneto,024,Vicenza,VI,2,Nord-est,E184,ITH,ITH3,ITH32,024046,17.7,45.480304,11.702189,4319,244.01
024047,Grumolo delle Abbadesse,05,Veneto,024,Vicenza,VI,2,Nord-est,E226,ITH,ITH3,ITH32,024047,15.079,45.511101,11.664502,3900,258.64
024048,Isola Vicentina,05,Veneto,024,Vicenza,VI,2,Nord-est,E354,ITH,ITH3,ITH32,024048,26.632,45.619366,11.446235,10290,386.38
024049,Laghi,05,Veneto,024,Vicenza,VI,2,Nord-est,E403,ITH,ITH3,ITH32,024049,22.271,45.838649,11.247098,135,6.06
024050,Lastebasse,05,Veneto,024,Vicenza,VI,2,Nord-est,E465,ITH,ITH3,ITH32,024050,18.55,45.89718,11.291094,174,9.38
024051,Longare,05,Veneto,024,Vicenza,VI,2,Nord-est,E671,ITH,ITH3,ITH32,024051,22.914,45.47125,11.59935,5531,241.38
024052,Lonigo,05,Veneto,024,Vicenza,VI,2,Nord-est,E682,ITH,ITH3,ITH32,024052,48.8,45.387406,11.392248,16058,329.06
024053,Lugo di Vicenza,05,Veneto,024,Vicenza,VI,2,Nord-est,E731,ITH,ITH3,ITH32,024053,14.819,45.775184,11.53438,3510,236.86
024127,Lusiana Conco,05,Veneto,024,Vicenza,VI,2,Nord-est,M427,ITH,ITH3,ITH32,024127,61.183,45.804986,11.596091,4567,74.64
024055,Malo,05,Veneto,024,Vicenza,VI,2,Nord-est,E864,ITH,ITH3,ITH32,024055,30.397,45.649977,11.431173,14706,483.8
024056,Marano Vicentino,05,Veneto,024,Vicenza,VI,2,Nord-est,E912,ITH,ITH3,ITH32,024056,12.753,45.697212,11.433116,9211,722.26
024057,Marostica,05,Veneto,024,Vicenza,VI,2,Nord-est,E970,ITH,ITH3,ITH32,024057,36.247,45.747567,11.66133,14121,389.58
024063,Monte di Malo,05,Veneto,024,Vicenza,VI,2,Nord-est,F486,ITH,ITH3,ITH32,024063,24.033,45.647013,11.368081,2836,118.0
024060,Montebello Vicentino,05,Veneto,024,Vicenza,VI,2,Nord-est,F442,ITH,ITH3,ITH32,024060,21.463,45.458013,11.385914,6317,294.32
024061,Montecchio Maggiore,05,Veneto,024,Vicenza,VI,2,Nord-est,F464,ITH,ITH3,ITH32,024061,30.467,45.521075,11.401221,24063,789.81
024062,Montecchio Precalcino,05,Veneto,024,Vicenza,VI,2,Nord-est,F465,ITH,ITH3,ITH32,024062,14.476,45.670084,11.540461,4869,336.35
024064,Montegalda,05,Veneto,024,Vicenza,VI,2,Nord-est,F514,ITH,ITH3,ITH32,024064,17.036,45.456584,11.670256,3324,195.12
024065,Montegaldella,05,Veneto,024,Vicenza,VI,2,Nord-est,F515,ITH,ITH3,ITH32,024065,13.336,45.435985,11.657795,1765,132.35
024066,Monteviale,05,Veneto,024,Vicenza,VI,2,Nord-est,F662,ITH,ITH3,ITH32,024066,8.178,45.561129,11.467365,2786,340.67
024067,Monticello Conte Otto,05,Veneto,024,Vicenza,VI,2,Nord-est,F675,ITH,ITH3,ITH32,024067,10.138,45.603816,11.581602,9094,897.02
024068,Montorso Vicentino,05,Veneto,024,Vicenza,VI,2,Nord-est,F696,ITH,ITH3,ITH32,024068,9.408,45.492032,11.35495,3001,318.98
024070,Mussolente,05,Veneto,024,Vicenza,VI,2,Nord-est,F829,ITH,ITH3,ITH32,024070,15.313,45.769026,11.809407,7535,492.07
024071,Nanto,05,Veneto,024,Vicenza,VI,2,Nord-est,F838,ITH,ITH3,ITH32,024071,14.459,45.42598,11.58921,3052,211.08
024072,Nogarole Vicentino,05,Veneto,024,Vicenza,VI,2,Nord-est,F922,ITH,ITH3,ITH32,024072,8.983,45.574734,11.287468,1263,140.6
024073,Nove,05,Veneto,024,Vicenza,VI,2,Nord-est,F957,ITH,ITH3,ITH32,024073,8.294,45.715457,11.674068,4854,585.24
024074,Noventa Vicentina,05,Veneto,024,Vicenza,VI,2,Nord-est,F964,ITH,ITH3,ITH32,024074,22.965,45.286643,11.553426,9286,404.35
024075,Orgiano,05,Veneto,024,Vicenza,VI,2,Nord-est,G095,ITH,ITH3,ITH32,024075,18.03,45.346914,11.468805,2976,165.06
024076,Pedemonte,05,Veneto,024,Vicenza,VI,2,Nord-est,G406,ITH,ITH3,ITH32,024076,12.595,45.913912,11.309862,677,53.75
024077,Pianezze,05,Veneto,024,Vicenza,VI,2,Nord-est,G560,ITH,ITH3,ITH32,024077,5.002,45.732866,11.638712,2225,444.82
024078,Piovene Rocchette,05,Veneto,024,Vicenza,VI,2,Nord-est,G694,ITH,ITH3,ITH32,024078,12.811,45.752966,11.426758,8327,649.99
024079,Pojana Maggiore,05,Veneto,024,Vicenza,VI,2,Nord-est,G776,ITH,ITH3,ITH32,024079,28.384,45.292505,11.491741,4249,149.7
024080,Posina,05,Veneto,024,Vicenza,VI,2,Nord-est,G931,ITH,ITH3,ITH32,024080,43.821,45.798112,11.25662,582,13.28
024081,Pove del Grappa,05,Veneto,024,Vicenza,VI,2,Nord-est,G943,ITH,ITH3,ITH32,024081,9.825,45.830041,11.734634,3133,318.88
024082,Pozzoleone,05,Veneto,024,Vicenza,VI,2,Nord-est,G957,ITH,ITH3,ITH32,024082,11.196,45.670794,11.678023,2752,245.8
024083,Quinto Vicentino,05,Veneto,024,Vicenza,VI,2,Nord-est,H134,ITH,ITH3,ITH32,024083,17.309,45.570206,11.641372,5836,337.17
024084,Recoaro Terme,05,Veneto,024,Vicenza,VI,2,Nord-est,H214,ITH,ITH3,ITH32,024084,60.174,45.691875,11.216362,5767,95.84
024085,Roana,05,Veneto,024,Vicenza,VI,2,Nord-est,H361,ITH,ITH3,ITH32,024085,77.941,45.883298,11.448527,4154,53.3
024086,Romano d'Ezzelino,05,Veneto,024,Vicenza,VI,2,Nord-est,H512,ITH,ITH3,ITH32,024086,21.534,45.795141,11.757173,14002,650.23
024088,Rossano Veneto,05,Veneto,024,Vicenza,VI,2,Nord-est,H580,ITH,ITH3,ITH32,024088,10.607,45.703075,11.804535,8296,782.13
024087,Rosà,05,Veneto,024,Vicenza,VI,2,Nord-est,H556,ITH,ITH3,ITH32,024087,24.261,45.715378,11.750848,14653,603.97
024089,Rotzo,05,Veneto,024,Vicenza,VI,2,Nord-est,H594,ITH,ITH3,ITH32,024089,28.446,45.901219,11.391194,644,22.64
024090,Salcedo,05,Veneto,024,Vicenza,VI,2,Nord-est,F810,ITH,ITH3,ITH32,024090,6.142,45.758529,11.570175,989,161.02
024094,San Pietro Mussolino,05,Veneto,024,Vicenza,VI,2,Nord-est,I117,ITH,ITH3,ITH32,024094,4.036,45.587186,11.254861,1504,372.65
024096,San Vito di Leguzzano,05,Veneto,024,Vicenza,VI,2,Nord-est,I401,ITH,ITH3,ITH32,024096,6.035,45.682979,11.377286,3502,580.28
024091,Sandrigo,05,Veneto,024,Vicenza,VI,2,Nord-est,H829,ITH,ITH3,ITH32,024091,28.063,45.652087,11.602275,8226,293.13
024095,Santorso,05,Veneto,024,Vicenza,VI,2,Nord-est,I353,ITH,ITH3,ITH32,024095,13.381,45.742261,11.392357,5633,420.97
024097,Sarcedo,05,Veneto,024,Vicenza,VI,2,Nord-est,I425,ITH,ITH3,ITH32,024097,13.909,45.68893,11.530811,5299,380.98
024098,Sarego,05,Veneto,024,Vicenza,VI,2,Nord-est,I430,ITH,ITH3,ITH32,024098,24.106,45.425402,11.414626,6868,284.91
024099,Schiavon,05,Veneto,024,Vicenza,VI,2,Nord-est,I527,ITH,ITH3,ITH32,024099,12.017,45.686629,11.645107,2601,216.44
024100,Schio,05,Veneto,024,Vicenza,VI,2,Nord-est,I531,ITH,ITH3,ITH32,024100,65.799,45.723071,11.357456,38989,592.55
024101,Solagna,05,Veneto,024,Vicenza,VI,2,Nord-est,I783,ITH,ITH3,ITH32,024101,15.767,45.840762,11.722589,1830,116.07
024102,Sossano,05,Veneto,024,Vicenza,VI,2,Nord-est,I867,ITH,ITH3,ITH32,024102,20.461,45.349553,11.513278,4136,202.14
024128,Sovizzo,05,Veneto,024,Vicenza,VI,2,Nord-est,M436,ITH,ITH3,ITH32,024128,24.043,45.556261,11.431953,8213,341.6
024104,Tezze sul Brenta,05,Veneto,024,Vicenza,VI,2,Nord-est,L156,ITH,ITH3,ITH32,024104,18.038,45.685231,11.740878,12999,720.65
024105,Thiene,05,Veneto,024,Vicenza,VI,2,Nord-est,L157,ITH,ITH3,ITH32,024105,19.503,45.687116,11.485609,24330,1247.5
024106,Tonezza del Cimone,05,Veneto,024,Vicenza,VI,2,Nord-est,D717,ITH,ITH3,ITH32,024106,13.933,45.849285,11.343628,511,36.68
024107,Torrebelvicino,05,Veneto,024,Vicenza,VI,2,Nord-est,L248,ITH,ITH3,ITH32,024107,20.94,45.722575,11.29295,5860,279.85
024108,Torri di Quartesolo,05,Veneto,024,Vicenza,VI,2,Nord-est,L297,ITH,ITH3,ITH32,024108,18.86,45.524764,11.628778,11817,626.56
024110,Trissino,05,Veneto,024,Vicenza,VI,2,Nord-est,L433,ITH,ITH3,ITH32,024110,22.169,45.563625,11.354427,8651,390.23
024123,Val Liona,05,Veneto,024,Vicenza,VI,2,Nord-est,M384,ITH,ITH3,ITH32,024123,28.102,45.399214,11.466902,3072,109.32
024125,Valbrenta,05,Veneto,024,Vicenza,VI,2,Nord-est,M423,ITH,ITH3,ITH32,024125,93.364,45.884247,11.730056,4867,52.13
024111,Valdagno,05,Veneto,024,Vicenza,VI,2,Nord-est,L551,ITH,ITH3,ITH32,024111,50.068,45.641533,11.281661,25801,515.32
024112,Valdastico,05,Veneto,024,Vicenza,VI,2,Nord-est,L554,ITH,ITH3,ITH32,024112,23.772,45.882855,11.352763,1186,49.89
024113,Valli del Pasubio,05,Veneto,024,Vicenza,VI,2,Nord-est,L624,ITH,ITH3,ITH32,024113,48.874,45.751369,11.230798,3018,61.75
024115,Velo d'Astico,05,Veneto,024,Vicenza,VI,2,Nord-est,L723,ITH,ITH3,ITH32,024115,21.865,45.78505,11.359359,2224,101.72
024116,Vicenza,05,Veneto,024,Vicenza,VI,2,Nord-est,L840,ITH,ITH3,ITH32,024116,80.815,45.545876,11.555733,110741,1370.3
024117,Villaga,05,Veneto,024,Vicenza,VI,2,Nord-est,L952,ITH,ITH3,ITH32,024117,23.218,45.391007,11.523601,1924,82.87
024118,Villaverla,05,Veneto,024,Vicenza,VI,2,Nord-est,M032,ITH,ITH3,ITH32,024118,15.877,45.644941,11.500335,6006,378.28
024119,Zanè,05,Veneto,024,Vicenza,VI,2,Nord-est,M145,ITH,ITH3,ITH32,024119,7.715,45.72197,11.448015,6498,842.26
024120,Zermeghedo,05,Veneto,024,Vicenza,VI,2,Nord-est,M170,ITH,ITH3,ITH32,024120,2.958,45.476389,11.372661,1333,450.64
024121,Zovencedo,05,Veneto,024,Vicenza,VI,2,Nord-est,M194,ITH,ITH3,ITH32,024121,9.175,45.440997,11.495342,815,88.83
024122,Zugliano,05,Veneto,024,Vicenza,VI,2,Nord-est,M199,ITH,ITH3,ITH32,024122,13.601,45.731813,11.503137,6850,503.64
